starttime,milepost,speed
00:00:00,3.55,64.66
00:00:00,6.88,59.98
00:00:00,8.8,59.69
00:00:00,9.03,0.63
00:00:00,9.45,61.58
00:00:00,10.27,59.75
00:00:00,11.05,59.58
00:00:00,12.94,60.30
00:00:00,13.58,62.29
00:00:00,14.32,59.54
00:00:00,16.2,60.59
00:00:00,18.1,60.62
00:00:00,19.4,60.06
00:00:00,19.78,60.99
00:00:00,21.12,62.51
00:00:00,23.41,60.92
00:05:00,3.55,64.67
00:05:00,6.88,60.24
00:05:00,8.8,59.96
00:05:00,9.03,0.57
00:05:00,9.45,61.64
00:05:00,10.27,59.94
00:05:00,11.05,59.55
00:05:00,12.94,60.31
00:05:00,13.58,62.14
00:05:00,14.32,59.59
00:05:00,16.2,60.87
00:05:00,18.1,60.16
00:05:00,19.4,60.08
00:05:00,19.78,61.40
00:05:00,21.12,62.38
00:05:00,23.41,61.05
00:10:00,3.55,65.43
00:10:00,6.88,60.64
00:10:00,8.8,59.86
00:10:00,9.03,0.82
00:10:00,9.45,61.93
00:10:00,10.27,58.65
00:10:00,11.05,59.47
00:10:00,12.94,60.43
00:10:00,13.58,61.94
00:10:00,14.32,60.00
00:10:00,16.2,60.95
00:10:00,18.1,59.73
00:10:00,19.4,59.89
00:10:00,19.78,61.21
00:10:00,21.12,62.69
00:10:00,23.41,61.02
00:15:00,3.55,65.00
00:15:00,6.88,60.46
00:15:00,8.8,59.93
00:15:00,9.03,1.00
00:15:00,9.45,61.92
00:15:00,10.27,59.41
00:15:00,11.05,59.97
00:15:00,12.94,60.51
00:15:00,13.58,62.04
00:15:00,14.32,59.03
00:15:00,16.2,61.00
00:15:00,18.1,59.65
00:15:00,19.4,60.08
00:15:00,19.78,60.87
00:15:00,21.12,62.60
00:15:00,23.41,60.88
00:20:00,3.55,64.71
00:20:00,6.88,60.12
00:20:00,8.8,59.52
00:20:00,9.03,1.00
00:20:00,9.45,61.73
00:20:00,10.27,59.67
00:20:00,11.05,59.60
00:20:00,12.94,60.07
00:20:00,13.58,62.35
00:20:00,14.32,60.02
00:20:00,16.2,61.22
00:20:00,18.1,60.40
00:20:00,19.4,59.68
00:20:00,19.78,61.07
00:20:00,21.12,61.52
00:20:00,23.41,60.91
00:25:00,3.55,65.04
00:25:00,6.88,60.58
00:25:00,8.8,60.20
00:25:00,9.03,0.77
00:25:00,9.45,62.08
00:25:00,10.27,58.99
00:25:00,11.05,59.82
00:25:00,12.94,60.65
00:25:00,13.58,62.37
00:25:00,14.32,59.18
00:25:00,16.2,61.12
00:25:00,18.1,60.13
00:25:00,19.4,59.93
00:25:00,19.78,60.51
00:25:00,21.12,62.45
00:25:00,23.41,61.07
00:30:00,3.55,64.57
00:30:00,6.88,60.56
00:30:00,8.8,60.25
00:30:00,9.03,1.00
00:30:00,9.45,62.14
00:30:00,10.27,59.79
00:30:00,11.05,59.61
00:30:00,12.94,60.56
00:30:00,13.58,62.31
00:30:00,14.32,59.31
00:30:00,16.2,60.68
00:30:00,18.1,60.96
00:30:00,19.4,59.82
00:30:00,19.78,60.12
00:30:00,21.12,61.74
00:30:00,23.41,60.86
00:35:00,3.55,64.77
00:35:00,6.88,60.75
00:35:00,8.8,60.08
00:35:00,9.03,1.00
00:35:00,9.45,62.17
00:35:00,10.27,58.90
00:35:00,11.05,59.99
00:35:00,12.94,60.55
00:35:00,13.58,62.70
00:35:00,14.32,58.84
00:35:00,16.2,61.37
00:35:00,18.1,60.20
00:35:00,19.4,60.28
00:35:00,19.78,61.70
00:35:00,21.12,62.18
00:35:00,23.41,61.07
00:40:00,3.55,64.52
00:40:00,6.88,60.36
00:40:00,8.8,60.10
00:40:00,9.03,0.64
00:40:00,9.45,62.34
00:40:00,10.27,60.17
00:40:00,11.05,59.99
00:40:00,12.94,60.66
00:40:00,13.58,61.66
00:40:00,14.32,58.96
00:40:00,16.2,61.17
00:40:00,18.1,60.31
00:40:00,19.4,59.88
00:40:00,19.78,60.83
00:40:00,21.12,62.07
00:40:00,23.41,60.72
00:45:00,3.55,64.48
00:45:00,6.88,59.86
00:45:00,8.8,60.31
00:45:00,9.03,1.00
00:45:00,9.45,61.64
00:45:00,10.27,60.11
00:45:00,11.05,60.45
00:45:00,12.94,60.75
00:45:00,13.58,62.36
00:45:00,14.32,58.93
00:45:00,16.2,60.94
00:45:00,18.1,60.37
00:45:00,19.4,59.81
00:45:00,19.78,60.53
00:45:00,21.12,62.54
00:45:00,23.41,61.01
00:50:00,3.55,64.15
00:50:00,6.88,60.92
00:50:00,8.8,59.80
00:50:00,9.03,0.91
00:50:00,9.45,61.68
00:50:00,10.27,59.04
00:50:00,11.05,59.57
00:50:00,12.94,60.11
00:50:00,13.58,62.37
00:50:00,14.32,58.82
00:50:00,16.2,61.65
00:50:00,18.1,60.56
00:50:00,19.4,59.77
00:50:00,19.78,61.04
00:50:00,21.12,61.82
00:50:00,23.41,60.65
00:55:00,3.55,64.27
00:55:00,6.88,59.70
00:55:00,8.8,60.13
00:55:00,9.03,0.92
00:55:00,9.45,62.24
00:55:00,10.27,60.37
00:55:00,11.05,59.60
00:55:00,12.94,60.03
00:55:00,13.58,61.94
00:55:00,14.32,58.28
00:55:00,16.2,60.93
00:55:00,18.1,61.14
00:55:00,19.4,60.40
00:55:00,19.78,61.32
00:55:00,21.12,62.01
00:55:00,23.41,60.75
01:00:00,3.55,63.60
01:00:00,6.88,59.77
01:00:00,8.8,60.26
01:00:00,9.03,0.67
01:00:00,9.45,61.79
01:00:00,10.27,59.83
01:00:00,11.05,59.49
01:00:00,12.94,59.83
01:00:00,13.58,62.09
01:00:00,14.32,58.06
01:00:00,16.2,60.43
01:00:00,18.1,59.90
01:00:00,19.4,60.16
01:00:00,19.78,61.44
01:00:00,21.12,62.03
01:00:00,23.41,60.46
01:05:00,3.55,64.63
01:05:00,6.88,60.03
01:05:00,8.8,59.89
01:05:00,9.03,0.43
01:05:00,9.45,62.47
01:05:00,10.27,58.86
01:05:00,11.05,59.54
01:05:00,12.94,60.38
01:05:00,13.58,62.74
01:05:00,14.32,58.75
01:05:00,16.2,61.27
01:05:00,18.1,60.98
01:05:00,19.4,59.84
01:05:00,19.78,60.41
01:05:00,21.12,61.98
01:05:00,23.41,60.73
01:10:00,3.55,64.43
01:10:00,6.88,60.25
01:10:00,8.8,60.14
01:10:00,9.03,1.00
01:10:00,9.45,62.46
01:10:00,10.27,60.19
01:10:00,11.05,59.77
01:10:00,12.94,60.63
01:10:00,13.58,62.26
01:10:00,14.32,58.17
01:10:00,16.2,60.90
01:10:00,18.1,59.73
01:10:00,19.4,59.51
01:10:00,19.78,60.69
01:10:00,21.12,62.46
01:10:00,23.41,60.74
01:15:00,3.55,64.29
01:15:00,6.88,60.20
01:15:00,8.8,59.32
01:15:00,9.03,0.60
01:15:00,9.45,61.86
01:15:00,10.27,58.35
01:15:00,11.05,60.20
01:15:00,12.94,60.49
01:15:00,13.58,62.83
01:15:00,14.32,58.08
01:15:00,16.2,61.01
01:15:00,18.1,60.55
01:15:00,19.4,59.90
01:15:00,19.78,60.48
01:15:00,21.12,61.68
01:15:00,23.41,61.23
01:20:00,3.55,65.02
01:20:00,6.88,59.66
01:20:00,8.8,60.33
01:20:00,9.45,61.79
01:20:00,10.27,59.05
01:20:00,11.05,59.79
01:20:00,12.94,61.09
01:20:00,13.58,62.76
01:20:00,14.32,58.79
01:20:00,16.2,61.37
01:20:00,18.1,60.75
01:20:00,19.4,59.94
01:20:00,19.78,60.87
01:20:00,21.12,62.64
01:20:00,23.41,60.62
01:25:00,3.55,64.07
01:25:00,6.88,59.95
01:25:00,8.8,60.16
01:25:00,9.03,0.75
01:25:00,9.45,62.00
01:25:00,10.27,58.60
01:25:00,11.05,59.90
01:25:00,12.94,60.14
01:25:00,13.58,62.55
01:25:00,14.32,58.67
01:25:00,16.2,61.06
01:25:00,18.1,61.02
01:25:00,19.4,59.66
01:25:00,19.78,60.81
01:25:00,21.12,62.52
01:25:00,23.41,61.38
01:30:00,3.55,64.20
01:30:00,6.88,59.78
01:30:00,8.8,59.71
01:30:00,9.03,1.00
01:30:00,9.45,61.89
01:30:00,10.27,59.43
01:30:00,11.05,60.07
01:30:00,12.94,60.47
01:30:00,13.58,61.69
01:30:00,14.32,57.42
01:30:00,16.2,60.79
01:30:00,18.1,59.98
01:30:00,19.4,59.62
01:30:00,19.78,60.65
01:30:00,21.12,62.81
01:30:00,23.41,60.68
01:35:00,3.55,64.01
01:35:00,6.88,60.09
01:35:00,8.8,59.91
01:35:00,9.03,1.00
01:35:00,9.45,61.16
01:35:00,10.27,59.20
01:35:00,11.05,59.55
01:35:00,12.94,60.49
01:35:00,13.58,61.79
01:35:00,14.32,58.55
01:35:00,16.2,60.67
01:35:00,18.1,60.43
01:35:00,19.4,60.08
01:35:00,19.78,60.71
01:35:00,21.12,62.70
01:35:00,23.41,61.22
01:40:00,3.55,64.44
01:40:00,6.88,60.80
01:40:00,8.8,59.81
01:40:00,9.03,1.00
01:40:00,9.45,61.71
01:40:00,10.27,58.80
01:40:00,11.05,59.27
01:40:00,12.94,60.13
01:40:00,13.58,61.15
01:40:00,14.32,58.92
01:40:00,16.2,61.54
01:40:00,18.1,60.72
01:40:00,19.4,59.98
01:40:00,19.78,61.68
01:40:00,21.12,62.36
01:40:00,23.41,60.86
01:45:00,3.55,63.75
01:45:00,6.88,59.64
01:45:00,8.8,60.24
01:45:00,9.03,1.00
01:45:00,9.45,62.11
01:45:00,10.27,59.05
01:45:00,11.05,59.58
01:45:00,12.94,60.09
01:45:00,13.58,62.62
01:45:00,14.32,58.95
01:45:00,16.2,60.92
01:45:00,18.1,60.15
01:45:00,19.4,60.35
01:45:00,19.78,61.24
01:45:00,21.12,62.20
01:45:00,23.41,61.37
01:50:00,3.55,63.00
01:50:00,6.88,59.53
01:50:00,8.8,59.04
01:50:00,9.03,1.00
01:50:00,9.45,61.50
01:50:00,10.27,58.49
01:50:00,11.05,59.09
01:50:00,12.94,60.45
01:50:00,13.58,61.63
01:50:00,14.32,57.85
01:50:00,16.2,61.55
01:50:00,18.1,60.14
01:50:00,19.4,59.84
01:50:00,19.78,61.96
01:50:00,21.12,61.35
01:50:00,23.41,60.43
01:55:00,3.55,63.38
01:55:00,6.88,60.14
01:55:00,8.8,59.85
01:55:00,9.03,0.17
01:55:00,9.45,61.43
01:55:00,10.27,59.38
01:55:00,11.05,58.82
01:55:00,12.94,60.23
01:55:00,13.58,62.59
01:55:00,14.32,59.01
01:55:00,16.2,61.36
01:55:00,18.1,60.19
01:55:00,19.4,59.43
01:55:00,19.78,61.02
01:55:00,21.12,62.42
01:55:00,23.41,60.55
02:00:00,3.55,63.38
02:00:00,6.88,59.88
02:00:00,8.8,59.32
02:00:00,9.03,0.55
02:00:00,9.45,60.87
02:00:00,10.27,58.49
02:00:00,11.05,58.99
02:00:00,12.94,60.41
02:00:00,13.58,62.42
02:00:00,14.32,58.14
02:00:00,16.2,60.88
02:00:00,18.1,60.66
02:00:00,19.4,59.57
02:00:00,19.78,60.88
02:00:00,21.12,62.68
02:00:00,23.41,61.07
02:05:00,3.55,64.36
02:05:00,6.88,59.67
02:05:00,8.8,60.03
02:05:00,9.03,0.82
02:05:00,9.45,60.87
02:05:00,10.27,57.99
02:05:00,11.05,58.30
02:05:00,12.94,59.91
02:05:00,13.58,61.86
02:05:00,14.32,58.27
02:05:00,16.2,61.65
02:05:00,18.1,60.22
02:05:00,19.4,59.93
02:05:00,19.78,60.69
02:05:00,21.12,62.86
02:05:00,23.41,61.22
02:10:00,3.55,65.31
02:10:00,6.88,59.51
02:10:00,8.8,58.93
02:10:00,9.03,1.00
02:10:00,9.45,61.83
02:10:00,10.27,59.32
02:10:00,11.05,59.13
02:10:00,12.94,60.29
02:10:00,13.58,62.63
02:10:00,14.32,58.59
02:10:00,16.2,61.22
02:10:00,18.1,60.12
02:10:00,19.4,60.22
02:10:00,19.78,60.93
02:10:00,21.12,61.81
02:10:00,23.41,61.97
02:15:00,3.55,63.96
02:15:00,6.88,60.18
02:15:00,8.8,59.80
02:15:00,9.03,1.00
02:15:00,9.45,61.82
02:15:00,10.27,59.96
02:15:00,11.05,59.00
02:15:00,12.94,59.68
02:15:00,13.58,62.26
02:15:00,14.32,58.29
02:15:00,16.2,60.99
02:15:00,18.1,60.91
02:15:00,19.4,60.75
02:15:00,19.78,61.20
02:15:00,21.12,62.85
02:15:00,23.41,61.29
02:20:00,3.55,64.05
02:20:00,6.88,60.94
02:20:00,8.8,59.97
02:20:00,9.03,1.00
02:20:00,9.45,61.84
02:20:00,10.27,58.40
02:20:00,11.05,59.73
02:20:00,12.94,60.22
02:20:00,13.58,63.48
02:20:00,14.32,58.83
02:20:00,16.2,60.63
02:20:00,18.1,61.02
02:20:00,19.4,60.21
02:20:00,19.78,62.10
02:20:00,21.12,62.87
02:20:00,23.41,61.42
02:25:00,3.55,64.08
02:25:00,6.88,60.77
02:25:00,8.8,59.39
02:25:00,9.45,62.09
02:25:00,10.27,59.81
02:25:00,11.05,60.15
02:25:00,12.94,60.82
02:25:00,13.58,62.24
02:25:00,14.32,58.23
02:25:00,16.2,60.59
02:25:00,18.1,60.68
02:25:00,19.4,60.17
02:25:00,19.78,61.10
02:25:00,21.12,62.52
02:25:00,23.41,61.47
02:30:00,3.55,64.32
02:30:00,6.88,60.27
02:30:00,8.8,60.29
02:30:00,9.03,1.00
02:30:00,9.45,62.08
02:30:00,10.27,58.87
02:30:00,11.05,59.19
02:30:00,12.94,60.01
02:30:00,13.58,61.32
02:30:00,14.32,58.59
02:30:00,16.2,61.27
02:30:00,18.1,60.68
02:30:00,19.4,60.27
02:30:00,19.78,61.55
02:30:00,21.12,62.98
02:30:00,23.41,61.35
02:35:00,3.55,65.35
02:35:00,6.88,59.68
02:35:00,8.8,59.58
02:35:00,9.03,1.00
02:35:00,9.45,61.85
02:35:00,10.27,57.73
02:35:00,11.05,59.08
02:35:00,12.94,60.37
02:35:00,13.58,62.61
02:35:00,14.32,58.34
02:35:00,16.2,60.87
02:35:00,18.1,61.11
02:35:00,19.4,59.93
02:35:00,19.78,61.92
02:35:00,21.12,63.06
02:35:00,23.41,61.05
02:40:00,3.55,66.06
02:40:00,6.88,60.65
02:40:00,8.8,59.73
02:40:00,9.03,1.00
02:40:00,9.45,61.69
02:40:00,10.27,59.69
02:40:00,11.05,59.64
02:40:00,12.94,60.80
02:40:00,13.58,61.90
02:40:00,14.32,58.61
02:40:00,16.2,61.39
02:40:00,18.1,59.91
02:40:00,19.4,60.08
02:40:00,19.78,61.93
02:40:00,21.12,62.96
02:40:00,23.41,61.95
02:45:00,3.55,63.69
02:45:00,6.88,59.81
02:45:00,8.8,60.08
02:45:00,9.03,0.78
02:45:00,9.45,62.68
02:45:00,10.27,59.75
02:45:00,11.05,60.46
02:45:00,12.94,61.16
02:45:00,13.58,61.10
02:45:00,14.32,59.37
02:45:00,16.2,60.56
02:45:00,18.1,62.00
02:45:00,19.4,60.45
02:45:00,19.78,61.70
02:45:00,21.12,63.05
02:45:00,23.41,61.53
02:50:00,3.55,64.65
02:50:00,6.88,60.46
02:50:00,8.8,59.46
02:50:00,9.45,61.43
02:50:00,10.27,59.00
02:50:00,11.05,60.08
02:50:00,12.94,61.11
02:50:00,13.58,62.16
02:50:00,14.32,59.59
02:50:00,16.2,61.22
02:50:00,18.1,62.22
02:50:00,19.4,60.74
02:50:00,19.78,61.49
02:50:00,21.12,63.83
02:50:00,23.41,60.88
02:55:00,3.55,64.40
02:55:00,6.88,59.64
02:55:00,8.8,60.10
02:55:00,9.03,0.75
02:55:00,9.45,62.88
02:55:00,10.27,59.83
02:55:00,11.05,60.38
02:55:00,12.94,59.97
02:55:00,13.58,61.70
02:55:00,14.32,57.88
02:55:00,16.2,60.73
02:55:00,18.1,61.36
02:55:00,19.4,60.38
02:55:00,19.78,63.01
02:55:00,21.12,63.11
02:55:00,23.41,61.57
03:00:00,3.55,64.33
03:00:00,6.88,60.17
03:00:00,8.8,59.59
03:00:00,9.03,1.00
03:00:00,9.45,61.78
03:00:00,10.27,58.85
03:00:00,11.05,60.07
03:00:00,12.94,61.07
03:00:00,13.58,62.32
03:00:00,14.32,57.61
03:00:00,16.2,60.98
03:00:00,18.1,61.17
03:00:00,19.4,60.10
03:00:00,19.78,60.89
03:00:00,21.12,62.39
03:00:00,23.41,61.47
03:05:00,3.55,64.34
03:05:00,6.88,60.27
03:05:00,8.8,60.20
03:05:00,9.03,1.00
03:05:00,9.45,61.48
03:05:00,10.27,58.90
03:05:00,11.05,59.75
03:05:00,12.94,60.27
03:05:00,13.58,61.84
03:05:00,14.32,58.72
03:05:00,16.2,61.38
03:05:00,18.1,60.64
03:05:00,19.4,60.19
03:05:00,19.78,61.87
03:05:00,21.12,63.70
03:05:00,23.41,61.67
03:10:00,3.55,64.26
03:10:00,6.88,60.49
03:10:00,8.8,60.35
03:10:00,9.45,62.41
03:10:00,10.27,62.07
03:10:00,11.05,59.24
03:10:00,12.94,61.00
03:10:00,13.58,61.76
03:10:00,14.32,58.52
03:10:00,16.2,61.82
03:10:00,18.1,61.86
03:10:00,19.4,60.25
03:10:00,19.78,62.09
03:10:00,21.12,62.79
03:10:00,23.41,61.05
03:15:00,3.55,64.75
03:15:00,6.88,59.51
03:15:00,8.8,60.47
03:15:00,9.03,0.50
03:15:00,9.45,62.74
03:15:00,10.27,58.90
03:15:00,11.05,60.49
03:15:00,12.94,61.51
03:15:00,13.58,63.04
03:15:00,14.32,58.52
03:15:00,16.2,61.24
03:15:00,18.1,61.32
03:15:00,19.4,61.29
03:15:00,19.78,62.65
03:15:00,21.12,63.33
03:15:00,23.41,62.15
03:20:00,3.55,64.90
03:20:00,6.88,60.56
03:20:00,8.8,60.31
03:20:00,9.03,0.60
03:20:00,9.45,62.23
03:20:00,10.27,60.27
03:20:00,11.05,60.68
03:20:00,12.94,61.46
03:20:00,13.58,63.58
03:20:00,14.32,59.39
03:20:00,16.2,62.30
03:20:00,18.1,61.21
03:20:00,19.4,61.10
03:20:00,19.78,63.12
03:20:00,21.12,63.29
03:20:00,23.41,61.49
03:25:00,3.55,63.88
03:25:00,6.88,60.13
03:25:00,8.8,60.41
03:25:00,9.03,0.80
03:25:00,9.45,61.85
03:25:00,10.27,59.91
03:25:00,11.05,60.39
03:25:00,12.94,61.09
03:25:00,13.58,63.07
03:25:00,14.32,59.08
03:25:00,16.2,62.72
03:25:00,18.1,62.27
03:25:00,19.4,61.16
03:25:00,19.78,62.17
03:25:00,21.12,62.85
03:25:00,23.41,61.49
03:30:00,3.55,65.28
03:30:00,6.88,61.80
03:30:00,8.8,59.86
03:30:00,9.03,1.00
03:30:00,9.45,62.27
03:30:00,10.27,58.79
03:30:00,11.05,60.48
03:30:00,12.94,61.65
03:30:00,13.58,63.12
03:30:00,14.32,59.16
03:30:00,16.2,61.57
03:30:00,18.1,61.97
03:30:00,19.4,61.10
03:30:00,19.78,62.47
03:30:00,21.12,63.38
03:30:00,23.41,61.45
03:35:00,3.55,64.81
03:35:00,6.88,61.22
03:35:00,8.8,60.42
03:35:00,9.03,1.00
03:35:00,9.45,62.31
03:35:00,10.27,59.73
03:35:00,11.05,60.52
03:35:00,12.94,61.17
03:35:00,13.58,62.51
03:35:00,14.32,59.52
03:35:00,16.2,61.84
03:35:00,18.1,62.60
03:35:00,19.4,61.42
03:35:00,19.78,62.55
03:35:00,21.12,64.09
03:35:00,23.41,61.94
03:40:00,3.55,64.20
03:40:00,6.88,61.31
03:40:00,8.8,60.68
03:40:00,9.03,1.00
03:40:00,9.45,62.92
03:40:00,10.27,59.82
03:40:00,11.05,60.66
03:40:00,12.94,60.84
03:40:00,13.58,62.38
03:40:00,14.32,58.69
03:40:00,16.2,61.28
03:40:00,18.1,61.02
03:40:00,19.4,61.04
03:40:00,19.78,61.72
03:40:00,21.12,63.47
03:40:00,23.41,61.83
03:45:00,3.55,63.43
03:45:00,6.88,59.58
03:45:00,8.8,60.27
03:45:00,9.03,0.75
03:45:00,9.45,62.93
03:45:00,10.27,60.72
03:45:00,11.05,61.07
03:45:00,12.94,61.77
03:45:00,13.58,63.13
03:45:00,14.32,59.62
03:45:00,16.2,62.08
03:45:00,18.1,61.13
03:45:00,19.4,60.98
03:45:00,19.78,62.04
03:45:00,21.12,63.78
03:45:00,23.41,61.46
03:50:00,3.55,64.68
03:50:00,6.88,60.27
03:50:00,8.8,60.53
03:50:00,9.03,0.75
03:50:00,9.45,62.33
03:50:00,10.27,58.96
03:50:00,11.05,60.09
03:50:00,12.94,61.14
03:50:00,13.58,62.39
03:50:00,14.32,59.68
03:50:00,16.2,62.09
03:50:00,18.1,61.40
03:50:00,19.4,61.55
03:50:00,19.78,62.48
03:50:00,21.12,63.95
03:50:00,23.41,61.98
03:55:00,3.55,65.19
03:55:00,6.88,61.77
03:55:00,8.8,59.68
03:55:00,9.03,0.50
03:55:00,9.45,62.53
03:55:00,10.27,59.75
03:55:00,11.05,60.77
03:55:00,12.94,61.46
03:55:00,13.58,63.70
03:55:00,14.32,59.45
03:55:00,16.2,61.67
03:55:00,18.1,61.98
03:55:00,19.4,61.89
03:55:00,19.78,62.24
03:55:00,21.12,64.46
03:55:00,23.41,62.32
04:00:00,3.55,64.61
04:00:00,6.88,60.77
04:00:00,8.8,60.76
04:00:00,9.03,1.00
04:00:00,9.45,63.24
04:00:00,10.27,59.76
04:00:00,11.05,60.35
04:00:00,12.94,61.11
04:00:00,13.58,63.33
04:00:00,14.32,59.84
04:00:00,16.2,61.98
04:00:00,18.1,62.32
04:00:00,19.4,61.06
04:00:00,19.78,62.57
04:00:00,21.12,63.49
04:00:00,23.41,61.85
04:05:00,3.55,64.25
04:05:00,6.88,60.96
04:05:00,8.8,60.06
04:05:00,9.03,1.00
04:05:00,9.45,62.40
04:05:00,10.27,60.06
04:05:00,11.05,60.40
04:05:00,12.94,60.99
04:05:00,13.58,63.14
04:05:00,14.32,60.04
04:05:00,16.2,61.50
04:05:00,18.1,61.04
04:05:00,19.4,60.72
04:05:00,19.78,62.43
04:05:00,21.12,63.48
04:05:00,23.41,61.39
04:10:00,3.55,65.34
04:10:00,6.88,61.33
04:10:00,8.8,59.79
04:10:00,9.03,0.75
04:10:00,9.45,62.00
04:10:00,10.27,58.60
04:10:00,11.05,60.98
04:10:00,12.94,61.49
04:10:00,13.58,62.88
04:10:00,14.32,59.65
04:10:00,16.2,61.72
04:10:00,18.1,62.65
04:10:00,19.4,61.17
04:10:00,19.78,61.79
04:10:00,21.12,63.59
04:10:00,23.41,61.42
04:15:00,3.55,64.74
04:15:00,6.88,61.26
04:15:00,8.8,60.68
04:15:00,9.03,1.00
04:15:00,9.45,63.00
04:15:00,10.27,59.01
04:15:00,11.05,60.28
04:15:00,12.94,61.42
04:15:00,13.58,63.46
04:15:00,14.32,60.27
04:15:00,16.2,61.85
04:15:00,18.1,61.12
04:15:00,19.4,61.57
04:15:00,19.78,63.06
04:15:00,21.12,63.80
04:15:00,23.41,62.35
04:20:00,3.55,65.92
04:20:00,6.88,61.45
04:20:00,8.8,60.42
04:20:00,9.03,1.00
04:20:00,9.45,63.22
04:20:00,10.27,60.87
04:20:00,11.05,60.60
04:20:00,12.94,61.48
04:20:00,13.58,62.01
04:20:00,14.32,60.34
04:20:00,16.2,61.91
04:20:00,18.1,61.97
04:20:00,19.4,61.53
04:20:00,19.78,63.11
04:20:00,21.12,64.03
04:20:00,23.41,61.93
04:25:00,3.55,65.59
04:25:00,6.88,61.74
04:25:00,8.8,61.01
04:25:00,9.03,0.67
04:25:00,9.45,63.10
04:25:00,10.27,60.61
04:25:00,11.05,60.90
04:25:00,12.94,61.72
04:25:00,13.58,63.59
04:25:00,14.32,60.31
04:25:00,16.2,62.01
04:25:00,18.1,62.06
04:25:00,19.4,61.62
04:25:00,19.78,62.72
04:25:00,21.12,63.62
04:25:00,23.41,62.27
04:30:00,3.55,65.62
04:30:00,6.88,62.32
04:30:00,8.8,60.98
04:30:00,9.03,0.67
04:30:00,9.45,62.90
04:30:00,10.27,60.12
04:30:00,11.05,61.32
04:30:00,12.94,62.26
04:30:00,13.58,63.59
04:30:00,14.32,60.66
04:30:00,16.2,61.82
04:30:00,18.1,62.06
04:30:00,19.4,61.72
04:30:00,19.78,62.40
04:30:00,21.12,64.00
04:30:00,23.41,61.65
04:35:00,3.55,65.80
04:35:00,6.88,62.27
04:35:00,8.8,60.74
04:35:00,9.03,0.50
04:35:00,9.45,62.92
04:35:00,10.27,60.05
04:35:00,11.05,60.70
04:35:00,12.94,62.03
04:35:00,13.58,64.43
04:35:00,14.32,60.93
04:35:00,16.2,62.28
04:35:00,18.1,61.42
04:35:00,19.4,61.03
04:35:00,19.78,63.06
04:35:00,21.12,63.84
04:35:00,23.41,62.80
04:40:00,3.55,66.49
04:40:00,6.88,62.49
04:40:00,8.8,61.68
04:40:00,9.03,0.80
04:40:00,9.45,63.65
04:40:00,10.27,60.82
04:40:00,11.05,61.15
04:40:00,12.94,62.28
04:40:00,13.58,62.90
04:40:00,14.32,61.03
04:40:00,16.2,62.14
04:40:00,18.1,62.09
04:40:00,19.4,61.63
04:40:00,19.78,62.72
04:40:00,21.12,64.20
04:40:00,23.41,62.61
04:45:00,3.55,65.84
04:45:00,6.88,62.10
04:45:00,8.8,62.12
04:45:00,9.03,0.71
04:45:00,9.45,64.28
04:45:00,10.27,61.07
04:45:00,11.05,61.98
04:45:00,12.94,62.24
04:45:00,13.58,64.26
04:45:00,14.32,61.05
04:45:00,16.2,62.25
04:45:00,18.1,61.52
04:45:00,19.4,62.02
04:45:00,19.78,63.32
04:45:00,21.12,64.56
04:45:00,23.41,62.62
04:50:00,3.55,65.97
04:50:00,6.88,62.34
04:50:00,8.8,61.67
04:50:00,9.03,1.00
04:50:00,9.45,63.97
04:50:00,10.27,60.57
04:50:00,11.05,61.83
04:50:00,12.94,62.89
04:50:00,13.58,64.14
04:50:00,14.32,61.09
04:50:00,16.2,63.11
04:50:00,18.1,63.09
04:50:00,19.4,61.93
04:50:00,19.78,62.87
04:50:00,21.12,64.44
04:50:00,23.41,62.23
04:55:00,3.55,66.11
04:55:00,6.88,61.63
04:55:00,8.8,61.09
04:55:00,9.03,0.83
04:55:00,9.45,62.39
04:55:00,10.27,58.73
04:55:00,11.05,61.91
04:55:00,12.94,62.17
04:55:00,13.58,64.13
04:55:00,14.32,60.97
04:55:00,16.2,62.90
04:55:00,18.1,61.93
04:55:00,19.4,62.27
04:55:00,19.78,63.13
04:55:00,21.12,63.66
04:55:00,23.41,63.33
05:00:00,3.55,66.06
05:00:00,6.88,61.71
05:00:00,8.8,61.17
05:00:00,9.03,0.67
05:00:00,9.45,63.10
05:00:00,10.27,60.46
05:00:00,11.05,60.60
05:00:00,12.94,61.78
05:00:00,13.58,63.65
05:00:00,14.32,60.39
05:00:00,16.2,62.84
05:00:00,18.1,62.36
05:00:00,19.4,62.08
05:00:00,19.78,63.00
05:00:00,21.12,64.49
05:00:00,23.41,62.77
05:05:00,3.55,66.08
05:05:00,6.88,61.22
05:05:00,8.8,60.68
05:05:00,9.03,1.00
05:05:00,9.45,62.61
05:05:00,10.27,61.01
05:05:00,11.05,61.18
05:05:00,12.94,62.16
05:05:00,13.58,63.89
05:05:00,14.32,60.71
05:05:00,16.2,61.82
05:05:00,18.1,62.52
05:05:00,19.4,61.74
05:05:00,19.78,63.24
05:05:00,21.12,64.24
05:05:00,23.41,62.74
05:10:00,3.55,65.80
05:10:00,6.88,62.39
05:10:00,8.8,61.19
05:10:00,9.03,0.88
05:10:00,9.45,63.17
05:10:00,10.27,60.51
05:10:00,11.05,61.38
05:10:00,12.94,62.09
05:10:00,13.58,63.36
05:10:00,14.32,61.20
05:10:00,16.2,62.42
05:10:00,18.1,62.56
05:10:00,19.4,62.00
05:10:00,19.78,63.01
05:10:00,21.12,64.24
05:10:00,23.41,62.77
05:15:00,3.55,66.09
05:15:00,6.88,62.39
05:15:00,8.8,61.88
05:15:00,9.03,1.00
05:15:00,9.45,63.90
05:15:00,10.27,60.81
05:15:00,11.05,61.89
05:15:00,12.94,62.90
05:15:00,13.58,64.40
05:15:00,14.32,61.63
05:15:00,16.2,62.64
05:15:00,18.1,62.06
05:15:00,19.4,62.33
05:15:00,19.78,62.87
05:15:00,21.12,64.47
05:15:00,23.41,62.56
05:20:00,3.55,66.28
05:20:00,6.88,62.40
05:20:00,8.8,61.13
05:20:00,9.03,1.00
05:20:00,9.45,62.99
05:20:00,10.27,60.85
05:20:00,11.05,61.35
05:20:00,12.94,62.64
05:20:00,13.58,63.83
05:20:00,14.32,61.00
05:20:00,16.2,62.71
05:20:00,18.1,62.60
05:20:00,19.4,62.17
05:20:00,19.78,62.99
05:20:00,21.12,64.45
05:20:00,23.41,63.04
05:25:00,3.55,66.38
05:25:00,6.88,61.87
05:25:00,8.8,61.50
05:25:00,9.03,1.00
05:25:00,9.45,63.43
05:25:00,10.27,61.44
05:25:00,11.05,61.64
05:25:00,12.94,62.55
05:25:00,13.58,64.12
05:25:00,14.32,61.58
05:25:00,16.2,62.60
05:25:00,18.1,62.69
05:25:00,19.4,62.47
05:25:00,19.78,63.21
05:25:00,21.12,64.62
05:25:00,23.41,62.87
05:30:00,3.55,66.62
05:30:00,6.88,62.08
05:30:00,8.8,61.70
05:30:00,9.03,1.00
05:30:00,9.45,63.31
05:30:00,10.27,60.42
05:30:00,11.05,61.97
05:30:00,12.94,62.41
05:30:00,13.58,64.64
05:30:00,14.32,61.97
05:30:00,16.2,63.37
05:30:00,18.1,62.26
05:30:00,19.4,62.26
05:30:00,19.78,63.32
05:30:00,21.12,64.83
05:30:00,23.41,63.23
05:35:00,3.55,66.86
05:35:00,6.88,62.68
05:35:00,8.8,62.21
05:35:00,9.03,1.00
05:35:00,9.45,63.88
05:35:00,10.27,61.71
05:35:00,11.05,61.89
05:35:00,12.94,62.64
05:35:00,13.58,64.11
05:35:00,14.32,62.01
05:35:00,16.2,62.74
05:35:00,18.1,62.85
05:35:00,19.4,62.58
05:35:00,19.78,63.43
05:35:00,21.12,64.41
05:35:00,23.41,63.53
05:40:00,3.55,66.34
05:40:00,6.88,62.51
05:40:00,8.8,61.85
05:40:00,9.03,1.00
05:40:00,9.45,64.23
05:40:00,10.27,61.73
05:40:00,11.05,61.96
05:40:00,12.94,62.47
05:40:00,13.58,64.43
05:40:00,14.32,61.77
05:40:00,16.2,63.43
05:40:00,18.1,62.14
05:40:00,19.4,62.78
05:40:00,19.78,63.51
05:40:00,21.12,65.03
05:40:00,23.41,63.67
05:45:00,3.55,66.88
05:45:00,6.88,62.98
05:45:00,8.8,61.70
05:45:00,9.03,1.00
05:45:00,9.45,64.05
05:45:00,10.27,60.88
05:45:00,11.05,62.32
05:45:00,12.94,62.95
05:45:00,13.58,64.21
05:45:00,14.32,62.45
05:45:00,16.2,63.49
05:45:00,18.1,62.69
05:45:00,19.4,63.11
05:45:00,19.78,63.33
05:45:00,21.12,65.75
05:45:00,23.41,63.42
05:50:00,3.55,66.76
05:50:00,6.88,62.83
05:50:00,8.8,61.75
05:50:00,9.03,0.93
05:50:00,9.45,63.97
05:50:00,10.27,61.40
05:50:00,11.05,62.03
05:50:00,12.94,62.76
05:50:00,13.58,64.37
05:50:00,14.32,62.08
05:50:00,16.2,62.74
05:50:00,18.1,63.05
05:50:00,19.4,63.07
05:50:00,19.78,63.90
05:50:00,21.12,65.38
05:50:00,23.41,63.11
05:55:00,3.55,66.59
05:55:00,6.88,63.62
05:55:00,8.8,61.73
05:55:00,9.03,0.92
05:55:00,9.45,63.82
05:55:00,10.27,61.02
05:55:00,11.05,62.12
05:55:00,12.94,62.62
05:55:00,13.58,64.45
05:55:00,14.32,62.10
05:55:00,16.2,63.69
05:55:00,18.1,62.58
05:55:00,19.4,62.64
05:55:00,19.78,63.63
05:55:00,21.12,65.55
05:55:00,23.41,63.37
06:00:00,3.55,66.94
06:00:00,6.88,62.89
06:00:00,8.8,61.86
06:00:00,9.03,1.00
06:00:00,9.45,64.17
06:00:00,10.27,61.93
06:00:00,11.05,62.01
06:00:00,12.94,62.72
06:00:00,13.58,64.43
06:00:00,14.32,61.89
06:00:00,16.2,63.42
06:00:00,18.1,63.06
06:00:00,19.4,62.59
06:00:00,19.78,63.73
06:00:00,21.12,65.15
06:00:00,23.41,63.51
06:05:00,3.55,66.71
06:05:00,6.88,63.06
06:05:00,8.8,62.18
06:05:00,9.03,1.00
06:05:00,9.45,63.87
06:05:00,10.27,61.84
06:05:00,11.05,62.12
06:05:00,12.94,63.03
06:05:00,13.58,64.29
06:05:00,14.32,62.30
06:05:00,16.2,63.25
06:05:00,18.1,62.53
06:05:00,19.4,62.54
06:05:00,19.78,63.37
06:05:00,21.12,64.94
06:05:00,23.41,62.82
06:10:00,3.55,67.09
06:10:00,6.88,62.96
06:10:00,8.8,62.10
06:10:00,9.03,1.00
06:10:00,9.45,64.26
06:10:00,10.27,61.68
06:10:00,11.05,62.03
06:10:00,12.94,62.72
06:10:00,13.58,63.25
06:10:00,14.32,62.07
06:10:00,16.2,62.93
06:10:00,18.1,62.60
06:10:00,19.4,62.29
06:10:00,19.78,63.28
06:10:00,21.12,64.72
06:10:00,23.41,63.28
06:15:00,3.55,66.43
06:15:00,6.88,63.32
06:15:00,8.8,62.14
06:15:00,9.03,1.00
06:15:00,9.45,64.14
06:15:00,10.27,62.12
06:15:00,11.05,62.03
06:15:00,12.94,62.45
06:15:00,13.58,63.99
06:15:00,14.32,62.14
06:15:00,16.2,62.79
06:15:00,18.1,62.23
06:15:00,19.4,62.42
06:15:00,19.78,63.34
06:15:00,21.12,64.45
06:15:00,23.41,63.26
06:20:00,3.55,66.35
06:20:00,6.88,62.30
06:20:00,8.8,61.33
06:20:00,9.03,1.00
06:20:00,9.45,64.37
06:20:00,10.27,61.66
06:20:00,11.05,61.69
06:20:00,12.94,62.46
06:20:00,13.58,64.12
06:20:00,14.32,61.93
06:20:00,16.2,63.06
06:20:00,18.1,62.10
06:20:00,19.4,62.54
06:20:00,19.78,62.96
06:20:00,21.12,64.78
06:20:00,23.41,63.06
06:25:00,3.55,67.05
06:25:00,6.88,61.97
06:25:00,8.8,62.03
06:25:00,9.03,1.00
06:25:00,9.45,64.02
06:25:00,10.27,61.32
06:25:00,11.05,61.75
06:25:00,12.94,62.44
06:25:00,13.58,63.39
06:25:00,14.32,62.59
06:25:00,16.2,63.37
06:25:00,18.1,62.23
06:25:00,19.4,62.57
06:25:00,19.78,62.84
06:25:00,21.12,64.44
06:25:00,23.41,63.10
06:30:00,3.55,66.27
06:30:00,6.88,62.69
06:30:00,8.8,61.87
06:30:00,9.03,1.00
06:30:00,9.45,63.83
06:30:00,10.27,62.05
06:30:00,11.05,62.00
06:30:00,12.94,63.02
06:30:00,13.58,64.00
06:30:00,14.32,61.76
06:30:00,16.2,63.27
06:30:00,18.1,62.02
06:30:00,19.4,62.17
06:30:00,19.78,63.08
06:30:00,21.12,64.68
06:30:00,23.41,62.87
06:35:00,3.55,66.40
06:35:00,6.88,62.36
06:35:00,8.8,61.68
06:35:00,9.03,0.78
06:35:00,9.45,63.82
06:35:00,10.27,62.16
06:35:00,11.05,62.10
06:35:00,12.94,62.79
06:35:00,13.58,64.27
06:35:00,14.32,62.71
06:35:00,16.2,63.44
06:35:00,18.1,62.21
06:35:00,19.4,62.35
06:35:00,19.78,63.14
06:35:00,21.12,64.66
06:35:00,23.41,62.74
06:40:00,3.55,66.61
06:40:00,6.88,63.19
06:40:00,8.8,62.11
06:40:00,9.03,1.00
06:40:00,9.45,63.94
06:40:00,10.27,61.41
06:40:00,11.05,61.89
06:40:00,12.94,62.82
06:40:00,13.58,64.21
06:40:00,14.32,63.08
06:40:00,16.2,63.60
06:40:00,18.1,62.29
06:40:00,19.4,62.44
06:40:00,19.78,63.09
06:40:00,21.12,64.69
06:40:00,23.41,62.93
06:45:00,3.55,66.51
06:45:00,6.88,63.03
06:45:00,8.8,61.81
06:45:00,9.03,1.00
06:45:00,9.45,64.24
06:45:00,10.27,61.50
06:45:00,11.05,62.40
06:45:00,12.94,62.94
06:45:00,13.58,64.33
06:45:00,14.32,62.79
06:45:00,16.2,63.70
06:45:00,18.1,62.47
06:45:00,19.4,62.91
06:45:00,19.78,63.30
06:45:00,21.12,65.32
06:45:00,23.41,63.35
06:50:00,3.55,66.82
06:50:00,6.88,63.01
06:50:00,8.8,61.79
06:50:00,9.03,1.00
06:50:00,9.45,64.29
06:50:00,10.27,61.95
06:50:00,11.05,62.64
06:50:00,12.94,62.78
06:50:00,13.58,63.80
06:50:00,14.32,62.82
06:50:00,16.2,63.71
06:50:00,18.1,62.85
06:50:00,19.4,62.91
06:50:00,19.78,63.07
06:50:00,21.12,65.39
06:50:00,23.41,63.67
06:55:00,3.55,66.93
06:55:00,6.88,62.82
06:55:00,8.8,61.88
06:55:00,9.03,0.80
06:55:00,9.45,64.25
06:55:00,10.27,61.50
06:55:00,11.05,62.59
06:55:00,12.94,62.86
06:55:00,13.58,64.43
06:55:00,14.32,62.30
06:55:00,16.2,63.45
06:55:00,18.1,62.51
06:55:00,19.4,62.86
06:55:00,19.78,63.41
06:55:00,21.12,65.30
06:55:00,23.41,63.62
07:00:00,3.55,66.61
07:00:00,6.88,63.40
07:00:00,8.8,62.02
07:00:00,9.03,0.93
07:00:00,9.45,64.24
07:00:00,10.27,61.74
07:00:00,11.05,62.33
07:00:00,12.94,62.84
07:00:00,13.58,64.46
07:00:00,14.32,62.46
07:00:00,16.2,63.54
07:00:00,18.1,61.74
07:00:00,19.4,62.44
07:00:00,19.78,63.20
07:00:00,21.12,64.83
07:00:00,23.41,63.21
07:05:00,3.55,66.72
07:05:00,6.88,62.95
07:05:00,8.8,61.88
07:05:00,9.03,1.00
07:05:00,9.45,63.72
07:05:00,10.27,61.49
07:05:00,11.05,62.18
07:05:00,12.94,62.63
07:05:00,13.58,64.00
07:05:00,14.32,62.44
07:05:00,16.2,63.42
07:05:00,18.1,62.21
07:05:00,19.4,62.47
07:05:00,19.78,63.14
07:05:00,21.12,64.58
07:05:00,23.41,62.93
07:10:00,3.55,66.78
07:10:00,6.88,63.40
07:10:00,8.8,61.59
07:10:00,9.03,0.94
07:10:00,9.45,63.91
07:10:00,10.27,61.40
07:10:00,11.05,62.18
07:10:00,12.94,62.77
07:10:00,13.58,64.25
07:10:00,14.32,62.68
07:10:00,16.2,63.28
07:10:00,18.1,62.54
07:10:00,19.4,62.68
07:10:00,19.78,62.87
07:10:00,21.12,64.63
07:10:00,23.41,63.19
07:15:00,3.55,66.71
07:15:00,6.88,62.78
07:15:00,8.8,61.61
07:15:00,9.03,0.90
07:15:00,9.45,63.92
07:15:00,10.27,61.89
07:15:00,11.05,62.12
07:15:00,12.94,62.39
07:15:00,13.58,64.96
07:15:00,14.32,62.57
07:15:00,16.2,63.56
07:15:00,18.1,61.99
07:15:00,19.4,62.48
07:15:00,19.78,63.06
07:15:00,21.12,64.98
07:15:00,23.41,62.81
07:20:00,3.55,66.68
07:20:00,6.88,63.27
07:20:00,8.8,61.79
07:20:00,9.03,0.95
07:20:00,9.45,64.01
07:20:00,10.27,61.63
07:20:00,11.05,62.11
07:20:00,12.94,62.60
07:20:00,13.58,63.79
07:20:00,14.32,62.84
07:20:00,16.2,63.41
07:20:00,18.1,61.82
07:20:00,19.4,62.36
07:20:00,19.78,63.00
07:20:00,21.12,65.16
07:20:00,23.41,62.94
07:25:00,3.55,66.64
07:25:00,6.88,63.26
07:25:00,8.8,61.53
07:25:00,9.03,0.93
07:25:00,9.45,63.94
07:25:00,10.27,61.52
07:25:00,11.05,62.39
07:25:00,12.94,62.80
07:25:00,13.58,63.70
07:25:00,14.32,62.84
07:25:00,16.2,63.49
07:25:00,18.1,62.04
07:25:00,19.4,62.20
07:25:00,19.78,62.78
07:25:00,21.12,64.75
07:25:00,23.41,62.85
07:30:00,3.55,66.22
07:30:00,6.88,63.08
07:30:00,8.8,61.80
07:30:00,9.03,0.98
07:30:00,9.45,63.85
07:30:00,10.27,61.74
07:30:00,11.05,62.36
07:30:00,12.94,62.96
07:30:00,13.58,64.01
07:30:00,14.32,62.78
07:30:00,16.2,63.46
07:30:00,18.1,61.69
07:30:00,19.4,62.37
07:30:00,19.78,62.71
07:30:00,21.12,65.06
07:30:00,23.41,62.89
07:35:00,3.55,66.71
07:35:00,6.88,63.23
07:35:00,8.8,61.37
07:35:00,9.03,1.00
07:35:00,9.45,63.73
07:35:00,10.27,61.86
07:35:00,11.05,62.39
07:35:00,12.94,62.85
07:35:00,13.58,64.44
07:35:00,14.32,62.94
07:35:00,16.2,63.60
07:35:00,18.1,61.41
07:35:00,19.4,62.37
07:35:00,19.78,62.74
07:35:00,21.12,64.87
07:35:00,23.41,63.16
07:40:00,3.55,66.43
07:40:00,6.88,63.12
07:40:00,8.8,61.52
07:40:00,9.03,1.00
07:40:00,9.45,63.77
07:40:00,10.27,61.98
07:40:00,11.05,62.05
07:40:00,12.94,62.68
07:40:00,13.58,63.98
07:40:00,14.32,62.81
07:40:00,16.2,63.43
07:40:00,18.1,61.60
07:40:00,19.4,62.27
07:40:00,19.78,62.46
07:40:00,21.12,65.23
07:40:00,23.41,63.11
07:45:00,3.55,66.44
07:45:00,6.88,63.14
07:45:00,8.8,61.51
07:45:00,9.03,0.92
07:45:00,9.45,64.01
07:45:00,10.27,62.13
07:45:00,11.05,62.16
07:45:00,12.94,62.66
07:45:00,13.58,64.08
07:45:00,14.32,63.05
07:45:00,16.2,63.47
07:45:00,18.1,61.58
07:45:00,19.4,62.28
07:45:00,19.78,62.41
07:45:00,21.12,64.88
07:45:00,23.41,63.35
07:50:00,3.55,66.61
07:50:00,6.88,63.61
07:50:00,8.8,61.76
07:50:00,9.03,1.00
07:50:00,9.45,63.92
07:50:00,10.27,61.98
07:50:00,11.05,62.45
07:50:00,12.94,62.79
07:50:00,13.58,64.23
07:50:00,14.32,63.07
07:50:00,16.2,63.83
07:50:00,18.1,62.08
07:50:00,19.4,62.65
07:50:00,19.78,62.71
07:50:00,21.12,65.05
07:50:00,23.41,63.37
07:55:00,3.55,66.64
07:55:00,6.88,63.43
07:55:00,8.8,61.46
07:55:00,9.03,0.85
07:55:00,9.45,63.90
07:55:00,10.27,62.08
07:55:00,11.05,62.42
07:55:00,12.94,62.86
07:55:00,13.58,64.16
07:55:00,14.32,63.08
07:55:00,16.2,63.76
07:55:00,18.1,62.14
07:55:00,19.4,62.76
07:55:00,19.78,62.95
07:55:00,21.12,65.34
07:55:00,23.41,63.65
08:00:00,3.55,66.40
08:00:00,6.88,63.51
08:00:00,8.8,61.72
08:00:00,9.03,0.80
08:00:00,9.45,63.88
08:00:00,10.27,62.76
08:00:00,11.05,62.58
08:00:00,12.94,62.75
08:00:00,13.58,63.84
08:00:00,14.32,63.04
08:00:00,16.2,63.64
08:00:00,18.1,62.20
08:00:00,19.4,62.74
08:00:00,19.78,63.15
08:00:00,21.12,65.40
08:00:00,23.41,63.24
08:05:00,3.55,66.25
08:05:00,6.88,63.40
08:05:00,8.8,61.83
08:05:00,9.03,0.89
08:05:00,9.45,63.87
08:05:00,10.27,62.05
08:05:00,11.05,62.29
08:05:00,12.94,62.70
08:05:00,13.58,63.85
08:05:00,14.32,62.78
08:05:00,16.2,63.25
08:05:00,18.1,61.78
08:05:00,19.4,62.42
08:05:00,19.78,62.87
08:05:00,21.12,64.86
08:05:00,23.41,63.15
08:10:00,3.55,66.05
08:10:00,6.88,62.92
08:10:00,8.8,61.67
08:10:00,9.03,0.78
08:10:00,9.45,63.59
08:10:00,10.27,61.97
08:10:00,11.05,61.98
08:10:00,12.94,62.63
08:10:00,13.58,63.60
08:10:00,14.32,62.57
08:10:00,16.2,63.23
08:10:00,18.1,62.03
08:10:00,19.4,62.42
08:10:00,19.78,62.69
08:10:00,21.12,64.85
08:10:00,23.41,63.00
08:15:00,3.55,66.33
08:15:00,6.88,63.05
08:15:00,8.8,61.26
08:15:00,9.03,0.98
08:15:00,9.45,63.31
08:15:00,10.27,61.15
08:15:00,11.05,61.78
08:15:00,12.94,62.46
08:15:00,13.58,63.87
08:15:00,14.32,62.67
08:15:00,16.2,63.42
08:15:00,18.1,61.27
08:15:00,19.4,62.33
08:15:00,19.78,62.62
08:15:00,21.12,64.92
08:15:00,23.41,63.07
08:20:00,3.55,66.44
08:20:00,6.88,63.04
08:20:00,8.8,61.34
08:20:00,9.03,0.92
08:20:00,9.45,63.56
08:20:00,10.27,61.67
08:20:00,11.05,61.89
08:20:00,12.94,62.29
08:20:00,13.58,64.19
08:20:00,14.32,62.83
08:20:00,16.2,63.08
08:20:00,18.1,61.38
08:20:00,19.4,62.24
08:20:00,19.78,62.44
08:20:00,21.12,64.85
08:20:00,23.41,63.15
08:25:00,3.55,66.01
08:25:00,6.88,63.57
08:25:00,8.8,61.42
08:25:00,9.03,0.78
08:25:00,9.45,63.45
08:25:00,10.27,61.69
08:25:00,11.05,62.06
08:25:00,12.94,62.55
08:25:00,13.58,63.59
08:25:00,14.32,62.91
08:25:00,16.2,63.09
08:25:00,18.1,61.01
08:25:00,19.4,62.06
08:25:00,19.78,62.26
08:25:00,21.12,64.75
08:25:00,23.41,63.30
08:30:00,3.55,66.21
08:30:00,6.88,63.13
08:30:00,8.8,61.02
08:30:00,9.03,0.78
08:30:00,9.45,63.30
08:30:00,10.27,61.18
08:30:00,11.05,62.05
08:30:00,12.94,62.53
08:30:00,13.58,63.77
08:30:00,14.32,62.81
08:30:00,16.2,63.13
08:30:00,18.1,61.13
08:30:00,19.4,61.78
08:30:00,19.78,61.87
08:30:00,21.12,64.57
08:30:00,23.41,63.00
08:35:00,3.55,66.08
08:35:00,6.88,63.22
08:35:00,8.8,60.99
08:35:00,9.03,0.94
08:35:00,9.45,63.22
08:35:00,10.27,61.35
08:35:00,11.05,61.69
08:35:00,12.94,62.15
08:35:00,13.58,63.61
08:35:00,14.32,62.73
08:35:00,16.2,63.01
08:35:00,18.1,61.07
08:35:00,19.4,61.85
08:35:00,19.78,61.73
08:35:00,21.12,64.45
08:35:00,23.41,62.79
08:40:00,3.55,65.80
08:40:00,6.88,62.68
08:40:00,8.8,60.84
08:40:00,9.03,0.98
08:40:00,9.45,63.17
08:40:00,10.27,61.38
08:40:00,11.05,61.78
08:40:00,12.94,62.22
08:40:00,13.58,62.87
08:40:00,14.32,62.53
08:40:00,16.2,62.89
08:40:00,18.1,60.52
08:40:00,19.4,61.76
08:40:00,19.78,61.62
08:40:00,21.12,64.68
08:40:00,23.41,63.06
08:45:00,3.55,65.91
08:45:00,6.88,62.57
08:45:00,8.8,60.69
08:45:00,9.03,0.86
08:45:00,9.45,62.87
08:45:00,10.27,61.15
08:45:00,11.05,61.54
08:45:00,12.94,62.04
08:45:00,13.58,63.48
08:45:00,14.32,62.62
08:45:00,16.2,62.99
08:45:00,18.1,60.81
08:45:00,19.4,61.94
08:45:00,19.78,61.52
08:45:00,21.12,64.85
08:45:00,23.41,63.30
08:50:00,3.55,66.15
08:50:00,6.88,62.53
08:50:00,8.8,60.49
08:50:00,9.03,0.95
08:50:00,9.45,63.15
08:50:00,10.27,61.25
08:50:00,11.05,61.80
08:50:00,12.94,62.46
08:50:00,13.58,63.45
08:50:00,14.32,62.99
08:50:00,16.2,63.16
08:50:00,18.1,60.97
08:50:00,19.4,62.07
08:50:00,19.78,61.84
08:50:00,21.12,64.89
08:50:00,23.41,63.20
08:55:00,3.55,65.76
08:55:00,6.88,63.34
08:55:00,8.8,60.81
08:55:00,9.03,0.85
08:55:00,9.45,63.24
08:55:00,10.27,61.21
08:55:00,11.05,61.88
08:55:00,12.94,62.27
08:55:00,13.58,63.77
08:55:00,14.32,63.16
08:55:00,16.2,63.50
08:55:00,18.1,61.50
08:55:00,19.4,62.20
08:55:00,19.78,61.95
08:55:00,21.12,64.72
08:55:00,23.41,63.38
09:00:00,3.55,65.85
09:00:00,6.88,62.87
09:00:00,8.8,60.63
09:00:00,9.03,0.94
09:00:00,9.45,63.10
09:00:00,10.27,61.31
09:00:00,11.05,61.76
09:00:00,12.94,62.22
09:00:00,13.58,63.38
09:00:00,14.32,62.97
09:00:00,16.2,63.07
09:00:00,18.1,61.17
09:00:00,19.4,62.12
09:00:00,19.78,61.98
09:00:00,21.12,64.89
09:00:00,23.41,62.99
09:05:00,3.55,65.89
09:05:00,6.88,62.82
09:05:00,8.8,61.09
09:05:00,9.03,1.00
09:05:00,9.45,62.98
09:05:00,10.27,60.95
09:05:00,11.05,61.63
09:05:00,12.94,62.13
09:05:00,13.58,63.70
09:05:00,14.32,62.66
09:05:00,16.2,63.03
09:05:00,18.1,60.96
09:05:00,19.4,61.79
09:05:00,19.78,61.53
09:05:00,21.12,64.46
09:05:00,23.41,63.05
09:10:00,3.55,65.87
09:10:00,6.88,62.92
09:10:00,8.8,60.66
09:10:00,9.03,0.87
09:10:00,9.45,62.73
09:10:00,10.27,60.79
09:10:00,11.05,61.34
09:10:00,12.94,61.92
09:10:00,13.58,63.12
09:10:00,14.32,62.48
09:10:00,16.2,62.68
09:10:00,18.1,61.17
09:10:00,19.4,62.00
09:10:00,19.78,61.93
09:10:00,21.12,64.55
09:10:00,23.41,62.59
09:15:00,3.55,65.36
09:15:00,6.88,62.62
09:15:00,8.8,60.53
09:15:00,9.03,0.82
09:15:00,9.45,62.77
09:15:00,10.27,60.53
09:15:00,11.05,61.38
09:15:00,12.94,61.82
09:15:00,13.58,62.89
09:15:00,14.32,62.52
09:15:00,16.2,62.73
09:15:00,18.1,60.69
09:15:00,19.4,61.71
09:15:00,19.78,61.28
09:15:00,21.12,64.49
09:15:00,23.41,62.68
09:20:00,3.55,65.75
09:20:00,6.88,62.37
09:20:00,8.8,60.23
09:20:00,9.03,0.88
09:20:00,9.45,62.63
09:20:00,10.27,60.87
09:20:00,11.05,61.27
09:20:00,12.94,61.92
09:20:00,13.58,63.71
09:20:00,14.32,62.45
09:20:00,16.2,62.82
09:20:00,18.1,60.27
09:20:00,19.4,61.51
09:20:00,19.78,60.95
09:20:00,21.12,64.44
09:20:00,23.41,62.58
09:25:00,3.55,65.38
09:25:00,6.88,62.40
09:25:00,8.8,60.32
09:25:00,9.03,0.92
09:25:00,9.45,62.40
09:25:00,10.27,60.06
09:25:00,11.05,61.08
09:25:00,12.94,61.55
09:25:00,13.58,63.04
09:25:00,14.32,62.43
09:25:00,16.2,62.47
09:25:00,18.1,60.53
09:25:00,19.4,61.52
09:25:00,19.78,61.09
09:25:00,21.12,64.27
09:25:00,23.41,62.52
09:30:00,3.55,65.30
09:30:00,6.88,62.43
09:30:00,8.8,60.04
09:30:00,9.03,0.84
09:30:00,9.45,62.27
09:30:00,10.27,60.44
09:30:00,11.05,60.88
09:30:00,12.94,61.53
09:30:00,13.58,62.73
09:30:00,14.32,62.29
09:30:00,16.2,62.43
09:30:00,18.1,59.98
09:30:00,19.4,61.38
09:30:00,19.78,60.91
09:30:00,21.12,64.42
09:30:00,23.41,62.34
09:35:00,3.55,65.19
09:35:00,6.88,62.26
09:35:00,8.8,60.00
09:35:00,9.03,0.92
09:35:00,9.45,62.38
09:35:00,10.27,60.58
09:35:00,11.05,60.98
09:35:00,12.94,61.23
09:35:00,13.58,62.77
09:35:00,14.32,62.32
09:35:00,16.2,62.46
09:35:00,18.1,60.04
09:35:00,19.4,61.21
09:35:00,19.78,60.56
09:35:00,21.12,64.39
09:35:00,23.41,62.35
09:40:00,3.55,65.09
09:40:00,6.88,62.30
09:40:00,8.8,59.88
09:40:00,9.03,0.92
09:40:00,9.45,62.27
09:40:00,10.27,60.57
09:40:00,11.05,60.72
09:40:00,12.94,61.40
09:40:00,13.58,62.39
09:40:00,14.32,62.27
09:40:00,16.2,62.32
09:40:00,18.1,59.59
09:40:00,19.4,60.83
09:40:00,19.78,60.32
09:40:00,21.12,64.23
09:40:00,23.41,62.23
09:45:00,3.55,64.99
09:45:00,6.88,62.00
09:45:00,8.8,59.90
09:45:00,9.03,0.81
09:45:00,9.45,62.07
09:45:00,10.27,60.72
09:45:00,11.05,60.73
09:45:00,12.94,61.29
09:45:00,13.58,62.71
09:45:00,14.32,62.17
09:45:00,16.2,62.32
09:45:00,18.1,59.84
09:45:00,19.4,61.00
09:45:00,19.78,60.33
09:45:00,21.12,64.32
09:45:00,23.41,62.04
09:50:00,3.55,65.01
09:50:00,6.88,62.31
09:50:00,8.8,59.86
09:50:00,9.03,0.91
09:50:00,9.45,62.10
09:50:00,10.27,60.54
09:50:00,11.05,60.76
09:50:00,12.94,61.55
09:50:00,13.58,62.64
09:50:00,14.32,62.41
09:50:00,16.2,62.53
09:50:00,18.1,59.93
09:50:00,19.4,61.08
09:50:00,19.78,60.38
09:50:00,21.12,64.36
09:50:00,23.41,62.14
09:55:00,3.55,65.15
09:55:00,6.88,62.54
09:55:00,8.8,60.01
09:55:00,9.03,0.78
09:55:00,9.45,62.06
09:55:00,10.27,60.89
09:55:00,11.05,60.74
09:55:00,12.94,61.35
09:55:00,13.58,62.77
09:55:00,14.32,62.63
09:55:00,16.2,62.67
09:55:00,18.1,59.86
09:55:00,19.4,61.52
09:55:00,19.78,60.83
09:55:00,21.12,64.76
09:55:00,23.41,62.23
10:00:00,3.55,65.17
10:00:00,6.88,62.32
10:00:00,8.8,59.91
10:00:00,9.03,0.81
10:00:00,9.45,62.28
10:00:00,10.27,60.89
10:00:00,11.05,60.83
10:00:00,12.94,61.55
10:00:00,13.58,62.68
10:00:00,14.32,62.24
10:00:00,16.2,62.70
10:00:00,18.1,60.39
10:00:00,19.4,61.44
10:00:00,19.78,61.28
10:00:00,21.12,64.70
10:00:00,23.41,62.52
10:05:00,3.55,64.92
10:05:00,6.88,62.27
10:05:00,8.8,59.91
10:05:00,9.03,0.88
10:05:00,9.45,62.24
10:05:00,10.27,60.21
10:05:00,11.05,60.79
10:05:00,12.94,61.39
10:05:00,13.58,62.63
10:05:00,14.32,62.30
10:05:00,16.2,62.57
10:05:00,18.1,60.13
10:05:00,19.4,61.41
10:05:00,19.78,61.22
10:05:00,21.12,64.44
10:05:00,23.41,62.26
10:10:00,3.55,64.92
10:10:00,6.88,62.33
10:10:00,8.8,60.13
10:10:00,9.03,0.84
10:10:00,9.45,62.25
10:10:00,10.27,60.93
10:10:00,11.05,60.78
10:10:00,12.94,61.34
10:10:00,13.58,62.36
10:10:00,14.32,62.23
10:10:00,16.2,62.28
10:10:00,18.1,60.13
10:10:00,19.4,61.52
10:10:00,19.78,61.15
10:10:00,21.12,64.09
10:10:00,23.41,62.02
10:15:00,3.55,64.71
10:15:00,6.88,62.34
10:15:00,8.8,59.68
10:15:00,9.03,0.78
10:15:00,9.45,61.98
10:15:00,10.27,60.55
10:15:00,11.05,60.72
10:15:00,12.94,61.27
10:15:00,13.58,62.84
10:15:00,14.32,62.13
10:15:00,16.2,62.51
10:15:00,18.1,59.86
10:15:00,19.4,61.19
10:15:00,19.78,60.89
10:15:00,21.12,64.02
10:15:00,23.41,61.92
10:20:00,3.55,64.74
10:20:00,6.88,61.83
10:20:00,8.8,59.55
10:20:00,9.03,0.89
10:20:00,9.45,61.86
10:20:00,10.27,60.27
10:20:00,11.05,60.85
10:20:00,12.94,61.13
10:20:00,13.58,62.69
10:20:00,14.32,62.31
10:20:00,16.2,62.19
10:20:00,18.1,59.93
10:20:00,19.4,61.05
10:20:00,19.78,60.26
10:20:00,21.12,64.44
10:20:00,23.41,61.97
10:25:00,3.55,64.90
10:25:00,6.88,61.98
10:25:00,8.8,59.48
10:25:00,9.03,0.80
10:25:00,9.45,61.75
10:25:00,10.27,60.50
10:25:00,11.05,60.65
10:25:00,12.94,61.23
10:25:00,13.58,62.53
10:25:00,14.32,62.33
10:25:00,16.2,62.32
10:25:00,18.1,59.70
10:25:00,19.4,61.00
10:25:00,19.78,60.41
10:25:00,21.12,64.20
10:25:00,23.41,61.78
10:30:00,3.55,64.94
10:30:00,6.88,62.09
10:30:00,8.8,59.41
10:30:00,9.03,1.00
10:30:00,9.45,61.72
10:30:00,10.27,60.65
10:30:00,11.05,60.42
10:30:00,12.94,61.21
10:30:00,13.58,62.67
10:30:00,14.32,62.17
10:30:00,16.2,62.40
10:30:00,18.1,60.06
10:30:00,19.4,61.03
10:30:00,19.78,60.31
10:30:00,21.12,63.97
10:30:00,23.41,61.54
10:35:00,3.55,64.46
10:35:00,6.88,61.64
10:35:00,8.8,59.36
10:35:00,9.03,0.90
10:35:00,9.45,61.41
10:35:00,10.27,60.52
10:35:00,11.05,60.04
10:35:00,12.94,60.99
10:35:00,13.58,62.61
10:35:00,14.32,62.12
10:35:00,16.2,62.16
10:35:00,18.1,59.91
10:35:00,19.4,61.08
10:35:00,19.78,60.33
10:35:00,21.12,64.21
10:35:00,23.41,61.62
10:40:00,3.55,64.21
10:40:00,6.88,61.60
10:40:00,8.8,59.08
10:40:00,9.03,0.84
10:40:00,9.45,61.31
10:40:00,10.27,60.63
10:40:00,11.05,59.73
10:40:00,12.94,60.82
10:40:00,13.58,62.18
10:40:00,14.32,61.79
10:40:00,16.2,61.88
10:40:00,18.1,59.80
10:40:00,19.4,60.95
10:40:00,19.78,60.11
10:40:00,21.12,63.96
10:40:00,23.41,61.61
10:45:00,3.55,64.68
10:45:00,6.88,61.55
10:45:00,8.8,59.00
10:45:00,9.03,1.00
10:45:00,9.45,61.45
10:45:00,10.27,60.17
10:45:00,11.05,59.82
10:45:00,12.94,60.97
10:45:00,13.58,62.21
10:45:00,14.32,62.03
10:45:00,16.2,62.01
10:45:00,18.1,59.60
10:45:00,19.4,60.65
10:45:00,19.78,59.69
10:45:00,21.12,63.87
10:45:00,23.41,61.17
10:50:00,3.55,64.58
10:50:00,6.88,61.52
10:50:00,8.8,58.63
10:50:00,9.03,0.84
10:50:00,9.45,61.27
10:50:00,10.27,59.96
10:50:00,11.05,59.47
10:50:00,12.94,61.15
10:50:00,13.58,62.39
10:50:00,14.32,61.92
10:50:00,16.2,62.00
10:50:00,18.1,59.63
10:50:00,19.4,60.96
10:50:00,19.78,60.04
10:50:00,21.12,64.38
10:50:00,23.41,61.46
10:55:00,3.55,64.53
10:55:00,6.88,61.78
10:55:00,8.8,59.33
10:55:00,9.03,0.86
10:55:00,9.45,61.68
10:55:00,10.27,59.73
10:55:00,11.05,59.58
10:55:00,12.94,61.18
10:55:00,13.58,62.38
10:55:00,14.32,62.04
10:55:00,16.2,62.14
10:55:00,18.1,59.74
10:55:00,19.4,61.17
10:55:00,19.78,59.93
10:55:00,21.12,64.27
10:55:00,23.41,61.66
11:00:00,3.55,64.64
11:00:00,6.88,62.11
11:00:00,8.8,59.21
11:00:00,9.03,1.00
11:00:00,9.45,61.59
11:00:00,10.27,59.15
11:00:00,11.05,59.62
11:00:00,12.94,61.28
11:00:00,13.58,62.73
11:00:00,14.32,62.10
11:00:00,16.2,62.36
11:00:00,18.1,59.87
11:00:00,19.4,61.21
11:00:00,19.78,60.26
11:00:00,21.12,64.33
11:00:00,23.41,61.55
11:05:00,3.55,64.41
11:05:00,6.88,61.78
11:05:00,8.8,59.27
11:05:00,9.03,1.00
11:05:00,9.45,61.54
11:05:00,10.27,58.92
11:05:00,11.05,59.39
11:05:00,12.94,61.22
11:05:00,13.58,63.02
11:05:00,14.32,62.35
11:05:00,16.2,62.36
11:05:00,18.1,59.66
11:05:00,19.4,61.31
11:05:00,19.78,60.61
11:05:00,21.12,64.04
11:05:00,23.41,61.61
11:10:00,3.55,64.54
11:10:00,6.88,61.84
11:10:00,8.8,58.87
11:10:00,9.03,1.00
11:10:00,9.45,61.53
11:10:00,10.27,58.89
11:10:00,11.05,59.43
11:10:00,12.94,61.18
11:10:00,13.58,62.12
11:10:00,14.32,62.31
11:10:00,16.2,62.14
11:10:00,18.1,59.47
11:10:00,19.4,61.04
11:10:00,19.78,60.35
11:10:00,21.12,64.08
11:10:00,23.41,61.39
11:15:00,3.55,64.52
11:15:00,6.88,62.03
11:15:00,8.8,58.96
11:15:00,9.03,0.76
11:15:00,9.45,61.28
11:15:00,10.27,58.25
11:15:00,11.05,59.40
11:15:00,12.94,60.95
11:15:00,13.58,62.46
11:15:00,14.32,62.11
11:15:00,16.2,61.72
11:15:00,18.1,59.65
11:15:00,19.4,60.95
11:15:00,19.78,60.00
11:15:00,21.12,64.10
11:15:00,23.41,61.49
11:20:00,3.55,64.30
11:20:00,6.88,61.92
11:20:00,8.8,58.89
11:20:00,9.03,0.88
11:20:00,9.45,60.99
11:20:00,10.27,58.78
11:20:00,11.05,59.55
11:20:00,12.94,60.89
11:20:00,13.58,62.23
11:20:00,14.32,61.91
11:20:00,16.2,61.92
11:20:00,18.1,59.18
11:20:00,19.4,60.85
11:20:00,19.78,59.95
11:20:00,21.12,63.62
11:20:00,23.41,61.10
11:25:00,3.55,64.45
11:25:00,6.88,61.70
11:25:00,8.8,58.72
11:25:00,9.03,0.92
11:25:00,9.45,61.02
11:25:00,10.27,58.84
11:25:00,11.05,58.75
11:25:00,12.94,60.67
11:25:00,13.58,62.41
11:25:00,14.32,62.12
11:25:00,16.2,61.99
11:25:00,18.1,59.27
11:25:00,19.4,60.65
11:25:00,19.78,59.71
11:25:00,21.12,63.97
11:25:00,23.41,61.12
11:30:00,3.55,64.24
11:30:00,6.88,61.69
11:30:00,8.8,58.85
11:30:00,9.03,1.00
11:30:00,9.45,61.51
11:30:00,10.27,59.21
11:30:00,11.05,58.89
11:30:00,12.94,60.59
11:30:00,13.58,62.48
11:30:00,14.32,62.04
11:30:00,16.2,61.92
11:30:00,18.1,59.26
11:30:00,19.4,60.66
11:30:00,19.78,59.63
11:30:00,21.12,64.18
11:30:00,23.41,61.28
11:35:00,3.55,64.49
11:35:00,6.88,61.67
11:35:00,8.8,58.77
11:35:00,9.03,0.86
11:35:00,9.45,61.23
11:35:00,10.27,59.49
11:35:00,11.05,59.55
11:35:00,12.94,60.71
11:35:00,13.58,62.26
11:35:00,14.32,62.02
11:35:00,16.2,61.87
11:35:00,18.1,59.18
11:35:00,19.4,60.55
11:35:00,19.78,59.57
11:35:00,21.12,63.79
11:35:00,23.41,61.26
11:40:00,3.55,64.25
11:40:00,6.88,61.62
11:40:00,8.8,58.53
11:40:00,9.03,1.00
11:40:00,9.45,61.03
11:40:00,10.27,60.01
11:40:00,11.05,59.55
11:40:00,12.94,60.78
11:40:00,13.58,62.50
11:40:00,14.32,61.88
11:40:00,16.2,61.77
11:40:00,18.1,59.29
11:40:00,19.4,60.78
11:40:00,19.78,59.85
11:40:00,21.12,63.85
11:40:00,23.41,61.14
11:45:00,3.55,64.19
11:45:00,6.88,61.60
11:45:00,8.8,58.62
11:45:00,9.03,0.90
11:45:00,9.45,61.09
11:45:00,10.27,60.19
11:45:00,11.05,59.46
11:45:00,12.94,60.86
11:45:00,13.58,62.52
11:45:00,14.32,61.92
11:45:00,16.2,61.78
11:45:00,18.1,59.29
11:45:00,19.4,60.76
11:45:00,19.78,59.71
11:45:00,21.12,64.04
11:45:00,23.41,61.40
11:50:00,3.55,64.40
11:50:00,6.88,61.87
11:50:00,8.8,58.65
11:50:00,9.03,0.98
11:50:00,9.45,61.15
11:50:00,10.27,60.27
11:50:00,11.05,60.00
11:50:00,12.94,60.62
11:50:00,13.58,62.44
11:50:00,14.32,62.26
11:50:00,16.2,61.85
11:50:00,18.1,59.37
11:50:00,19.4,60.72
11:50:00,19.78,59.74
11:50:00,21.12,63.88
11:50:00,23.41,61.48
11:55:00,3.55,64.33
11:55:00,6.88,61.82
11:55:00,8.8,58.81
11:55:00,9.03,0.97
11:55:00,9.45,61.26
11:55:00,10.27,60.19
11:55:00,11.05,60.05
11:55:00,12.94,60.80
11:55:00,13.58,62.45
11:55:00,14.32,62.21
11:55:00,16.2,61.92
11:55:00,18.1,58.83
11:55:00,19.4,60.52
11:55:00,19.78,59.46
11:55:00,21.12,63.72
11:55:00,23.41,61.09
12:00:00,3.55,64.03
12:00:00,6.88,61.93
12:00:00,8.8,58.52
12:00:00,9.03,0.87
12:00:00,9.45,61.21
12:00:00,10.27,60.19
12:00:00,11.05,60.13
12:00:00,12.94,61.09
12:00:00,13.58,62.29
12:00:00,14.32,62.10
12:00:00,16.2,62.12
12:00:00,18.1,58.56
12:00:00,19.4,60.48
12:00:00,19.78,59.84
12:00:00,21.12,63.95
12:00:00,23.41,61.34
12:05:00,3.55,64.22
12:05:00,6.88,61.73
12:05:00,8.8,58.61
12:05:00,9.03,0.83
12:05:00,9.45,61.17
12:05:00,10.27,59.57
12:05:00,11.05,60.31
12:05:00,12.94,60.95
12:05:00,13.58,62.53
12:05:00,14.32,62.07
12:05:00,16.2,61.69
12:05:00,18.1,58.79
12:05:00,19.4,60.75
12:05:00,19.78,59.94
12:05:00,21.12,63.87
12:05:00,23.41,61.26
12:10:00,3.55,64.08
12:10:00,6.88,61.71
12:10:00,8.8,58.48
12:10:00,9.03,0.97
12:10:00,9.45,61.05
12:10:00,10.27,60.11
12:10:00,11.05,60.26
12:10:00,12.94,60.96
12:10:00,13.58,62.32
12:10:00,14.32,61.84
12:10:00,16.2,61.82
12:10:00,18.1,58.49
12:10:00,19.4,60.62
12:10:00,19.78,59.63
12:10:00,21.12,64.02
12:10:00,23.41,61.16
12:15:00,3.55,64.07
12:15:00,6.88,61.64
12:15:00,8.8,58.67
12:15:00,9.03,0.78
12:15:00,9.45,61.52
12:15:00,10.27,60.04
12:15:00,11.05,60.26
12:15:00,12.94,60.99
12:15:00,13.58,62.31
12:15:00,14.32,61.85
12:15:00,16.2,61.85
12:15:00,18.1,58.98
12:15:00,19.4,60.33
12:15:00,19.78,59.28
12:15:00,21.12,63.51
12:15:00,23.41,61.06
12:20:00,3.55,64.05
12:20:00,6.88,61.63
12:20:00,8.8,57.86
12:20:00,9.03,0.80
12:20:00,9.45,60.98
12:20:00,10.27,59.99
12:20:00,11.05,60.39
12:20:00,12.94,61.09
12:20:00,13.58,62.52
12:20:00,14.32,62.01
12:20:00,16.2,61.65
12:20:00,18.1,59.53
12:20:00,19.4,60.71
12:20:00,19.78,59.79
12:20:00,21.12,63.81
12:20:00,23.41,60.90
12:25:00,3.55,64.11
12:25:00,6.88,61.57
12:25:00,8.8,57.41
12:25:00,9.03,0.79
12:25:00,9.45,61.04
12:25:00,10.27,60.35
12:25:00,11.05,60.34
12:25:00,12.94,60.93
12:25:00,13.58,61.84
12:25:00,14.32,61.90
12:25:00,16.2,61.87
12:25:00,18.1,59.13
12:25:00,19.4,60.81
12:25:00,19.78,59.47
12:25:00,21.12,63.73
12:25:00,23.41,61.09
12:30:00,3.55,64.29
12:30:00,6.88,61.63
12:30:00,8.8,57.81
12:30:00,9.03,1.00
12:30:00,9.45,61.05
12:30:00,10.27,60.38
12:30:00,11.05,60.43
12:30:00,12.94,60.97
12:30:00,13.58,62.20
12:30:00,14.32,62.05
12:30:00,16.2,61.79
12:30:00,18.1,59.33
12:30:00,19.4,60.64
12:30:00,19.78,59.59
12:30:00,21.12,63.72
12:30:00,23.41,61.10
12:35:00,3.55,63.88
12:35:00,6.88,61.27
12:35:00,8.8,58.49
12:35:00,9.03,0.82
12:35:00,9.45,60.93
12:35:00,10.27,60.35
12:35:00,11.05,60.40
12:35:00,12.94,60.86
12:35:00,13.58,62.30
12:35:00,14.32,61.88
12:35:00,16.2,61.52
12:35:00,18.1,58.76
12:35:00,19.4,60.51
12:35:00,19.78,59.28
12:35:00,21.12,63.52
12:35:00,23.41,61.12
12:40:00,3.55,63.11
12:40:00,6.88,61.62
12:40:00,8.8,58.01
12:40:00,9.03,0.99
12:40:00,9.45,60.77
12:40:00,10.27,60.06
12:40:00,11.05,60.14
12:40:00,12.94,60.74
12:40:00,13.58,62.42
12:40:00,14.32,62.13
12:40:00,16.2,61.62
12:40:00,18.1,58.57
12:40:00,19.4,60.12
12:40:00,19.78,58.84
12:40:00,21.12,63.80
12:40:00,23.41,60.97
12:45:00,3.55,62.98
12:45:00,6.88,60.86
12:45:00,8.8,57.47
12:45:00,9.03,0.89
12:45:00,9.45,61.11
12:45:00,10.27,60.30
12:45:00,11.05,60.45
12:45:00,12.94,60.86
12:45:00,13.58,62.08
12:45:00,14.32,61.97
12:45:00,16.2,61.38
12:45:00,18.1,58.93
12:45:00,19.4,59.66
12:45:00,19.78,58.39
12:45:00,21.12,63.64
12:45:00,23.41,60.72
12:50:00,3.55,63.64
12:50:00,6.88,60.43
12:50:00,8.8,57.71
12:50:00,9.03,0.83
12:50:00,9.45,61.06
12:50:00,10.27,60.20
12:50:00,11.05,60.25
12:50:00,12.94,61.04
12:50:00,13.58,62.14
12:50:00,14.32,62.16
12:50:00,16.2,61.82
12:50:00,18.1,58.32
12:50:00,19.4,59.27
12:50:00,19.78,58.43
12:50:00,21.12,63.64
12:50:00,23.41,60.83
12:55:00,3.55,63.48
12:55:00,6.88,60.96
12:55:00,8.8,57.90
12:55:00,9.03,1.00
12:55:00,9.45,61.18
12:55:00,10.27,59.92
12:55:00,11.05,60.44
12:55:00,12.94,60.80
12:55:00,13.58,62.68
12:55:00,14.32,61.92
12:55:00,16.2,61.50
12:55:00,18.1,58.77
12:55:00,19.4,60.11
12:55:00,19.78,58.84
12:55:00,21.12,63.77
12:55:00,23.41,60.55
13:00:00,3.55,63.45
13:00:00,6.88,60.88
13:00:00,8.8,57.94
13:00:00,9.03,1.00
13:00:00,9.45,61.10
13:00:00,10.27,60.00
13:00:00,11.05,60.28
13:00:00,12.94,60.79
13:00:00,13.58,62.26
13:00:00,14.32,61.92
13:00:00,16.2,61.45
13:00:00,18.1,58.52
13:00:00,19.4,60.32
13:00:00,19.78,58.97
13:00:00,21.12,63.80
13:00:00,23.41,60.86
13:05:00,3.55,63.74
13:05:00,6.88,61.78
13:05:00,8.8,58.06
13:05:00,9.03,0.91
13:05:00,9.45,61.06
13:05:00,10.27,60.07
13:05:00,11.05,60.23
13:05:00,12.94,60.82
13:05:00,13.58,62.46
13:05:00,14.32,61.67
13:05:00,16.2,61.25
13:05:00,18.1,58.34
13:05:00,19.4,60.23
13:05:00,19.78,59.19
13:05:00,21.12,63.54
13:05:00,23.41,60.99
13:10:00,3.55,63.73
13:10:00,6.88,61.34
13:10:00,8.8,57.93
13:10:00,9.03,1.00
13:10:00,9.45,61.15
13:10:00,10.27,59.87
13:10:00,11.05,60.35
13:10:00,12.94,60.71
13:10:00,13.58,61.85
13:10:00,14.32,61.84
13:10:00,16.2,61.68
13:10:00,18.1,58.50
13:10:00,19.4,60.43
13:10:00,19.78,58.77
13:10:00,21.12,63.81
13:10:00,23.41,60.66
13:15:00,3.55,63.60
13:15:00,6.88,60.78
13:15:00,8.8,57.87
13:15:00,9.03,1.00
13:15:00,9.45,61.12
13:15:00,10.27,60.22
13:15:00,11.05,60.26
13:15:00,12.94,60.70
13:15:00,13.58,62.11
13:15:00,14.32,61.93
13:15:00,16.2,61.38
13:15:00,18.1,59.22
13:15:00,19.4,59.76
13:15:00,19.78,58.49
13:15:00,21.12,63.70
13:15:00,23.41,60.51
13:20:00,3.55,63.09
13:20:00,6.88,60.87
13:20:00,8.8,57.97
13:20:00,9.03,0.80
13:20:00,9.45,60.86
13:20:00,10.27,59.87
13:20:00,11.05,60.36
13:20:00,12.94,60.73
13:20:00,13.58,62.39
13:20:00,14.32,61.68
13:20:00,16.2,61.31
13:20:00,18.1,59.02
13:20:00,19.4,59.70
13:20:00,19.78,58.20
13:20:00,21.12,63.71
13:20:00,23.41,60.55
13:25:00,3.55,62.89
13:25:00,6.88,61.41
13:25:00,8.8,58.15
13:25:00,9.03,0.94
13:25:00,9.45,61.40
13:25:00,10.27,60.46
13:25:00,11.05,60.30
13:25:00,12.94,60.80
13:25:00,13.58,62.28
13:25:00,14.32,61.78
13:25:00,16.2,61.46
13:25:00,18.1,58.68
13:25:00,19.4,59.47
13:25:00,19.78,58.07
13:25:00,21.12,63.93
13:25:00,23.41,60.61
13:30:00,3.55,62.62
13:30:00,6.88,60.63
13:30:00,8.8,58.35
13:30:00,9.03,1.00
13:30:00,9.45,61.14
13:30:00,10.27,60.46
13:30:00,11.05,60.72
13:30:00,12.94,60.85
13:30:00,13.58,62.44
13:30:00,14.32,61.86
13:30:00,16.2,61.31
13:30:00,18.1,58.93
13:30:00,19.4,59.70
13:30:00,19.78,58.58
13:30:00,21.12,63.95
13:30:00,23.41,60.76
13:35:00,3.55,62.46
13:35:00,6.88,60.84
13:35:00,8.8,57.91
13:35:00,9.03,0.96
13:35:00,9.45,61.05
13:35:00,10.27,60.18
13:35:00,11.05,60.32
13:35:00,12.94,60.88
13:35:00,13.58,62.17
13:35:00,14.32,61.65
13:35:00,16.2,61.27
13:35:00,18.1,59.03
13:35:00,19.4,59.49
13:35:00,19.78,58.12
13:35:00,21.12,63.66
13:35:00,23.41,60.74
13:40:00,3.55,62.46
13:40:00,6.88,61.05
13:40:00,8.8,58.30
13:40:00,9.03,0.93
13:40:00,9.45,61.15
13:40:00,10.27,60.41
13:40:00,11.05,60.29
13:40:00,12.94,60.75
13:40:00,13.58,61.89
13:40:00,14.32,61.91
13:40:00,16.2,61.25
13:40:00,18.1,57.89
13:40:00,19.4,58.71
13:40:00,19.78,57.91
13:40:00,21.12,63.84
13:40:00,23.41,60.45
13:45:00,3.55,62.43
13:45:00,6.88,60.93
13:45:00,8.8,57.79
13:45:00,9.03,0.93
13:45:00,9.45,61.20
13:45:00,10.27,60.41
13:45:00,11.05,60.01
13:45:00,12.94,60.70
13:45:00,13.58,61.99
13:45:00,14.32,61.86
13:45:00,16.2,61.29
13:45:00,18.1,57.60
13:45:00,19.4,58.93
13:45:00,19.78,57.94
13:45:00,21.12,63.64
13:45:00,23.41,60.63
13:50:00,3.55,62.82
13:50:00,6.88,60.98
13:50:00,8.8,57.81
13:50:00,9.03,1.00
13:50:00,9.45,61.00
13:50:00,10.27,60.22
13:50:00,11.05,60.39
13:50:00,12.94,60.89
13:50:00,13.58,62.29
13:50:00,14.32,62.07
13:50:00,16.2,61.41
13:50:00,18.1,58.28
13:50:00,19.4,59.68
13:50:00,19.78,58.33
13:50:00,21.12,64.06
13:50:00,23.41,60.48
13:55:00,3.55,62.49
13:55:00,6.88,61.24
13:55:00,8.8,58.95
13:55:00,9.03,0.86
13:55:00,9.45,61.42
13:55:00,10.27,60.27
13:55:00,11.05,60.57
13:55:00,12.94,60.91
13:55:00,13.58,62.81
13:55:00,14.32,62.03
13:55:00,16.2,61.54
13:55:00,18.1,58.23
13:55:00,19.4,60.39
13:55:00,19.78,59.52
13:55:00,21.12,63.92
13:55:00,23.41,60.89
14:00:00,3.55,62.81
14:00:00,6.88,60.34
14:00:00,8.8,58.85
14:00:00,9.03,1.00
14:00:00,9.45,61.35
14:00:00,10.27,60.29
14:00:00,11.05,60.90
14:00:00,12.94,60.78
14:00:00,13.58,62.38
14:00:00,14.32,62.06
14:00:00,16.2,61.37
14:00:00,18.1,58.56
14:00:00,19.4,60.60
14:00:00,19.78,59.33
14:00:00,21.12,63.78
14:00:00,23.41,60.25
14:05:00,3.55,62.93
14:05:00,6.88,60.57
14:05:00,8.8,58.37
14:05:00,9.03,1.00
14:05:00,9.45,61.33
14:05:00,10.27,60.35
14:05:00,11.05,60.47
14:05:00,12.94,61.04
14:05:00,13.58,62.30
14:05:00,14.32,61.80
14:05:00,16.2,61.30
14:05:00,18.1,58.56
14:05:00,19.4,60.58
14:05:00,19.78,59.08
14:05:00,21.12,63.77
14:05:00,23.41,59.83
14:10:00,3.55,63.06
14:10:00,6.88,60.57
14:10:00,8.8,57.76
14:10:00,9.03,1.00
14:10:00,9.45,61.18
14:10:00,10.27,60.35
14:10:00,11.05,60.37
14:10:00,12.94,60.79
14:10:00,13.58,62.18
14:10:00,14.32,61.99
14:10:00,16.2,61.14
14:10:00,18.1,58.87
14:10:00,19.4,60.46
14:10:00,19.78,59.00
14:10:00,21.12,63.49
14:10:00,23.41,60.01
14:15:00,3.55,62.32
14:15:00,6.88,60.72
14:15:00,8.8,58.57
14:15:00,9.03,0.88
14:15:00,9.45,60.95
14:15:00,10.27,59.92
14:15:00,11.05,60.28
14:15:00,12.94,60.88
14:15:00,13.58,62.19
14:15:00,14.32,61.74
14:15:00,16.2,61.23
14:15:00,18.1,58.66
14:15:00,19.4,60.40
14:15:00,19.78,58.95
14:15:00,21.12,63.67
14:15:00,23.41,59.84
14:20:00,3.55,62.10
14:20:00,6.88,60.41
14:20:00,8.8,58.88
14:20:00,9.03,1.00
14:20:00,9.45,61.28
14:20:00,10.27,60.31
14:20:00,11.05,60.01
14:20:00,12.94,60.51
14:20:00,13.58,62.59
14:20:00,14.32,61.75
14:20:00,16.2,60.79
14:20:00,18.1,58.63
14:20:00,19.4,60.49
14:20:00,19.78,59.22
14:20:00,21.12,63.94
14:20:00,23.41,60.01
14:25:00,3.55,61.97
14:25:00,6.88,60.74
14:25:00,8.8,58.78
14:25:00,9.03,0.98
14:25:00,9.45,61.48
14:25:00,10.27,60.54
14:25:00,11.05,60.24
14:25:00,12.94,61.03
14:25:00,13.58,62.31
14:25:00,14.32,61.93
14:25:00,16.2,60.94
14:25:00,18.1,58.13
14:25:00,19.4,60.26
14:25:00,19.78,58.95
14:25:00,21.12,63.60
14:25:00,23.41,59.91
14:30:00,3.55,61.88
14:30:00,6.88,60.30
14:30:00,8.8,58.58
14:30:00,9.03,0.94
14:30:00,9.45,61.18
14:30:00,10.27,60.46
14:30:00,11.05,60.47
14:30:00,12.94,60.83
14:30:00,13.58,62.59
14:30:00,14.32,61.96
14:30:00,16.2,61.49
14:30:00,18.1,57.84
14:30:00,19.4,60.19
14:30:00,19.78,58.84
14:30:00,21.12,63.54
14:30:00,23.41,59.60
14:35:00,3.55,61.66
14:35:00,6.88,60.83
14:35:00,8.8,58.41
14:35:00,9.03,0.92
14:35:00,9.45,61.06
14:35:00,10.27,60.31
14:35:00,11.05,60.51
14:35:00,12.94,60.86
14:35:00,13.58,62.17
14:35:00,14.32,61.99
14:35:00,16.2,61.32
14:35:00,18.1,57.91
14:35:00,19.4,60.43
14:35:00,19.78,59.16
14:35:00,21.12,63.84
14:35:00,23.41,59.90
14:40:00,3.55,61.50
14:40:00,6.88,60.39
14:40:00,8.8,59.02
14:40:00,9.03,1.00
14:40:00,9.45,60.79
14:40:00,10.27,60.09
14:40:00,11.05,59.90
14:40:00,12.94,60.83
14:40:00,13.58,62.27
14:40:00,14.32,61.96
14:40:00,16.2,61.06
14:40:00,18.1,56.87
14:40:00,19.4,59.83
14:40:00,19.78,58.82
14:40:00,21.12,63.64
14:40:00,23.41,60.06
14:45:00,3.55,60.88
14:45:00,6.88,59.71
14:45:00,8.8,58.23
14:45:00,9.03,1.00
14:45:00,9.45,61.21
14:45:00,10.27,60.36
14:45:00,11.05,59.47
14:45:00,12.94,60.94
14:45:00,13.58,62.68
14:45:00,14.32,61.96
14:45:00,16.2,60.96
14:45:00,18.1,57.03
14:45:00,19.4,60.28
14:45:00,19.78,59.31
14:45:00,21.12,63.67
14:45:00,23.41,60.47
14:50:00,3.55,61.39
14:50:00,6.88,59.67
14:50:00,8.8,57.27
14:50:00,9.03,1.00
14:50:00,9.45,61.23
14:50:00,10.27,59.87
14:50:00,11.05,59.36
14:50:00,12.94,60.71
14:50:00,13.58,62.14
14:50:00,14.32,61.58
14:50:00,16.2,60.51
14:50:00,18.1,56.94
14:50:00,19.4,60.23
14:50:00,19.78,59.02
14:50:00,21.12,63.67
14:50:00,23.41,60.41
14:55:00,3.55,61.91
14:55:00,6.88,60.28
14:55:00,8.8,57.52
14:55:00,9.03,0.92
14:55:00,9.45,61.20
14:55:00,10.27,60.44
14:55:00,11.05,59.69
14:55:00,12.94,60.60
14:55:00,13.58,61.81
14:55:00,14.32,61.47
14:55:00,16.2,60.14
14:55:00,18.1,57.84
14:55:00,19.4,60.32
14:55:00,19.78,58.90
14:55:00,21.12,63.58
14:55:00,23.41,60.37
15:00:00,3.55,62.07
15:00:00,6.88,60.01
15:00:00,8.8,58.09
15:00:00,9.03,0.90
15:00:00,9.45,61.26
15:00:00,10.27,60.72
15:00:00,11.05,60.21
15:00:00,12.94,60.78
15:00:00,13.58,62.17
15:00:00,14.32,61.74
15:00:00,16.2,59.59
15:00:00,18.1,57.79
15:00:00,19.4,59.83
15:00:00,19.78,58.84
15:00:00,21.12,63.38
15:00:00,23.41,60.12
15:05:00,3.55,61.95
15:05:00,6.88,60.30
15:05:00,8.8,58.06
15:05:00,9.03,0.96
15:05:00,9.45,61.41
15:05:00,10.27,60.49
15:05:00,11.05,60.13
15:05:00,12.94,60.93
15:05:00,13.58,62.65
15:05:00,14.32,62.09
15:05:00,16.2,59.44
15:05:00,18.1,58.19
15:05:00,19.4,59.79
15:05:00,19.78,58.67
15:05:00,21.12,63.79
15:05:00,23.41,60.65
15:10:00,3.55,62.68
15:10:00,6.88,60.11
15:10:00,8.8,57.31
15:10:00,9.03,1.00
15:10:00,9.45,61.21
15:10:00,10.27,60.21
15:10:00,11.05,59.82
15:10:00,12.94,60.84
15:10:00,13.58,62.54
15:10:00,14.32,61.77
15:10:00,16.2,59.63
15:10:00,18.1,58.82
15:10:00,19.4,59.87
15:10:00,19.78,59.03
15:10:00,21.12,63.77
15:10:00,23.41,60.63
15:15:00,3.55,63.20
15:15:00,6.88,60.19
15:15:00,8.8,57.50
15:15:00,9.03,0.97
15:15:00,9.45,61.43
15:15:00,10.27,60.57
15:15:00,11.05,60.26
15:15:00,12.94,60.72
15:15:00,13.58,62.54
15:15:00,14.32,61.98
15:15:00,16.2,59.51
15:15:00,18.1,58.63
15:15:00,19.4,59.75
15:15:00,19.78,58.55
15:15:00,21.12,63.69
15:15:00,23.41,60.48
15:20:00,3.55,62.92
15:20:00,6.88,60.12
15:20:00,8.8,58.05
15:20:00,9.03,0.94
15:20:00,9.45,61.78
15:20:00,10.27,60.61
15:20:00,11.05,60.34
15:20:00,12.94,60.94
15:20:00,13.58,62.51
15:20:00,14.32,61.74
15:20:00,16.2,59.98
15:20:00,18.1,57.88
15:20:00,19.4,59.72
15:20:00,19.78,58.57
15:20:00,21.12,63.87
15:20:00,23.41,60.57
15:25:00,3.55,63.42
15:25:00,6.88,60.22
15:25:00,8.8,57.43
15:25:00,9.03,0.92
15:25:00,9.45,61.05
15:25:00,10.27,60.31
15:25:00,11.05,60.59
15:25:00,12.94,60.93
15:25:00,13.58,62.55
15:25:00,14.32,61.64
15:25:00,16.2,60.29
15:25:00,18.1,57.98
15:25:00,19.4,59.59
15:25:00,19.78,58.33
15:25:00,21.12,63.65
15:25:00,23.41,60.15
15:30:00,3.55,63.08
15:30:00,6.88,60.23
15:30:00,8.8,57.43
15:30:00,9.03,0.90
15:30:00,9.45,61.43
15:30:00,10.27,60.66
15:30:00,11.05,60.67
15:30:00,12.94,60.99
15:30:00,13.58,62.23
15:30:00,14.32,61.35
15:30:00,16.2,60.22
15:30:00,18.1,58.52
15:30:00,19.4,59.68
15:30:00,19.78,58.73
15:30:00,21.12,63.69
15:30:00,23.41,60.53
15:35:00,3.55,63.29
15:35:00,6.88,60.30
15:35:00,8.8,57.40
15:35:00,9.03,1.00
15:35:00,9.45,61.21
15:35:00,10.27,60.67
15:35:00,11.05,60.81
15:35:00,12.94,61.00
15:35:00,13.58,62.44
15:35:00,14.32,61.15
15:35:00,16.2,60.02
15:35:00,18.1,58.11
15:35:00,19.4,60.02
15:35:00,19.78,58.91
15:35:00,21.12,63.79
15:35:00,23.41,60.47
15:40:00,3.55,63.56
15:40:00,6.88,61.09
15:40:00,8.8,57.78
15:40:00,9.03,0.89
15:40:00,9.45,61.27
15:40:00,10.27,60.24
15:40:00,11.05,60.34
15:40:00,12.94,61.04
15:40:00,13.58,62.13
15:40:00,14.32,61.29
15:40:00,16.2,60.01
15:40:00,18.1,57.64
15:40:00,19.4,59.86
15:40:00,19.78,58.79
15:40:00,21.12,63.54
15:40:00,23.41,60.66
15:45:00,3.55,63.15
15:45:00,6.88,60.87
15:45:00,8.8,57.90
15:45:00,9.03,0.89
15:45:00,9.45,61.34
15:45:00,10.27,60.86
15:45:00,11.05,60.56
15:45:00,12.94,60.99
15:45:00,13.58,62.56
15:45:00,14.32,60.69
15:45:00,16.2,59.84
15:45:00,18.1,56.85
15:45:00,19.4,59.91
15:45:00,19.78,58.62
15:45:00,21.12,63.41
15:45:00,23.41,60.28
15:50:00,3.55,63.02
15:50:00,6.88,60.83
15:50:00,8.8,58.01
15:50:00,9.03,1.00
15:50:00,9.45,61.27
15:50:00,10.27,60.15
15:50:00,11.05,60.52
15:50:00,12.94,60.94
15:50:00,13.58,62.44
15:50:00,14.32,61.03
15:50:00,16.2,60.20
15:50:00,18.1,57.19
15:50:00,19.4,59.98
15:50:00,19.78,58.85
15:50:00,21.12,63.66
15:50:00,23.41,60.53
15:55:00,3.55,62.50
15:55:00,6.88,61.29
15:55:00,8.8,58.09
15:55:00,9.03,1.00
15:55:00,9.45,61.33
15:55:00,10.27,60.48
15:55:00,11.05,60.57
15:55:00,12.94,61.26
15:55:00,13.58,62.75
15:55:00,14.32,61.17
15:55:00,16.2,59.98
15:55:00,18.1,57.85
15:55:00,19.4,60.43
15:55:00,19.78,59.56
15:55:00,21.12,63.60
15:55:00,23.41,60.42
16:00:00,3.55,62.43
16:00:00,6.88,60.96
16:00:00,8.8,58.54
16:00:00,9.03,1.00
16:00:00,9.45,61.76
16:00:00,10.27,60.43
16:00:00,11.05,60.61
16:00:00,12.94,61.15
16:00:00,13.58,62.80
16:00:00,14.32,60.98
16:00:00,16.2,60.10
16:00:00,18.1,58.13
16:00:00,19.4,60.38
16:00:00,19.78,59.12
16:00:00,21.12,63.70
16:00:00,23.41,59.78
16:05:00,3.55,62.15
16:05:00,6.88,60.77
16:05:00,8.8,58.30
16:05:00,9.03,0.69
16:05:00,9.45,61.77
16:05:00,10.27,60.52
16:05:00,11.05,60.79
16:05:00,12.94,61.29
16:05:00,13.58,62.89
16:05:00,14.32,61.01
16:05:00,16.2,60.15
16:05:00,18.1,58.05
16:05:00,19.4,60.22
16:05:00,19.78,59.05
16:05:00,21.12,63.53
16:05:00,23.41,59.78
16:10:00,3.55,62.23
16:10:00,6.88,60.73
16:10:00,8.8,57.68
16:10:00,9.03,1.00
16:10:00,9.45,61.48
16:10:00,10.27,60.68
16:10:00,11.05,60.44
16:10:00,12.94,60.94
16:10:00,13.58,62.27
16:10:00,14.32,60.95
16:10:00,16.2,60.30
16:10:00,18.1,58.70
16:10:00,19.4,60.33
16:10:00,19.78,58.83
16:10:00,21.12,63.64
16:10:00,23.41,59.81
16:15:00,3.55,62.55
16:15:00,6.88,60.56
16:15:00,8.8,57.69
16:15:00,9.03,0.97
16:15:00,9.45,61.07
16:15:00,10.27,60.43
16:15:00,11.05,60.50
16:15:00,12.94,60.85
16:15:00,13.58,62.04
16:15:00,14.32,61.02
16:15:00,16.2,59.68
16:15:00,18.1,58.37
16:15:00,19.4,60.02
16:15:00,19.78,58.57
16:15:00,21.12,63.20
16:15:00,23.41,59.55
16:20:00,3.55,63.09
16:20:00,6.88,60.30
16:20:00,8.8,57.71
16:20:00,9.03,0.87
16:20:00,9.45,61.49
16:20:00,10.27,60.47
16:20:00,11.05,59.97
16:20:00,12.94,60.95
16:20:00,13.58,61.73
16:20:00,14.32,61.53
16:20:00,16.2,60.01
16:20:00,18.1,57.71
16:20:00,19.4,58.85
16:20:00,19.78,57.59
16:20:00,21.12,63.22
16:20:00,23.41,59.69
16:25:00,3.55,62.67
16:25:00,6.88,60.89
16:25:00,8.8,57.47
16:25:00,9.03,0.86
16:25:00,9.45,61.26
16:25:00,10.27,60.13
16:25:00,11.05,60.21
16:25:00,12.94,60.63
16:25:00,13.58,62.20
16:25:00,14.32,61.65
16:25:00,16.2,59.99
16:25:00,18.1,57.93
16:25:00,19.4,57.60
16:25:00,19.78,57.39
16:25:00,21.12,63.13
16:25:00,23.41,59.86
16:30:00,3.55,62.85
16:30:00,6.88,60.67
16:30:00,8.8,57.84
16:30:00,9.03,0.81
16:30:00,9.45,61.47
16:30:00,10.27,60.49
16:30:00,11.05,60.39
16:30:00,12.94,60.62
16:30:00,13.58,61.66
16:30:00,14.32,61.75
16:30:00,16.2,59.68
16:30:00,18.1,57.22
16:30:00,19.4,57.53
16:30:00,19.78,57.23
16:30:00,21.12,63.29
16:30:00,23.41,59.70
16:35:00,3.55,63.23
16:35:00,6.88,60.39
16:35:00,8.8,57.81
16:35:00,9.03,0.94
16:35:00,9.45,61.36
16:35:00,10.27,60.42
16:35:00,11.05,59.76
16:35:00,12.94,60.88
16:35:00,13.58,62.22
16:35:00,14.32,61.70
16:35:00,16.2,59.67
16:35:00,18.1,56.37
16:35:00,19.4,56.99
16:35:00,19.78,56.60
16:35:00,21.12,63.46
16:35:00,23.41,59.55
16:40:00,3.55,62.96
16:40:00,6.88,60.11
16:40:00,8.8,58.03
16:40:00,9.03,1.00
16:40:00,9.45,61.74
16:40:00,10.27,60.71
16:40:00,11.05,59.89
16:40:00,12.94,60.60
16:40:00,13.58,61.92
16:40:00,14.32,61.55
16:40:00,16.2,59.68
16:40:00,18.1,55.97
16:40:00,19.4,57.06
16:40:00,19.78,56.87
16:40:00,21.12,63.19
16:40:00,23.41,59.27
16:45:00,3.55,62.77
16:45:00,6.88,60.30
16:45:00,8.8,57.76
16:45:00,9.03,0.97
16:45:00,9.45,61.36
16:45:00,10.27,60.52
16:45:00,11.05,60.24
16:45:00,12.94,60.75
16:45:00,13.58,61.96
16:45:00,14.32,61.85
16:45:00,16.2,57.56
16:45:00,18.1,55.83
16:45:00,19.4,57.76
16:45:00,19.78,56.87
16:45:00,21.12,63.29
16:45:00,23.41,59.13
16:50:00,3.55,62.80
16:50:00,6.88,60.78
16:50:00,8.8,57.93
16:50:00,9.03,1.00
16:50:00,9.45,61.49
16:50:00,10.27,60.12
16:50:00,11.05,60.25
16:50:00,12.94,60.56
16:50:00,13.58,61.73
16:50:00,14.32,61.85
16:50:00,16.2,58.18
16:50:00,18.1,55.15
16:50:00,19.4,58.13
16:50:00,19.78,57.13
16:50:00,21.12,63.15
16:50:00,23.41,59.84
16:55:00,3.55,62.68
16:55:00,6.88,60.69
16:55:00,8.8,57.70
16:55:00,9.03,1.00
16:55:00,9.45,61.47
16:55:00,10.27,60.63
16:55:00,11.05,60.29
16:55:00,12.94,60.65
16:55:00,13.58,62.10
16:55:00,14.32,61.47
16:55:00,16.2,59.24
16:55:00,18.1,54.24
16:55:00,19.4,57.68
16:55:00,19.78,56.58
16:55:00,21.12,63.21
16:55:00,23.41,60.15
17:00:00,3.55,62.97
17:00:00,6.88,60.62
17:00:00,8.8,57.85
17:00:00,9.03,1.00
17:00:00,9.45,61.40
17:00:00,10.27,60.68
17:00:00,11.05,60.43
17:00:00,12.94,60.75
17:00:00,13.58,61.66
17:00:00,14.32,61.40
17:00:00,16.2,59.17
17:00:00,18.1,54.48
17:00:00,19.4,57.69
17:00:00,19.78,56.36
17:00:00,21.12,63.09
17:00:00,23.41,60.02
17:05:00,3.55,62.91
17:05:00,6.88,60.51
17:05:00,8.8,57.67
17:05:00,9.03,1.00
17:05:00,9.45,61.46
17:05:00,10.27,60.62
17:05:00,11.05,60.32
17:05:00,12.94,60.85
17:05:00,13.58,62.01
17:05:00,14.32,61.43
17:05:00,16.2,58.51
17:05:00,18.1,55.03
17:05:00,19.4,57.37
17:05:00,19.78,56.22
17:05:00,21.12,63.26
17:05:00,23.41,59.92
17:10:00,3.55,62.89
17:10:00,6.88,60.54
17:10:00,8.8,58.01
17:10:00,9.03,1.00
17:10:00,9.45,61.34
17:10:00,10.27,60.32
17:10:00,11.05,60.38
17:10:00,12.94,60.79
17:10:00,13.58,61.59
17:10:00,14.32,61.31
17:10:00,16.2,58.02
17:10:00,18.1,53.47
17:10:00,19.4,57.12
17:10:00,19.78,56.28
17:10:00,21.12,63.09
17:10:00,23.41,60.01
17:15:00,3.55,62.54
17:15:00,6.88,60.12
17:15:00,8.8,57.70
17:15:00,9.03,1.00
17:15:00,9.45,61.26
17:15:00,10.27,60.50
17:15:00,11.05,60.26
17:15:00,12.94,60.84
17:15:00,13.58,61.60
17:15:00,14.32,61.13
17:15:00,16.2,57.39
17:15:00,18.1,52.98
17:15:00,19.4,57.04
17:15:00,19.78,56.61
17:15:00,21.12,63.08
17:15:00,23.41,59.85
17:20:00,3.55,62.83
17:20:00,6.88,60.60
17:20:00,8.8,57.30
17:20:00,9.03,0.97
17:20:00,9.45,61.37
17:20:00,10.27,60.32
17:20:00,11.05,59.96
17:20:00,12.94,60.76
17:20:00,13.58,61.45
17:20:00,14.32,61.24
17:20:00,16.2,56.61
17:20:00,18.1,53.19
17:20:00,19.4,56.79
17:20:00,19.78,56.58
17:20:00,21.12,63.02
17:20:00,23.41,59.92
17:25:00,3.55,63.07
17:25:00,6.88,60.19
17:25:00,8.8,57.98
17:25:00,9.03,0.91
17:25:00,9.45,61.71
17:25:00,10.27,60.50
17:25:00,11.05,60.04
17:25:00,12.94,60.69
17:25:00,13.58,61.69
17:25:00,14.32,60.89
17:25:00,16.2,57.08
17:25:00,18.1,53.14
17:25:00,19.4,57.19
17:25:00,19.78,56.53
17:25:00,21.12,63.09
17:25:00,23.41,59.99
17:30:00,3.55,63.58
17:30:00,6.88,60.37
17:30:00,8.8,58.16
17:30:00,9.03,1.00
17:30:00,9.45,61.64
17:30:00,10.27,60.19
17:30:00,11.05,60.03
17:30:00,12.94,60.77
17:30:00,13.58,61.66
17:30:00,14.32,61.08
17:30:00,16.2,57.11
17:30:00,18.1,52.87
17:30:00,19.4,56.97
17:30:00,19.78,56.68
17:30:00,21.12,63.17
17:30:00,23.41,59.96
17:35:00,3.55,63.81
17:35:00,6.88,60.38
17:35:00,8.8,58.11
17:35:00,9.03,1.00
17:35:00,9.45,61.86
17:35:00,10.27,60.61
17:35:00,11.05,60.12
17:35:00,12.94,60.86
17:35:00,13.58,61.85
17:35:00,14.32,61.39
17:35:00,16.2,57.67
17:35:00,18.1,52.24
17:35:00,19.4,57.35
17:35:00,19.78,56.39
17:35:00,21.12,62.96
17:35:00,23.41,60.21
17:40:00,3.55,64.03
17:40:00,6.88,60.40
17:40:00,8.8,57.94
17:40:00,9.03,0.93
17:40:00,9.45,61.84
17:40:00,10.27,60.40
17:40:00,11.05,60.44
17:40:00,12.94,60.93
17:40:00,13.58,62.04
17:40:00,14.32,61.08
17:40:00,16.2,57.96
17:40:00,18.1,52.64
17:40:00,19.4,57.49
17:40:00,19.78,56.52
17:40:00,21.12,62.93
17:40:00,23.41,60.21
17:45:00,3.55,63.94
17:45:00,6.88,60.61
17:45:00,8.8,58.59
17:45:00,9.03,1.00
17:45:00,9.45,61.84
17:45:00,10.27,60.27
17:45:00,11.05,60.53
17:45:00,12.94,60.88
17:45:00,13.58,61.60
17:45:00,14.32,61.19
17:45:00,16.2,57.88
17:45:00,18.1,53.45
17:45:00,19.4,58.23
17:45:00,19.78,57.12
17:45:00,21.12,62.95
17:45:00,23.41,60.40
17:50:00,3.55,63.82
17:50:00,6.88,60.86
17:50:00,8.8,58.18
17:50:00,9.03,1.00
17:50:00,9.45,61.90
17:50:00,10.27,60.68
17:50:00,11.05,60.42
17:50:00,12.94,61.17
17:50:00,13.58,61.86
17:50:00,14.32,61.60
17:50:00,16.2,58.18
17:50:00,18.1,53.37
17:50:00,19.4,58.29
17:50:00,19.78,56.62
17:50:00,21.12,63.16
17:50:00,23.41,60.29
17:55:00,3.55,63.91
17:55:00,6.88,61.57
17:55:00,8.8,58.51
17:55:00,9.03,0.93
17:55:00,9.45,62.14
17:55:00,10.27,61.07
17:55:00,11.05,60.72
17:55:00,12.94,61.18
17:55:00,13.58,62.37
17:55:00,14.32,61.74
17:55:00,16.2,58.17
17:55:00,18.1,54.02
17:55:00,19.4,58.22
17:55:00,19.78,57.23
17:55:00,21.12,63.13
17:55:00,23.41,60.54
18:00:00,3.55,63.95
18:00:00,6.88,61.22
18:00:00,8.8,58.90
18:00:00,9.03,0.98
18:00:00,9.45,62.32
18:00:00,10.27,60.53
18:00:00,11.05,60.86
18:00:00,12.94,61.14
18:00:00,13.58,61.91
18:00:00,14.32,61.63
18:00:00,16.2,58.72
18:00:00,18.1,55.07
18:00:00,19.4,58.70
18:00:00,19.78,57.71
18:00:00,21.12,63.08
18:00:00,23.41,60.77
18:05:00,3.55,63.87
18:05:00,6.88,61.11
18:05:00,8.8,58.27
18:05:00,9.03,1.00
18:05:00,9.45,61.94
18:05:00,10.27,60.57
18:05:00,11.05,60.65
18:05:00,12.94,61.17
18:05:00,13.58,62.18
18:05:00,14.32,61.29
18:05:00,16.2,58.91
18:05:00,18.1,55.43
18:05:00,19.4,58.88
18:05:00,19.78,57.95
18:05:00,21.12,63.09
18:05:00,23.41,60.51
18:10:00,3.55,63.96
18:10:00,6.88,61.50
18:10:00,8.8,58.21
18:10:00,9.03,1.00
18:10:00,9.45,61.84
18:10:00,10.27,60.78
18:10:00,11.05,60.53
18:10:00,12.94,60.95
18:10:00,13.58,61.87
18:10:00,14.32,61.27
18:10:00,16.2,58.37
18:10:00,18.1,55.92
18:10:00,19.4,58.29
18:10:00,19.78,57.80
18:10:00,21.12,63.19
18:10:00,23.41,60.57
18:15:00,3.55,64.12
18:15:00,6.88,61.38
18:15:00,8.8,58.28
18:15:00,9.03,0.88
18:15:00,9.45,62.04
18:15:00,10.27,60.49
18:15:00,11.05,60.58
18:15:00,12.94,61.12
18:15:00,13.58,62.28
18:15:00,14.32,61.33
18:15:00,16.2,58.96
18:15:00,18.1,56.25
18:15:00,19.4,58.86
18:15:00,19.78,57.57
18:15:00,21.12,62.93
18:15:00,23.41,60.46
18:20:00,3.55,64.00
18:20:00,6.88,61.25
18:20:00,8.8,58.50
18:20:00,9.03,1.00
18:20:00,9.45,62.23
18:20:00,10.27,60.71
18:20:00,11.05,60.60
18:20:00,12.94,60.96
18:20:00,13.58,62.21
18:20:00,14.32,61.23
18:20:00,16.2,59.05
18:20:00,18.1,57.03
18:20:00,19.4,58.49
18:20:00,19.78,57.23
18:20:00,21.12,63.20
18:20:00,23.41,60.69
18:25:00,3.55,64.05
18:25:00,6.88,61.40
18:25:00,8.8,58.87
18:25:00,9.03,1.00
18:25:00,9.45,62.22
18:25:00,10.27,60.61
18:25:00,11.05,60.65
18:25:00,12.94,61.09
18:25:00,13.58,61.96
18:25:00,14.32,61.28
18:25:00,16.2,59.16
18:25:00,18.1,57.75
18:25:00,19.4,58.31
18:25:00,19.78,57.38
18:25:00,21.12,63.18
18:25:00,23.41,60.54
18:30:00,3.55,64.20
18:30:00,6.88,61.14
18:30:00,8.8,58.88
18:30:00,9.03,1.00
18:30:00,9.45,62.15
18:30:00,10.27,60.79
18:30:00,11.05,60.57
18:30:00,12.94,60.99
18:30:00,13.58,62.07
18:30:00,14.32,61.65
18:30:00,16.2,59.51
18:30:00,18.1,58.21
18:30:00,19.4,58.34
18:30:00,19.78,57.98
18:30:00,21.12,63.35
18:30:00,23.41,60.72
18:35:00,3.55,64.25
18:35:00,6.88,61.22
18:35:00,8.8,59.32
18:35:00,9.03,1.00
18:35:00,9.45,62.12
18:35:00,10.27,60.63
18:35:00,11.05,60.44
18:35:00,12.94,61.03
18:35:00,13.58,62.44
18:35:00,14.32,61.66
18:35:00,16.2,59.83
18:35:00,18.1,58.07
18:35:00,19.4,58.92
18:35:00,19.78,57.77
18:35:00,21.12,63.22
18:35:00,23.41,60.68
18:40:00,3.55,64.59
18:40:00,6.88,61.47
18:40:00,8.8,59.29
18:40:00,9.03,0.90
18:40:00,9.45,62.32
18:40:00,10.27,61.02
18:40:00,11.05,60.58
18:40:00,12.94,60.98
18:40:00,13.58,62.12
18:40:00,14.32,61.48
18:40:00,16.2,59.59
18:40:00,18.1,58.02
18:40:00,19.4,58.66
18:40:00,19.78,57.96
18:40:00,21.12,63.37
18:40:00,23.41,60.79
18:45:00,3.55,64.55
18:45:00,6.88,61.54
18:45:00,8.8,59.55
18:45:00,9.03,0.91
18:45:00,9.45,62.68
18:45:00,10.27,60.77
18:45:00,11.05,60.94
18:45:00,12.94,61.20
18:45:00,13.58,62.08
18:45:00,14.32,61.63
18:45:00,16.2,60.38
18:45:00,18.1,58.13
18:45:00,19.4,58.43
18:45:00,19.78,57.55
18:45:00,21.12,63.36
18:45:00,23.41,60.68
18:50:00,3.55,64.60
18:50:00,6.88,61.56
18:50:00,8.8,59.35
18:50:00,9.03,1.00
18:50:00,9.45,62.41
18:50:00,10.27,60.96
18:50:00,11.05,61.02
18:50:00,12.94,61.43
18:50:00,13.58,62.76
18:50:00,14.32,62.00
18:50:00,16.2,60.49
18:50:00,18.1,57.50
18:50:00,19.4,58.53
18:50:00,19.78,58.18
18:50:00,21.12,63.53
18:50:00,23.41,60.46
18:55:00,3.55,64.63
18:55:00,6.88,61.48
18:55:00,8.8,59.36
18:55:00,9.03,1.00
18:55:00,9.45,62.66
18:55:00,10.27,61.20
18:55:00,11.05,60.99
18:55:00,12.94,61.34
18:55:00,13.58,62.62
18:55:00,14.32,62.26
18:55:00,16.2,60.52
18:55:00,18.1,58.33
18:55:00,19.4,58.91
18:55:00,19.78,58.41
18:55:00,21.12,63.59
18:55:00,23.41,60.94
19:00:00,3.55,64.53
19:00:00,6.88,61.73
19:00:00,8.8,59.65
19:00:00,9.03,1.00
19:00:00,9.45,62.71
19:00:00,10.27,60.74
19:00:00,11.05,60.82
19:00:00,12.94,61.26
19:00:00,13.58,62.83
19:00:00,14.32,62.15
19:00:00,16.2,61.44
19:00:00,18.1,58.70
19:00:00,19.4,59.13
19:00:00,19.78,58.98
19:00:00,21.12,63.43
19:00:00,23.41,60.94
19:05:00,3.55,64.61
19:05:00,6.88,61.43
19:05:00,8.8,59.60
19:05:00,9.03,0.92
19:05:00,9.45,62.59
19:05:00,10.27,60.75
19:05:00,11.05,61.02
19:05:00,12.94,61.38
19:05:00,13.58,62.97
19:05:00,14.32,62.19
19:05:00,16.2,61.54
19:05:00,18.1,58.92
19:05:00,19.4,59.64
19:05:00,19.78,59.44
19:05:00,21.12,63.65
19:05:00,23.41,60.91
19:10:00,3.55,64.65
19:10:00,6.88,61.47
19:10:00,8.8,59.74
19:10:00,9.03,0.95
19:10:00,9.45,62.53
19:10:00,10.27,61.08
19:10:00,11.05,61.03
19:10:00,12.94,61.36
19:10:00,13.58,62.69
19:10:00,14.32,62.07
19:10:00,16.2,61.48
19:10:00,18.1,58.90
19:10:00,19.4,59.88
19:10:00,19.78,59.22
19:10:00,21.12,63.79
19:10:00,23.41,61.03
19:15:00,3.55,64.55
19:15:00,6.88,61.38
19:15:00,8.8,59.22
19:15:00,9.03,1.00
19:15:00,9.45,62.48
19:15:00,10.27,60.81
19:15:00,11.05,60.92
19:15:00,12.94,61.36
19:15:00,13.58,62.67
19:15:00,14.32,62.12
19:15:00,16.2,61.41
19:15:00,18.1,59.19
19:15:00,19.4,59.32
19:15:00,19.78,58.86
19:15:00,21.12,63.18
19:15:00,23.41,60.91
19:20:00,3.55,64.73
19:20:00,6.88,61.27
19:20:00,8.8,59.64
19:20:00,9.03,1.00
19:20:00,9.45,62.51
19:20:00,10.27,61.09
19:20:00,11.05,60.76
19:20:00,12.94,61.03
19:20:00,13.58,62.76
19:20:00,14.32,62.20
19:20:00,16.2,61.53
19:20:00,18.1,59.32
19:20:00,19.4,59.51
19:20:00,19.78,59.28
19:20:00,21.12,63.28
19:20:00,23.41,60.87
19:25:00,3.55,64.53
19:25:00,6.88,61.06
19:25:00,8.8,59.67
19:25:00,9.03,1.00
19:25:00,9.45,62.51
19:25:00,10.27,60.94
19:25:00,11.05,61.10
19:25:00,12.94,61.35
19:25:00,13.58,62.74
19:25:00,14.32,62.07
19:25:00,16.2,61.51
19:25:00,18.1,59.11
19:25:00,19.4,59.67
19:25:00,19.78,59.61
19:25:00,21.12,63.46
19:25:00,23.41,60.99
19:30:00,3.55,64.77
19:30:00,6.88,61.39
19:30:00,8.8,59.65
19:30:00,9.03,1.00
19:30:00,9.45,62.46
19:30:00,10.27,61.27
19:30:00,11.05,61.08
19:30:00,12.94,61.44
19:30:00,13.58,62.51
19:30:00,14.32,61.85
19:30:00,16.2,61.46
19:30:00,18.1,59.38
19:30:00,19.4,60.28
19:30:00,19.78,59.96
19:30:00,21.12,63.37
19:30:00,23.41,60.88
19:35:00,3.55,64.72
19:35:00,6.88,61.40
19:35:00,8.8,59.75
19:35:00,9.03,1.00
19:35:00,9.45,62.80
19:35:00,10.27,60.99
19:35:00,11.05,61.05
19:35:00,12.94,61.16
19:35:00,13.58,62.80
19:35:00,14.32,61.87
19:35:00,16.2,61.49
19:35:00,18.1,59.47
19:35:00,19.4,60.49
19:35:00,19.78,60.19
19:35:00,21.12,63.42
19:35:00,23.41,60.71
19:40:00,3.55,64.92
19:40:00,6.88,61.19
19:40:00,8.8,59.76
19:40:00,9.03,1.00
19:40:00,9.45,62.38
19:40:00,10.27,61.24
19:40:00,11.05,61.02
19:40:00,12.94,61.27
19:40:00,13.58,62.92
19:40:00,14.32,61.67
19:40:00,16.2,61.44
19:40:00,18.1,59.02
19:40:00,19.4,60.40
19:40:00,19.78,60.07
19:40:00,21.12,63.12
19:40:00,23.41,60.69
19:45:00,3.55,64.80
19:45:00,6.88,61.22
19:45:00,8.8,59.95
19:45:00,9.03,1.00
19:45:00,9.45,62.67
19:45:00,10.27,60.96
19:45:00,11.05,61.01
19:45:00,12.94,61.20
19:45:00,13.58,62.69
19:45:00,14.32,61.52
19:45:00,16.2,61.44
19:45:00,18.1,59.36
19:45:00,19.4,60.03
19:45:00,19.78,60.23
19:45:00,21.12,63.05
19:45:00,23.41,60.93
19:50:00,3.55,64.72
19:50:00,6.88,61.46
19:50:00,8.8,59.80
19:50:00,9.03,1.00
19:50:00,9.45,62.65
19:50:00,10.27,60.77
19:50:00,11.05,61.13
19:50:00,12.94,61.28
19:50:00,13.58,62.70
19:50:00,14.32,61.95
19:50:00,16.2,61.41
19:50:00,18.1,59.56
19:50:00,19.4,60.09
19:50:00,19.78,59.83
19:50:00,21.12,63.10
19:50:00,23.41,60.66
19:55:00,3.55,64.41
19:55:00,6.88,61.25
19:55:00,8.8,59.67
19:55:00,9.03,1.00
19:55:00,9.45,62.66
19:55:00,10.27,61.09
19:55:00,11.05,61.04
19:55:00,12.94,61.61
19:55:00,13.58,63.09
19:55:00,14.32,61.91
19:55:00,16.2,61.48
19:55:00,18.1,59.34
19:55:00,19.4,60.25
19:55:00,19.78,59.80
19:55:00,21.12,63.29
19:55:00,23.41,60.52
20:00:00,3.55,64.61
20:00:00,6.88,61.19
20:00:00,8.8,59.67
20:00:00,9.03,0.88
20:00:00,9.45,62.37
20:00:00,10.27,60.46
20:00:00,11.05,60.86
20:00:00,12.94,61.19
20:00:00,13.58,62.72
20:00:00,14.32,61.73
20:00:00,16.2,61.36
20:00:00,18.1,59.50
20:00:00,19.4,60.04
20:00:00,19.78,59.99
20:00:00,21.12,63.43
20:00:00,23.41,60.83
20:05:00,3.55,64.41
20:05:00,6.88,61.09
20:05:00,8.8,59.74
20:05:00,9.03,0.98
20:05:00,9.45,62.34
20:05:00,10.27,60.85
20:05:00,11.05,60.71
20:05:00,12.94,61.09
20:05:00,13.58,62.73
20:05:00,14.32,61.32
20:05:00,16.2,61.09
20:05:00,18.1,59.56
20:05:00,19.4,59.84
20:05:00,19.78,59.84
20:05:00,21.12,62.82
20:05:00,23.41,60.83
20:10:00,3.55,64.47
20:10:00,6.88,61.09
20:10:00,8.8,59.31
20:10:00,9.03,1.00
20:10:00,9.45,62.17
20:10:00,10.27,61.16
20:10:00,11.05,60.59
20:10:00,12.94,61.01
20:10:00,13.58,62.36
20:10:00,14.32,61.18
20:10:00,16.2,60.87
20:10:00,18.1,58.76
20:10:00,19.4,59.49
20:10:00,19.78,59.64
20:10:00,21.12,63.09
20:10:00,23.41,60.84
20:15:00,3.55,64.50
20:15:00,6.88,61.20
20:15:00,8.8,59.50
20:15:00,9.03,1.00
20:15:00,9.45,62.14
20:15:00,10.27,60.25
20:15:00,11.05,60.65
20:15:00,12.94,60.79
20:15:00,13.58,62.24
20:15:00,14.32,61.44
20:15:00,16.2,60.89
20:15:00,18.1,59.51
20:15:00,19.4,59.45
20:15:00,19.78,59.38
20:15:00,21.12,63.00
20:15:00,23.41,60.49
20:20:00,3.55,64.72
20:20:00,6.88,61.17
20:20:00,8.8,59.46
20:20:00,9.03,0.91
20:20:00,9.45,62.22
20:20:00,10.27,60.79
20:20:00,11.05,60.66
20:20:00,12.94,60.96
20:20:00,13.58,62.53
20:20:00,14.32,61.24
20:20:00,16.2,61.00
20:20:00,18.1,59.41
20:20:00,19.4,59.93
20:20:00,19.78,59.99
20:20:00,21.12,63.04
20:20:00,23.41,60.46
20:25:00,3.55,64.85
20:25:00,6.88,61.16
20:25:00,8.8,59.58
20:25:00,9.03,1.00
20:25:00,9.45,62.30
20:25:00,10.27,60.50
20:25:00,11.05,60.68
20:25:00,12.94,60.81
20:25:00,13.58,62.34
20:25:00,14.32,61.37
20:25:00,16.2,61.05
20:25:00,18.1,59.35
20:25:00,19.4,59.74
20:25:00,19.78,59.76
20:25:00,21.12,62.91
20:25:00,23.41,60.58
20:30:00,3.55,64.71
20:30:00,6.88,61.00
20:30:00,8.8,59.79
20:30:00,9.03,0.93
20:30:00,9.45,62.30
20:30:00,10.27,60.59
20:30:00,11.05,60.50
20:30:00,12.94,60.81
20:30:00,13.58,62.62
20:30:00,14.32,61.11
20:30:00,16.2,60.94
20:30:00,18.1,59.56
20:30:00,19.4,59.93
20:30:00,19.78,60.04
20:30:00,21.12,62.96
20:30:00,23.41,60.45
20:35:00,3.55,64.61
20:35:00,6.88,60.67
20:35:00,8.8,59.44
20:35:00,9.03,1.00
20:35:00,9.45,61.84
20:35:00,10.27,60.80
20:35:00,11.05,60.45
20:35:00,12.94,60.63
20:35:00,13.58,62.84
20:35:00,14.32,61.19
20:35:00,16.2,61.16
20:35:00,18.1,59.53
20:35:00,19.4,59.90
20:35:00,19.78,59.96
20:35:00,21.12,62.92
20:35:00,23.41,60.50
20:40:00,3.55,64.41
20:40:00,6.88,60.63
20:40:00,8.8,59.12
20:40:00,9.03,1.00
20:40:00,9.45,61.51
20:40:00,10.27,60.27
20:40:00,11.05,60.44
20:40:00,12.94,60.68
20:40:00,13.58,62.28
20:40:00,14.32,61.38
20:40:00,16.2,60.98
20:40:00,18.1,59.39
20:40:00,19.4,59.86
20:40:00,19.78,59.82
20:40:00,21.12,62.95
20:40:00,23.41,60.72
20:45:00,3.55,64.65
20:45:00,6.88,60.66
20:45:00,8.8,59.55
20:45:00,9.03,1.00
20:45:00,9.45,61.57
20:45:00,10.27,60.07
20:45:00,11.05,60.27
20:45:00,12.94,60.56
20:45:00,13.58,61.95
20:45:00,14.32,61.20
20:45:00,16.2,61.02
20:45:00,18.1,59.77
20:45:00,19.4,59.57
20:45:00,19.78,59.95
20:45:00,21.12,62.74
20:45:00,23.41,60.56
20:50:00,3.55,64.25
20:50:00,6.88,60.97
20:50:00,8.8,59.09
20:50:00,9.03,1.00
20:50:00,9.45,61.69
20:50:00,10.27,60.10
20:50:00,11.05,60.21
20:50:00,12.94,60.30
20:50:00,13.58,62.31
20:50:00,14.32,61.37
20:50:00,16.2,61.15
20:50:00,18.1,59.22
20:50:00,19.4,59.71
20:50:00,19.78,59.50
20:50:00,21.12,62.69
20:50:00,23.41,60.44
20:55:00,3.55,64.33
20:55:00,6.88,60.96
20:55:00,8.8,59.33
20:55:00,9.03,1.00
20:55:00,9.45,62.00
20:55:00,10.27,60.06
20:55:00,11.05,60.19
20:55:00,12.94,60.35
20:55:00,13.58,62.47
20:55:00,14.32,60.68
20:55:00,16.2,60.64
20:55:00,18.1,59.47
20:55:00,19.4,59.88
20:55:00,19.78,59.77
20:55:00,21.12,62.62
20:55:00,23.41,60.81
21:00:00,3.55,64.22
21:00:00,6.88,60.75
21:00:00,8.8,59.49
21:00:00,9.03,1.00
21:00:00,9.45,61.96
21:00:00,10.27,60.12
21:00:00,11.05,60.27
21:00:00,12.94,60.61
21:00:00,13.58,62.21
21:00:00,14.32,60.95
21:00:00,16.2,60.63
21:00:00,18.1,59.49
21:00:00,19.4,59.23
21:00:00,19.78,59.62
21:00:00,21.12,62.54
21:00:00,23.41,60.63
21:05:00,3.55,64.21
21:05:00,6.88,60.41
21:05:00,8.8,59.03
21:05:00,9.03,0.91
21:05:00,9.45,61.75
21:05:00,10.27,60.23
21:05:00,11.05,59.95
21:05:00,12.94,60.50
21:05:00,13.58,61.81
21:05:00,14.32,61.12
21:05:00,16.2,60.55
21:05:00,18.1,59.47
21:05:00,19.4,59.29
21:05:00,19.78,59.54
21:05:00,21.12,62.16
21:05:00,23.41,60.35
21:10:00,3.55,64.10
21:10:00,6.88,60.81
21:10:00,8.8,59.13
21:10:00,9.03,0.86
21:10:00,9.45,61.69
21:10:00,10.27,59.76
21:10:00,11.05,59.79
21:10:00,12.94,60.44
21:10:00,13.58,62.11
21:10:00,14.32,60.33
21:10:00,16.2,60.46
21:10:00,18.1,58.84
21:10:00,19.4,59.35
21:10:00,19.78,59.47
21:10:00,21.12,62.13
21:10:00,23.41,60.42
21:15:00,3.55,63.75
21:15:00,6.88,60.23
21:15:00,8.8,58.94
21:15:00,9.03,0.90
21:15:00,9.45,61.58
21:15:00,10.27,59.89
21:15:00,11.05,59.72
21:15:00,12.94,60.25
21:15:00,13.58,61.82
21:15:00,14.32,60.89
21:15:00,16.2,60.17
21:15:00,18.1,59.00
21:15:00,19.4,59.17
21:15:00,19.78,59.39
21:15:00,21.12,62.32
21:15:00,23.41,60.25
21:20:00,3.55,63.90
21:20:00,6.88,60.55
21:20:00,8.8,59.01
21:20:00,9.03,0.92
21:20:00,9.45,61.37
21:20:00,10.27,59.60
21:20:00,11.05,59.76
21:20:00,12.94,60.15
21:20:00,13.58,62.58
21:20:00,14.32,60.78
21:20:00,16.2,60.24
21:20:00,18.1,59.41
21:20:00,19.4,59.07
21:20:00,19.78,59.58
21:20:00,21.12,62.18
21:20:00,23.41,60.45
21:25:00,3.55,63.84
21:25:00,6.88,60.15
21:25:00,8.8,59.05
21:25:00,9.03,0.76
21:25:00,9.45,61.47
21:25:00,10.27,59.93
21:25:00,11.05,59.67
21:25:00,12.94,60.39
21:25:00,13.58,61.89
21:25:00,14.32,60.70
21:25:00,16.2,60.48
21:25:00,18.1,59.31
21:25:00,19.4,59.06
21:25:00,19.78,59.39
21:25:00,21.12,62.10
21:25:00,23.41,60.35
21:30:00,3.55,63.93
21:30:00,6.88,60.67
21:30:00,8.8,58.89
21:30:00,9.03,0.83
21:30:00,9.45,61.55
21:30:00,10.27,60.23
21:30:00,11.05,59.68
21:30:00,12.94,60.39
21:30:00,13.58,62.50
21:30:00,14.32,60.95
21:30:00,16.2,60.70
21:30:00,18.1,59.29
21:30:00,19.4,59.02
21:30:00,19.78,59.69
21:30:00,21.12,61.96
21:30:00,23.41,60.35
21:35:00,3.55,63.71
21:35:00,6.88,60.51
21:35:00,8.8,59.19
21:35:00,9.03,1.00
21:35:00,9.45,61.75
21:35:00,10.27,60.07
21:35:00,11.05,59.70
21:35:00,12.94,60.57
21:35:00,13.58,62.62
21:35:00,14.32,60.74
21:35:00,16.2,60.54
21:35:00,18.1,59.15
21:35:00,19.4,59.42
21:35:00,19.78,59.70
21:35:00,21.12,61.85
21:35:00,23.41,60.44
21:40:00,3.55,63.93
21:40:00,6.88,60.64
21:40:00,8.8,59.25
21:40:00,9.03,1.00
21:40:00,9.45,61.79
21:40:00,10.27,60.27
21:40:00,11.05,59.79
21:40:00,12.94,60.57
21:40:00,13.58,62.15
21:40:00,14.32,60.77
21:40:00,16.2,60.66
21:40:00,18.1,59.37
21:40:00,19.4,59.18
21:40:00,19.78,59.63
21:40:00,21.12,62.18
21:40:00,23.41,60.44
21:45:00,3.55,63.57
21:45:00,6.88,60.34
21:45:00,8.8,59.18
21:45:00,9.03,0.93
21:45:00,9.45,61.70
21:45:00,10.27,60.35
21:45:00,11.05,59.99
21:45:00,12.94,60.25
21:45:00,13.58,62.23
21:45:00,14.32,60.59
21:45:00,16.2,60.53
21:45:00,18.1,59.16
21:45:00,19.4,59.43
21:45:00,19.78,59.86
21:45:00,21.12,62.12
21:45:00,23.41,60.79
21:50:00,3.55,63.40
21:50:00,6.88,60.35
21:50:00,8.8,59.47
21:50:00,9.03,1.00
21:50:00,9.45,61.54
21:50:00,10.27,59.88
21:50:00,11.05,59.86
21:50:00,12.94,60.66
21:50:00,13.58,61.91
21:50:00,14.32,60.51
21:50:00,16.2,61.10
21:50:00,18.1,59.45
21:50:00,19.4,59.21
21:50:00,19.78,59.74
21:50:00,21.12,61.83
21:50:00,23.41,60.68
21:55:00,3.55,63.76
21:55:00,6.88,60.14
21:55:00,8.8,59.16
21:55:00,9.03,1.00
21:55:00,9.45,61.78
21:55:00,10.27,60.01
21:55:00,11.05,59.87
21:55:00,12.94,60.36
21:55:00,13.58,62.43
21:55:00,14.32,60.60
21:55:00,16.2,60.91
21:55:00,18.1,59.83
21:55:00,19.4,59.31
21:55:00,19.78,59.88
21:55:00,21.12,62.20
21:55:00,23.41,60.68
22:00:00,3.55,64.01
22:00:00,6.88,60.35
22:00:00,8.8,59.36
22:00:00,9.03,1.00
22:00:00,9.45,61.79
22:00:00,10.27,59.52
22:00:00,11.05,59.77
22:00:00,12.94,60.57
22:00:00,13.58,62.44
22:00:00,14.32,60.50
22:00:00,16.2,60.97
22:00:00,18.1,59.27
22:00:00,19.4,59.30
22:00:00,19.78,59.75
22:00:00,21.12,62.16
22:00:00,23.41,60.72
22:05:00,3.55,64.16
22:05:00,6.88,60.30
22:05:00,8.8,59.28
22:05:00,9.03,1.00
22:05:00,9.45,62.22
22:05:00,10.27,59.52
22:05:00,11.05,59.69
22:05:00,12.94,60.64
22:05:00,13.58,62.29
22:05:00,14.32,60.47
22:05:00,16.2,60.92
22:05:00,18.1,59.64
22:05:00,19.4,59.64
22:05:00,19.78,60.09
22:05:00,21.12,62.33
22:05:00,23.41,60.67
22:10:00,3.55,63.80
22:10:00,6.88,60.71
22:10:00,8.8,59.18
22:10:00,9.03,0.91
22:10:00,9.45,62.02
22:10:00,10.27,60.39
22:10:00,11.05,60.00
22:10:00,12.94,60.65
22:10:00,13.58,62.16
22:10:00,14.32,60.73
22:10:00,16.2,60.57
22:10:00,18.1,59.59
22:10:00,19.4,59.56
22:10:00,19.78,60.32
22:10:00,21.12,62.20
22:10:00,23.41,60.55
22:15:00,3.55,63.62
22:15:00,6.88,60.42
22:15:00,8.8,59.44
22:15:00,9.03,0.91
22:15:00,9.45,61.80
22:15:00,10.27,59.80
22:15:00,11.05,60.00
22:15:00,12.94,60.53
22:15:00,13.58,61.85
22:15:00,14.32,60.80
22:15:00,16.2,60.95
22:15:00,18.1,59.78
22:15:00,19.4,59.47
22:15:00,19.78,60.35
22:15:00,21.12,62.26
22:15:00,23.41,60.67
22:20:00,3.55,63.53
22:20:00,6.88,60.51
22:20:00,8.8,59.28
22:20:00,9.03,0.91
22:20:00,9.45,61.79
22:20:00,10.27,59.64
22:20:00,11.05,59.91
22:20:00,12.94,60.62
22:20:00,13.58,62.32
22:20:00,14.32,60.86
22:20:00,16.2,60.91
22:20:00,18.1,59.31
22:20:00,19.4,59.66
22:20:00,19.78,60.01
22:20:00,21.12,61.99
22:20:00,23.41,60.72
22:25:00,3.55,63.51
22:25:00,6.88,60.61
22:25:00,8.8,59.70
22:25:00,9.03,0.90
22:25:00,9.45,61.95
22:25:00,10.27,60.57
22:25:00,11.05,60.04
22:25:00,12.94,60.49
22:25:00,13.58,62.60
22:25:00,14.32,60.65
22:25:00,16.2,60.69
22:25:00,18.1,59.64
22:25:00,19.4,59.77
22:25:00,19.78,60.52
22:25:00,21.12,62.49
22:25:00,23.41,60.62
22:30:00,3.55,63.68
22:30:00,6.88,60.64
22:30:00,8.8,59.41
22:30:00,9.03,1.00
22:30:00,9.45,62.25
22:30:00,10.27,60.18
22:30:00,11.05,59.57
22:30:00,12.94,60.86
22:30:00,13.58,62.88
22:30:00,14.32,60.53
22:30:00,16.2,60.84
22:30:00,18.1,59.60
22:30:00,19.4,59.80
22:30:00,19.78,60.45
22:30:00,21.12,62.09
22:30:00,23.41,60.73
22:35:00,3.55,63.90
22:35:00,6.88,60.49
22:35:00,8.8,59.77
22:35:00,9.03,0.97
22:35:00,9.45,61.99
22:35:00,10.27,59.41
22:35:00,11.05,59.68
22:35:00,12.94,60.74
22:35:00,13.58,62.45
22:35:00,14.32,60.21
22:35:00,16.2,61.19
22:35:00,18.1,59.82
22:35:00,19.4,59.88
22:35:00,19.78,60.18
22:35:00,21.12,61.96
22:35:00,23.41,60.83
22:40:00,3.55,64.09
22:40:00,6.88,60.59
22:40:00,8.8,59.50
22:40:00,9.03,0.92
22:40:00,9.45,62.43
22:40:00,10.27,59.53
22:40:00,11.05,59.68
22:40:00,12.94,60.83
22:40:00,13.58,62.14
22:40:00,14.32,59.96
22:40:00,16.2,60.90
22:40:00,18.1,59.91
22:40:00,19.4,59.77
22:40:00,19.78,60.54
22:40:00,21.12,62.21
22:40:00,23.41,60.75
22:45:00,3.55,64.40
22:45:00,6.88,60.30
22:45:00,8.8,59.76
22:45:00,9.03,0.96
22:45:00,9.45,62.42
22:45:00,10.27,59.67
22:45:00,11.05,59.76
22:45:00,12.94,60.76
22:45:00,13.58,62.61
22:45:00,14.32,59.65
22:45:00,16.2,61.15
22:45:00,18.1,59.69
22:45:00,19.4,60.01
22:45:00,19.78,60.81
22:45:00,21.12,62.29
22:45:00,23.41,60.71
22:50:00,3.55,64.17
22:50:00,6.88,60.95
22:50:00,8.8,59.88
22:50:00,9.03,0.95
22:50:00,9.45,62.12
22:50:00,10.27,60.93
22:50:00,11.05,59.97
22:50:00,12.94,61.06
22:50:00,13.58,62.70
22:50:00,14.32,60.25
22:50:00,16.2,61.31
22:50:00,18.1,59.99
22:50:00,19.4,59.38
22:50:00,19.78,60.61
22:50:00,21.12,62.40
22:50:00,23.41,60.78
22:55:00,3.55,64.35
22:55:00,6.88,60.58
22:55:00,8.8,59.72
22:55:00,9.03,0.93
22:55:00,9.45,62.05
22:55:00,10.27,60.28
22:55:00,11.05,59.64
22:55:00,12.94,61.03
22:55:00,13.58,62.72
22:55:00,14.32,60.31
22:55:00,16.2,61.47
22:55:00,18.1,60.36
22:55:00,19.4,59.89
22:55:00,19.78,60.84
22:55:00,21.12,62.29
22:55:00,23.41,60.96
23:00:00,3.55,64.51
23:00:00,6.88,60.13
23:00:00,8.8,59.77
23:00:00,9.03,1.00
23:00:00,9.45,62.09
23:00:00,10.27,59.25
23:00:00,11.05,59.97
23:00:00,12.94,60.74
23:00:00,13.58,62.84
23:00:00,14.32,60.05
23:00:00,16.2,61.17
23:00:00,18.1,60.06
23:00:00,19.4,60.05
23:00:00,19.78,60.71
23:00:00,21.12,62.40
23:00:00,23.41,61.13
23:05:00,3.55,64.46
23:05:00,6.88,60.25
23:05:00,8.8,59.93
23:05:00,9.03,0.93
23:05:00,9.45,62.22
23:05:00,10.27,59.51
23:05:00,11.05,59.87
23:05:00,12.94,60.67
23:05:00,13.58,62.38
23:05:00,14.32,59.95
23:05:00,16.2,61.40
23:05:00,18.1,60.41
23:05:00,19.4,60.18
23:05:00,19.78,60.85
23:05:00,21.12,62.43
23:05:00,23.41,60.88
23:10:00,3.55,64.56
23:10:00,6.88,60.49
23:10:00,8.8,59.69
23:10:00,9.03,0.85
23:10:00,9.45,61.92
23:10:00,10.27,59.92
23:10:00,11.05,60.08
23:10:00,12.94,61.05
23:10:00,13.58,62.41
23:10:00,14.32,59.96
23:10:00,16.2,61.00
23:10:00,18.1,60.02
23:10:00,19.4,59.95
23:10:00,19.78,60.82
23:10:00,21.12,62.37
23:10:00,23.41,60.92
23:15:00,3.55,64.84
23:15:00,6.88,60.55
23:15:00,8.8,59.86
23:15:00,9.03,1.00
23:15:00,9.45,62.13
23:15:00,10.27,60.11
23:15:00,11.05,59.79
23:15:00,12.94,60.83
23:15:00,13.58,62.83
23:15:00,14.32,60.40
23:15:00,16.2,61.54
23:15:00,18.1,60.55
23:15:00,19.4,60.12
23:15:00,19.78,60.73
23:15:00,21.12,62.41
23:15:00,23.41,60.69
23:20:00,3.55,64.20
23:20:00,6.88,60.33
23:20:00,8.8,60.14
23:20:00,9.03,0.65
23:20:00,9.45,62.30
23:20:00,10.27,60.37
23:20:00,11.05,59.98
23:20:00,12.94,60.66
23:20:00,13.58,62.41
23:20:00,14.32,60.38
23:20:00,16.2,61.56
23:20:00,18.1,60.93
23:20:00,19.4,60.03
23:20:00,19.78,61.16
23:20:00,21.12,62.35
23:20:00,23.41,60.55
23:25:00,3.55,64.63
23:25:00,6.88,60.20
23:25:00,8.8,59.75
23:25:00,9.03,1.00
23:25:00,9.45,62.31
23:25:00,10.27,59.94
23:25:00,11.05,59.74
23:25:00,12.94,60.74
23:25:00,13.58,62.58
23:25:00,14.32,60.43
23:25:00,16.2,61.51
23:25:00,18.1,60.34
23:25:00,19.4,60.37
23:25:00,19.78,61.16
23:25:00,21.12,62.32
23:25:00,23.41,60.34
23:30:00,3.55,64.41
23:30:00,6.88,60.47
23:30:00,8.8,59.76
23:30:00,9.03,0.89
23:30:00,9.45,62.33
23:30:00,10.27,60.20
23:30:00,11.05,60.26
23:30:00,12.94,60.96
23:30:00,13.58,62.52
23:30:00,14.32,60.39
23:30:00,16.2,61.53
23:30:00,18.1,60.77
23:30:00,19.4,60.04
23:30:00,19.78,61.20
23:30:00,21.12,62.48
23:30:00,23.41,60.69
23:35:00,3.55,64.46
23:35:00,6.88,61.02
23:35:00,8.8,59.25
23:35:00,9.03,0.83
23:35:00,9.45,61.66
23:35:00,10.27,59.59
23:35:00,11.05,59.92
23:35:00,12.94,60.91
23:35:00,13.58,62.29
23:35:00,14.32,60.87
23:35:00,16.2,61.62
23:35:00,18.1,60.70
23:35:00,19.4,60.35
23:35:00,19.78,60.89
23:35:00,21.12,62.67
23:35:00,23.41,60.62
23:40:00,3.55,64.52
23:40:00,6.88,60.56
23:40:00,8.8,59.59
23:40:00,9.03,1.00
23:40:00,9.45,62.24
23:40:00,10.27,60.50
23:40:00,11.05,59.55
23:40:00,12.94,60.87
23:40:00,13.58,62.95
23:40:00,14.32,60.70
23:40:00,16.2,61.15
23:40:00,18.1,60.53
23:40:00,19.4,60.35
23:40:00,19.78,60.98
23:40:00,21.12,62.22
23:40:00,23.41,60.79
23:45:00,3.55,64.23
23:45:00,6.88,60.84
23:45:00,8.8,59.74
23:45:00,9.03,0.91
23:45:00,9.45,62.28
23:45:00,10.27,59.30
23:45:00,11.05,59.81
23:45:00,12.94,60.66
23:45:00,13.58,61.80
23:45:00,14.32,60.02
23:45:00,16.2,61.44
23:45:00,18.1,61.11
23:45:00,19.4,60.35
23:45:00,19.78,61.12
23:45:00,21.12,62.82
23:45:00,23.41,60.66
23:50:00,3.55,65.17
23:50:00,6.88,60.13
23:50:00,8.8,59.37
23:50:00,9.03,1.00
23:50:00,9.45,61.80
23:50:00,10.27,59.09
23:50:00,11.05,59.83
23:50:00,12.94,60.82
23:50:00,13.58,62.70
23:50:00,14.32,60.44
23:50:00,16.2,61.30
23:50:00,18.1,60.59
23:50:00,19.4,60.63
23:50:00,19.78,61.32
23:50:00,21.12,62.68
23:50:00,23.41,61.15
23:55:00,3.55,64.49
23:55:00,6.88,60.73
23:55:00,8.8,59.90
23:55:00,9.03,1.00
23:55:00,9.45,62.43
23:55:00,10.27,59.99
23:55:00,11.05,60.17
23:55:00,12.94,61.28
23:55:00,13.58,62.41
23:55:00,14.32,60.69
23:55:00,16.2,61.05
23:55:00,18.1,60.63
23:55:00,19.4,60.17
23:55:00,19.78,61.32
23:55:00,21.12,62.62
23:55:00,23.41,61.18
