00:00:00,0.0,42.48
00:00:00,61.05,60.19
00:00:00,62.48,60.10
00:00:00,64.24,38.13
00:00:00,65.65,57.97
00:00:00,67,65.80
00:00:00,68.2,63.54
00:00:00,69.3,40.52
00:00:00,69.31,63.65
00:00:00,71.07,62.36
00:00:00,71.08,52.64
00:00:00,72.17,58.51
00:00:00,73.17,59.47
00:00:00,73.33,50.84
00:00:00,73.71,48.80
00:05:00,0.0,42.17
00:05:00,61.05,60.70
00:05:00,62.48,61.16
00:05:00,64.24,39.75
00:05:00,65.65,57.32
00:05:00,67,65.85
00:05:00,68.2,63.62
00:05:00,69.3,39.77
00:05:00,69.31,63.22
00:05:00,71.07,62.16
00:05:00,71.08,53.13
00:05:00,72.17,58.87
00:05:00,73.17,58.99
00:05:00,73.33,50.66
00:05:00,73.71,48.80
00:10:00,0.0,42.69
00:10:00,61.05,60.25
00:10:00,62.48,60.20
00:10:00,64.24,37.32
00:10:00,65.65,57.68
00:10:00,67,65.66
00:10:00,68.2,63.24
00:10:00,69.3,41.17
00:10:00,69.31,63.39
00:10:00,71.07,61.67
00:10:00,71.08,51.54
00:10:00,72.17,58.94
00:10:00,73.17,59.52
00:10:00,73.33,50.31
00:10:00,73.71,48.69
00:15:00,0.0,42.67
00:15:00,61.05,60.42
00:15:00,62.48,59.72
00:15:00,64.24,39.93
00:15:00,65.65,57.47
00:15:00,67,65.30
00:15:00,68.2,63.32
00:15:00,69.3,40.12
00:15:00,69.31,63.61
00:15:00,71.07,62.42
00:15:00,71.08,53.70
00:15:00,72.17,58.89
00:15:00,73.17,59.41
00:15:00,73.33,50.53
00:15:00,73.71,48.09
00:20:00,0.0,42.42
00:20:00,61.05,59.61
00:20:00,62.48,60.34
00:20:00,64.24,36.01
00:20:00,65.65,58.36
00:20:00,67,65.14
00:20:00,68.2,63.67
00:20:00,69.3,40.52
00:20:00,69.31,63.43
00:20:00,71.07,61.95
00:20:00,71.08,53.56
00:20:00,72.17,58.74
00:20:00,73.17,59.79
00:20:00,73.33,50.82
00:20:00,73.71,48.47
00:25:00,0.0,42.62
00:25:00,61.05,60.33
00:25:00,62.48,60.37
00:25:00,64.24,35.21
00:25:00,65.65,58.40
00:25:00,67,65.62
00:25:00,68.2,63.80
00:25:00,69.3,39.94
00:25:00,69.31,63.52
00:25:00,71.07,62.25
00:25:00,71.08,54.52
00:25:00,72.17,59.03
00:25:00,73.17,59.55
00:25:00,73.33,50.05
00:25:00,73.71,47.85
00:30:00,0.0,42.60
00:30:00,61.05,60.15
00:30:00,62.48,60.34
00:30:00,64.24,32.97
00:30:00,65.65,57.67
00:30:00,67,65.76
00:30:00,68.2,63.54
00:30:00,69.3,40.05
00:30:00,69.31,63.56
00:30:00,71.07,62.36
00:30:00,71.08,51.43
00:30:00,72.17,58.82
00:30:00,73.17,59.65
00:30:00,73.33,50.47
00:30:00,73.71,49.10
00:35:00,0.0,42.64
00:35:00,61.05,60.11
00:35:00,62.48,60.53
00:35:00,64.24,35.56
00:35:00,65.65,57.15
00:35:00,67,64.83
00:35:00,68.2,63.92
00:35:00,69.3,40.69
00:35:00,69.31,63.88
00:35:00,71.07,62.21
00:35:00,71.08,52.98
00:35:00,72.17,58.71
00:35:00,73.17,59.38
00:35:00,73.33,50.68
00:35:00,73.71,48.06
00:40:00,0.0,42.63
00:40:00,61.05,60.42
00:40:00,62.48,60.54
00:40:00,64.24,32.00
00:40:00,65.65,58.47
00:40:00,67,64.96
00:40:00,68.2,63.82
00:40:00,69.3,39.68
00:40:00,69.31,63.57
00:40:00,71.07,62.08
00:40:00,71.08,52.45
00:40:00,72.17,58.71
00:40:00,73.17,59.52
00:40:00,73.33,50.24
00:40:00,73.71,48.50
00:45:00,0.0,42.29
00:45:00,61.05,60.01
00:45:00,62.48,60.04
00:45:00,64.24,32.78
00:45:00,65.65,57.69
00:45:00,67,65.64
00:45:00,68.2,62.71
00:45:00,69.3,39.90
00:45:00,69.31,63.59
00:45:00,71.07,62.30
00:45:00,71.08,52.86
00:45:00,72.17,58.92
00:45:00,73.17,59.39
00:45:00,73.33,50.66
00:45:00,73.71,49.14
00:50:00,0.0,42.44
00:50:00,61.05,60.42
00:50:00,62.48,60.21
00:50:00,64.24,32.87
00:50:00,65.65,57.77
00:50:00,67,65.49
00:50:00,68.2,63.61
00:50:00,69.3,40.70
00:50:00,69.31,63.17
00:50:00,71.07,61.95
00:50:00,71.08,54.51
00:50:00,72.17,58.54
00:50:00,73.17,59.02
00:50:00,73.33,50.44
00:50:00,73.71,48.41
00:55:00,0.0,42.56
00:55:00,61.05,60.85
00:55:00,62.48,59.90
00:55:00,64.24,35.63
00:55:00,65.65,57.64
00:55:00,67,65.86
00:55:00,68.2,63.56
00:55:00,69.3,40.25
00:55:00,69.31,63.19
00:55:00,71.07,61.63
00:55:00,71.08,53.03
00:55:00,72.17,58.43
00:55:00,73.17,59.48
00:55:00,73.33,50.94
00:55:00,73.71,48.40
01:00:00,0.0,41.80
01:00:00,61.05,60.35
01:00:00,62.48,60.43
01:00:00,64.24,31.07
01:00:00,65.65,57.40
01:00:00,67,64.60
01:00:00,68.2,63.16
01:00:00,69.3,39.91
01:00:00,69.31,63.18
01:00:00,71.07,61.70
01:00:00,71.08,51.69
01:00:00,72.17,58.55
01:00:00,73.17,58.89
01:00:00,73.33,50.33
01:00:00,73.71,48.53
01:05:00,0.0,41.98
01:05:00,61.05,61.14
01:05:00,62.48,60.46
01:05:00,64.24,32.33
01:05:00,65.65,56.76
01:05:00,67,65.36
01:05:00,68.2,63.07
01:05:00,69.3,40.08
01:05:00,69.31,63.46
01:05:00,71.07,61.63
01:05:00,71.08,50.94
01:05:00,72.17,58.33
01:05:00,73.17,59.63
01:05:00,73.33,51.25
01:05:00,73.71,48.49
01:10:00,0.0,42.42
01:10:00,61.05,59.69
01:10:00,62.48,60.60
01:10:00,64.24,30.53
01:10:00,65.65,57.13
01:10:00,67,65.89
01:10:00,68.2,62.96
01:10:00,69.3,39.93
01:10:00,69.31,63.17
01:10:00,71.07,61.50
01:10:00,71.08,51.46
01:10:00,72.17,58.70
01:10:00,73.17,59.66
01:10:00,73.33,50.69
01:10:00,73.71,48.33
01:15:00,0.0,42.08
01:15:00,61.05,59.90
01:15:00,62.48,60.07
01:15:00,64.24,31.78
01:15:00,65.65,57.67
01:15:00,67,64.54
01:15:00,68.2,62.95
01:15:00,69.3,39.28
01:15:00,69.31,63.58
01:15:00,71.07,61.75
01:15:00,71.08,51.69
01:15:00,72.17,58.59
01:15:00,73.17,59.69
01:15:00,73.33,51.19
01:15:00,73.71,47.84
01:20:00,0.0,41.88
01:20:00,61.05,59.41
01:20:00,62.48,60.40
01:20:00,64.24,33.47
01:20:00,65.65,57.30
01:20:00,67,65.83
01:20:00,68.2,63.49
01:20:00,69.3,39.45
01:20:00,69.31,63.74
01:20:00,71.07,61.89
01:20:00,71.08,53.71
01:20:00,72.17,58.88
01:20:00,73.17,59.44
01:20:00,73.33,50.23
01:20:00,73.71,48.73
01:25:00,0.0,42.20
01:25:00,61.05,60.09
01:25:00,62.48,59.95
01:25:00,64.24,29.45
01:25:00,65.65,56.83
01:25:00,67,64.44
01:25:00,68.2,63.33
01:25:00,69.3,40.27
01:25:00,69.31,63.72
01:25:00,71.07,61.64
01:25:00,71.08,54.46
01:25:00,72.17,58.92
01:25:00,73.17,59.62
01:25:00,73.33,50.68
01:25:00,73.71,47.78
01:30:00,0.0,42.16
01:30:00,61.05,59.87
01:30:00,62.48,60.56
01:30:00,64.24,28.39
01:30:00,65.65,57.77
01:30:00,67,64.90
01:30:00,68.2,63.37
01:30:00,69.3,39.90
01:30:00,69.31,63.70
01:30:00,71.07,62.14
01:30:00,71.08,53.71
01:30:00,72.17,58.62
01:30:00,73.17,59.47
01:30:00,73.33,50.50
01:30:00,73.71,48.35
01:35:00,0.0,42.13
01:35:00,61.05,59.54
01:35:00,62.48,60.13
01:35:00,64.24,32.37
01:35:00,65.65,56.82
01:35:00,67,65.77
01:35:00,68.2,63.12
01:35:00,69.3,40.64
01:35:00,69.31,63.50
01:35:00,71.07,62.04
01:35:00,71.08,51.82
01:35:00,72.17,58.66
01:35:00,73.17,59.44
01:35:00,73.33,50.44
01:35:00,73.71,48.68
01:40:00,0.0,41.79
01:40:00,61.05,59.70
01:40:00,62.48,60.50
01:40:00,64.24,30.62
01:40:00,65.65,57.25
01:40:00,67,64.66
01:40:00,68.2,62.60
01:40:00,69.3,40.35
01:40:00,69.31,63.62
01:40:00,71.07,62.21
01:40:00,71.08,52.80
01:40:00,72.17,58.72
01:40:00,73.17,59.07
01:40:00,73.33,50.85
01:40:00,73.71,48.69
01:45:00,0.0,42.00
01:45:00,61.05,60.27
01:45:00,62.48,59.91
01:45:00,64.24,32.27
01:45:00,65.65,56.85
01:45:00,67,65.14
01:45:00,68.2,62.60
01:45:00,69.3,40.55
01:45:00,69.31,63.29
01:45:00,71.07,62.05
01:45:00,71.08,51.55
01:45:00,72.17,58.78
01:45:00,73.17,59.54
01:45:00,73.33,50.99
01:45:00,73.71,49.06
01:50:00,0.0,42.38
01:50:00,61.05,60.20
01:50:00,62.48,59.82
01:50:00,64.24,32.71
01:50:00,65.65,57.15
01:50:00,67,64.37
01:50:00,68.2,63.41
01:50:00,69.3,39.90
01:50:00,69.31,63.72
01:50:00,71.07,61.85
01:50:00,71.08,56.31
01:50:00,72.17,59.02
01:50:00,73.17,59.54
01:50:00,73.33,50.59
01:50:00,73.71,49.47
01:55:00,0.0,42.49
01:55:00,61.05,59.05
01:55:00,62.48,59.92
01:55:00,64.24,30.28
01:55:00,65.65,57.42
01:55:00,67,65.19
01:55:00,68.2,62.75
01:55:00,69.3,39.85
01:55:00,69.31,63.35
01:55:00,71.07,62.16
01:55:00,71.08,53.01
01:55:00,72.17,59.10
01:55:00,73.17,59.98
01:55:00,73.33,50.71
01:55:00,73.71,48.07
02:00:00,0.0,42.69
02:00:00,61.05,60.36
02:00:00,62.48,60.11
02:00:00,64.24,32.99
02:00:00,65.65,57.18
02:00:00,67,65.54
02:00:00,68.2,62.92
02:00:00,69.3,38.16
02:00:00,69.31,63.88
02:00:00,71.07,62.33
02:00:00,71.08,54.26
02:00:00,72.17,59.00
02:00:00,73.17,60.04
02:00:00,73.33,50.49
02:00:00,73.71,48.62
02:05:00,0.0,42.65
02:05:00,61.05,59.76
02:05:00,62.48,60.02
02:05:00,64.24,29.52
02:05:00,65.65,57.71
02:05:00,67,65.76
02:05:00,68.2,62.69
02:05:00,69.3,39.29
02:05:00,69.31,63.63
02:05:00,71.07,61.88
02:05:00,71.08,54.03
02:05:00,72.17,58.73
02:05:00,73.17,59.73
02:05:00,73.33,51.18
02:05:00,73.71,48.01
02:10:00,0.0,42.17
02:10:00,61.05,60.00
02:10:00,62.48,60.37
02:10:00,64.24,29.80
02:10:00,65.65,56.31
02:10:00,67,65.87
02:10:00,68.2,63.16
02:10:00,69.3,39.67
02:10:00,69.31,63.58
02:10:00,71.07,62.16
02:10:00,71.08,56.41
02:10:00,72.17,59.05
02:10:00,73.17,59.70
02:10:00,73.33,49.62
02:10:00,73.71,47.66
02:15:00,0.0,42.36
02:15:00,61.05,59.89
02:15:00,62.48,60.29
02:15:00,64.24,30.26
02:15:00,65.65,57.68
02:15:00,67,64.67
02:15:00,68.2,63.02
02:15:00,69.3,39.45
02:15:00,69.31,64.09
02:15:00,71.07,62.13
02:15:00,71.08,52.63
02:15:00,72.17,58.52
02:15:00,73.17,59.72
02:15:00,73.33,50.11
02:15:00,73.71,47.49
02:20:00,0.0,42.63
02:20:00,61.05,60.14
02:20:00,62.48,60.26
02:20:00,64.24,30.79
02:20:00,65.65,56.68
02:20:00,67,66.12
02:20:00,68.2,62.59
02:20:00,69.3,38.74
02:20:00,69.31,63.62
02:20:00,71.07,61.79
02:20:00,71.08,52.89
02:20:00,72.17,59.12
02:20:00,73.17,59.69
02:20:00,73.33,51.26
02:20:00,73.71,48.39
02:25:00,0.0,42.42
02:25:00,61.05,59.69
02:25:00,62.48,59.77
02:25:00,64.24,30.45
02:25:00,65.65,57.10
02:25:00,67,66.10
02:25:00,68.2,62.86
02:25:00,69.3,39.89
02:25:00,69.31,63.73
02:25:00,71.07,62.11
02:25:00,71.08,51.55
02:25:00,72.17,59.04
02:25:00,73.17,59.95
02:25:00,73.33,51.47
02:25:00,73.71,48.27
02:30:00,0.0,42.07
02:30:00,61.05,59.90
02:30:00,62.48,59.86
02:30:00,64.24,26.35
02:30:00,65.65,57.90
02:30:00,67,65.84
02:30:00,68.2,63.22
02:30:00,69.3,40.49
02:30:00,69.31,63.61
02:30:00,71.07,62.08
02:30:00,71.08,53.69
02:30:00,72.17,59.17
02:30:00,73.17,60.01
02:30:00,73.33,51.49
02:30:00,73.71,48.16
02:35:00,0.0,42.42
02:35:00,61.05,60.12
02:35:00,62.48,60.36
02:35:00,64.24,31.64
02:35:00,65.65,57.29
02:35:00,67,65.15
02:35:00,68.2,63.73
02:35:00,69.3,40.35
02:35:00,69.31,63.93
02:35:00,71.07,61.38
02:35:00,71.08,53.14
02:35:00,72.17,58.86
02:35:00,73.17,59.42
02:35:00,73.33,50.66
02:35:00,73.71,47.95
02:40:00,0.0,42.21
02:40:00,61.05,60.54
02:40:00,62.48,59.78
02:40:00,64.24,32.12
02:40:00,65.65,58.81
02:40:00,67,66.26
02:40:00,68.2,63.13
02:40:00,69.3,40.55
02:40:00,69.31,63.76
02:40:00,71.07,61.55
02:40:00,71.08,52.78
02:40:00,72.17,58.95
02:40:00,73.17,59.80
02:40:00,73.33,51.35
02:40:00,73.71,49.45
02:45:00,0.0,42.66
02:45:00,61.05,60.10
02:45:00,62.48,59.42
02:45:00,64.24,29.21
02:45:00,65.65,57.96
02:45:00,67,65.40
02:45:00,68.2,62.74
02:45:00,69.3,40.03
02:45:00,69.31,63.56
02:45:00,71.07,61.38
02:45:00,71.08,54.02
02:45:00,72.17,58.93
02:45:00,73.17,59.36
02:45:00,73.33,50.83
02:45:00,73.71,49.04
02:50:00,0.0,42.35
02:50:00,61.05,60.38
02:50:00,62.48,59.92
02:50:00,64.24,27.91
02:50:00,65.65,58.09
02:50:00,67,66.12
02:50:00,68.2,63.40
02:50:00,69.3,38.90
02:50:00,69.31,64.23
02:50:00,71.07,61.98
02:50:00,71.08,51.57
02:50:00,72.17,58.76
02:50:00,73.17,59.35
02:50:00,73.33,51.14
02:50:00,73.71,49.18
02:55:00,0.0,42.52
02:55:00,61.05,60.67
02:55:00,62.48,60.49
02:55:00,64.24,25.46
02:55:00,65.65,57.82
02:55:00,67,65.54
02:55:00,68.2,62.63
02:55:00,69.3,40.70
02:55:00,69.31,63.65
02:55:00,71.07,61.77
02:55:00,71.08,50.51
02:55:00,72.17,58.52
02:55:00,73.17,59.11
02:55:00,73.33,50.47
02:55:00,73.71,48.46
03:00:00,0.0,42.13
03:00:00,61.05,59.97
03:00:00,62.48,60.04
03:00:00,64.24,28.73
03:00:00,65.65,57.97
03:00:00,67,65.75
03:00:00,68.2,62.87
03:00:00,69.3,40.23
03:00:00,69.31,62.96
03:00:00,71.07,61.98
03:00:00,71.08,51.95
03:00:00,72.17,58.14
03:00:00,73.17,58.99
03:00:00,73.33,51.02
03:00:00,73.71,47.91
03:05:00,0.0,42.43
03:05:00,61.05,60.83
03:05:00,62.48,60.15
03:05:00,64.24,29.17
03:05:00,65.65,57.14
03:05:00,67,63.68
03:05:00,68.2,62.51
03:05:00,69.3,39.66
03:05:00,69.31,63.16
03:05:00,71.07,62.19
03:05:00,71.08,55.73
03:05:00,72.17,58.22
03:05:00,73.17,58.65
03:05:00,73.33,50.54
03:05:00,73.71,49.39
03:10:00,0.0,42.21
03:10:00,61.05,59.45
03:10:00,62.48,59.88
03:10:00,64.24,25.86
03:10:00,65.65,57.40
03:10:00,67,64.57
03:10:00,68.2,62.80
03:10:00,69.3,40.04
03:10:00,69.31,63.20
03:10:00,71.07,62.43
03:10:00,71.08,52.33
03:10:00,72.17,58.54
03:10:00,73.17,58.91
03:10:00,73.33,50.70
03:10:00,73.71,47.39
03:15:00,0.0,42.37
03:15:00,61.05,60.53
03:15:00,62.48,59.83
03:15:00,64.24,27.00
03:15:00,65.65,57.63
03:15:00,67,66.00
03:15:00,68.2,61.44
03:15:00,69.3,39.00
03:15:00,69.31,63.30
03:15:00,71.07,62.30
03:15:00,71.08,51.36
03:15:00,72.17,58.39
03:15:00,73.17,58.85
03:15:00,73.33,51.11
03:15:00,73.71,49.10
03:20:00,0.0,41.99
03:20:00,61.05,60.75
03:20:00,62.48,59.75
03:20:00,64.24,28.85
03:20:00,65.65,57.06
03:20:00,67,65.29
03:20:00,68.2,62.57
03:20:00,69.3,38.95
03:20:00,69.31,63.41
03:20:00,71.07,61.85
03:20:00,71.08,52.92
03:20:00,72.17,57.96
03:20:00,73.17,58.60
03:20:00,73.33,49.73
03:20:00,73.71,49.08
03:25:00,0.0,41.87
03:25:00,61.05,60.07
03:25:00,62.48,59.80
03:25:00,64.24,29.26
03:25:00,65.65,56.82
03:25:00,67,64.06
03:25:00,68.2,63.96
03:25:00,69.3,39.47
03:25:00,69.31,62.92
03:25:00,71.07,60.92
03:25:00,71.08,50.38
03:25:00,72.17,58.23
03:25:00,73.17,58.79
03:25:00,73.33,50.79
03:25:00,73.71,50.63
03:30:00,0.0,42.86
03:30:00,61.05,59.65
03:30:00,62.48,60.13
03:30:00,64.24,25.85
03:30:00,65.65,57.29
03:30:00,67,65.66
03:30:00,68.2,62.79
03:30:00,69.3,39.52
03:30:00,69.31,63.24
03:30:00,71.07,61.87
03:30:00,71.08,49.03
03:30:00,72.17,57.98
03:30:00,73.17,58.18
03:30:00,73.33,50.76
03:30:00,73.71,50.54
03:35:00,0.0,42.40
03:35:00,61.05,60.35
03:35:00,62.48,59.23
03:35:00,64.24,29.14
03:35:00,65.65,57.72
03:35:00,67,64.51
03:35:00,68.2,63.11
03:35:00,69.3,39.73
03:35:00,69.31,63.46
03:35:00,71.07,61.58
03:35:00,71.08,55.42
03:35:00,72.17,58.24
03:35:00,73.17,58.50
03:35:00,73.33,49.81
03:35:00,73.71,49.24
03:40:00,0.0,43.10
03:40:00,61.05,59.94
03:40:00,62.48,60.78
03:40:00,64.24,29.20
03:40:00,65.65,57.25
03:40:00,67,66.38
03:40:00,68.2,62.61
03:40:00,69.3,38.12
03:40:00,69.31,63.26
03:40:00,71.07,62.05
03:40:00,71.08,49.80
03:40:00,72.17,58.19
03:40:00,73.17,59.14
03:40:00,73.33,49.84
03:40:00,73.71,50.21
03:45:00,0.0,42.75
03:45:00,61.05,60.81
03:45:00,62.48,60.76
03:45:00,64.24,31.78
03:45:00,65.65,57.08
03:45:00,67,66.32
03:45:00,68.2,62.50
03:45:00,69.3,39.56
03:45:00,69.31,63.56
03:45:00,71.07,62.01
03:45:00,71.08,50.86
03:45:00,72.17,57.28
03:45:00,73.17,58.00
03:45:00,73.33,50.34
03:45:00,73.71,49.92
03:50:00,0.0,42.47
03:50:00,61.05,60.61
03:50:00,62.48,59.85
03:50:00,64.24,30.39
03:50:00,65.65,56.45
03:50:00,67,65.75
03:50:00,68.2,62.78
03:50:00,69.3,40.04
03:50:00,69.31,63.65
03:50:00,71.07,62.15
03:50:00,71.08,54.51
03:50:00,72.17,58.35
03:50:00,73.17,58.74
03:50:00,73.33,49.85
03:50:00,73.71,47.69
03:55:00,0.0,41.90
03:55:00,61.05,59.60
03:55:00,62.48,59.78
03:55:00,64.24,29.10
03:55:00,65.65,58.03
03:55:00,67,65.87
03:55:00,68.2,63.34
03:55:00,69.3,39.75
03:55:00,69.31,63.28
03:55:00,71.07,61.60
03:55:00,71.08,52.98
03:55:00,72.17,58.17
03:55:00,73.17,59.23
03:55:00,73.33,49.94
03:55:00,73.71,48.94
04:00:00,0.0,42.46
04:00:00,61.05,60.09
04:00:00,62.48,60.02
04:00:00,64.24,28.55
04:00:00,65.65,55.93
04:00:00,67,65.59
04:00:00,68.2,63.15
04:00:00,69.3,39.26
04:00:00,69.31,64.16
04:00:00,71.07,62.01
04:00:00,71.08,51.64
04:00:00,72.17,58.45
04:00:00,73.17,58.38
04:00:00,73.33,49.62
04:00:00,73.71,48.86
04:05:00,0.0,42.10
04:05:00,61.05,60.26
04:05:00,62.48,60.28
04:05:00,64.24,29.10
04:05:00,65.65,56.93
04:05:00,67,64.68
04:05:00,68.2,63.04
04:05:00,69.3,38.85
04:05:00,69.31,63.16
04:05:00,71.07,61.39
04:05:00,71.08,51.57
04:05:00,72.17,57.65
04:05:00,73.17,57.93
04:05:00,73.33,48.75
04:05:00,73.71,47.01
04:10:00,0.0,41.58
04:10:00,61.05,60.94
04:10:00,62.48,60.13
04:10:00,64.24,27.77
04:10:00,65.65,55.56
04:10:00,67,65.96
04:10:00,68.2,62.96
04:10:00,69.3,39.68
04:10:00,69.31,63.91
04:10:00,71.07,61.01
04:10:00,71.08,51.09
04:10:00,72.17,57.33
04:10:00,73.17,57.44
04:10:00,73.33,48.30
04:10:00,73.71,48.50
04:15:00,0.0,42.53
04:15:00,61.05,60.89
04:15:00,62.48,60.58
04:15:00,64.24,31.28
04:15:00,65.65,58.11
04:15:00,67,66.05
04:15:00,68.2,61.62
04:15:00,69.3,39.61
04:15:00,69.31,63.51
04:15:00,71.07,61.26
04:15:00,71.08,52.21
04:15:00,72.17,57.40
04:15:00,73.17,58.59
04:15:00,73.33,49.51
04:15:00,73.71,48.97
04:20:00,0.0,42.92
04:20:00,61.05,60.72
04:20:00,62.48,60.51
04:20:00,64.24,26.46
04:20:00,65.65,56.98
04:20:00,67,65.85
04:20:00,68.2,63.58
04:20:00,69.3,38.98
04:20:00,69.31,63.97
04:20:00,71.07,61.42
04:20:00,71.08,49.87
04:20:00,72.17,57.41
04:20:00,73.17,58.27
04:20:00,73.33,50.33
04:20:00,73.71,47.72
04:25:00,0.0,42.33
04:25:00,61.05,60.20
04:25:00,62.48,60.88
04:25:00,64.24,31.22
04:25:00,65.65,57.87
04:25:00,67,65.02
04:25:00,68.2,63.88
04:25:00,69.3,40.03
04:25:00,69.31,63.54
04:25:00,71.07,61.68
04:25:00,71.08,52.16
04:25:00,72.17,58.18
04:25:00,73.17,57.92
04:25:00,73.33,50.69
04:25:00,73.71,48.32
04:30:00,0.0,42.79
04:30:00,61.05,60.81
04:30:00,62.48,60.81
04:30:00,64.24,31.61
04:30:00,65.65,56.85
04:30:00,67,65.18
04:30:00,68.2,63.30
04:30:00,69.3,39.85
04:30:00,69.31,64.44
04:30:00,71.07,61.94
04:30:00,71.08,51.22
04:30:00,72.17,57.53
04:30:00,73.17,58.18
04:30:00,73.33,49.63
04:30:00,73.71,47.44
04:35:00,0.0,41.95
04:35:00,61.05,60.18
04:35:00,62.48,60.30
04:35:00,64.24,31.53
04:35:00,65.65,57.75
04:35:00,67,66.23
04:35:00,68.2,63.56
04:35:00,69.3,39.25
04:35:00,69.31,64.58
04:35:00,71.07,62.16
04:35:00,71.08,54.04
04:35:00,72.17,58.26
04:35:00,73.17,58.17
04:35:00,73.33,50.06
04:35:00,73.71,48.70
04:40:00,0.0,42.42
04:40:00,61.05,60.82
04:40:00,62.48,60.64
04:40:00,64.24,30.31
04:40:00,65.65,57.06
04:40:00,67,66.48
04:40:00,68.2,63.43
04:40:00,69.3,41.05
04:40:00,69.31,64.18
04:40:00,71.07,62.25
04:40:00,71.08,50.35
04:40:00,72.17,58.04
04:40:00,73.17,58.45
04:40:00,73.33,50.46
04:40:00,73.71,48.94
04:45:00,0.0,42.03
04:45:00,61.05,60.84
04:45:00,62.48,61.23
04:45:00,64.24,30.88
04:45:00,65.65,57.86
04:45:00,67,67.17
04:45:00,68.2,62.92
04:45:00,69.3,40.48
04:45:00,69.31,64.68
04:45:00,71.07,63.19
04:45:00,71.08,56.26
04:45:00,72.17,58.76
04:45:00,73.17,59.13
04:45:00,73.33,51.47
04:45:00,73.71,50.16
04:50:00,0.0,42.19
04:50:00,61.05,61.46
04:50:00,62.48,60.85
04:50:00,64.24,31.24
04:50:00,65.65,59.20
04:50:00,67,66.66
04:50:00,68.2,64.64
04:50:00,69.3,40.98
04:50:00,69.31,64.93
04:50:00,71.07,63.14
04:50:00,71.08,55.17
04:50:00,72.17,59.10
04:50:00,73.17,59.37
04:50:00,73.33,49.81
04:50:00,73.71,50.17
04:55:00,0.0,42.82
04:55:00,61.05,61.39
04:55:00,62.48,62.43
04:55:00,64.24,31.05
04:55:00,65.65,57.94
04:55:00,67,67.58
04:55:00,68.2,63.93
04:55:00,69.3,40.80
04:55:00,69.31,64.97
04:55:00,71.07,62.14
04:55:00,71.08,48.68
04:55:00,72.17,58.88
04:55:00,73.17,58.66
04:55:00,73.33,50.14
04:55:00,73.71,48.80
05:00:00,0.0,41.89
05:00:00,61.05,61.50
05:00:00,62.48,61.05
05:00:00,64.24,32.48
05:00:00,65.65,58.89
05:00:00,67,66.80
05:00:00,68.2,64.30
05:00:00,69.3,40.33
05:00:00,69.31,65.86
05:00:00,71.07,62.21
05:00:00,71.08,54.03
05:00:00,72.17,58.96
05:00:00,73.17,58.21
05:00:00,73.33,50.32
05:00:00,73.71,49.40
05:05:00,0.0,42.60
05:05:00,61.05,61.89
05:05:00,62.48,61.82
05:05:00,64.24,37.26
05:05:00,65.65,58.35
05:05:00,67,67.72
05:05:00,68.2,64.52
05:05:00,69.3,40.62
05:05:00,69.31,64.76
05:05:00,71.07,62.99
05:05:00,71.08,50.55
05:05:00,72.17,59.25
05:05:00,73.17,59.39
05:05:00,73.33,50.80
05:05:00,73.71,51.12
05:10:00,0.0,43.06
05:10:00,61.05,62.14
05:10:00,62.48,62.12
05:10:00,64.24,33.71
05:10:00,65.65,58.41
05:10:00,67,66.72
05:10:00,68.2,63.73
05:10:00,69.3,40.82
05:10:00,69.31,65.56
05:10:00,71.07,63.26
05:10:00,71.08,53.44
05:10:00,72.17,59.03
05:10:00,73.17,59.20
05:10:00,73.33,50.60
05:10:00,73.71,50.30
05:15:00,0.0,42.33
05:15:00,61.05,62.08
05:15:00,62.48,61.86
05:15:00,64.24,33.66
05:15:00,65.65,57.27
05:15:00,67,67.24
05:15:00,68.2,63.80
05:15:00,69.3,40.74
05:15:00,69.31,66.02
05:15:00,71.07,63.57
05:15:00,71.08,54.57
05:15:00,72.17,59.74
05:15:00,73.17,60.03
05:15:00,73.33,50.33
05:15:00,73.71,49.87
05:20:00,0.0,43.01
05:20:00,61.05,62.67
05:20:00,62.48,61.99
05:20:00,64.24,37.54
05:20:00,65.65,59.04
05:20:00,67,66.74
05:20:00,68.2,65.12
05:20:00,69.3,39.52
05:20:00,69.31,65.25
05:20:00,71.07,63.13
05:20:00,71.08,55.42
05:20:00,72.17,58.86
05:20:00,73.17,59.61
05:20:00,73.33,50.93
05:20:00,73.71,50.73
05:25:00,0.0,43.08
05:25:00,61.05,61.68
05:25:00,62.48,62.37
05:25:00,64.24,37.81
05:25:00,65.65,59.36
05:25:00,67,67.19
05:25:00,68.2,64.31
05:25:00,69.3,40.21
05:25:00,69.31,65.18
05:25:00,71.07,63.73
05:25:00,71.08,50.64
05:25:00,72.17,60.06
05:25:00,73.17,59.65
05:25:00,73.33,51.46
05:25:00,73.71,50.40
05:30:00,0.0,43.87
05:30:00,61.05,62.75
05:30:00,62.48,61.91
05:30:00,64.24,36.56
05:30:00,65.65,59.82
05:30:00,67,68.19
05:30:00,68.2,65.01
05:30:00,69.3,41.20
05:30:00,69.31,65.51
05:30:00,71.07,63.85
05:30:00,71.08,52.92
05:30:00,72.17,60.05
05:30:00,73.17,60.03
05:30:00,73.33,51.56
05:30:00,73.71,51.25
05:35:00,0.0,43.67
05:35:00,61.05,61.94
05:35:00,62.48,62.83
05:35:00,64.24,40.94
05:35:00,65.65,59.80
05:35:00,67,67.87
05:35:00,68.2,64.91
05:35:00,69.3,40.79
05:35:00,69.31,65.93
05:35:00,71.07,64.22
05:35:00,71.08,54.30
05:35:00,72.17,60.20
05:35:00,73.17,60.35
05:35:00,73.33,51.80
05:35:00,73.71,50.80
05:40:00,0.0,43.13
05:40:00,61.05,62.72
05:40:00,62.48,62.48
05:40:00,64.24,41.01
05:40:00,65.65,60.05
05:40:00,67,67.40
05:40:00,68.2,65.98
05:40:00,69.3,40.87
05:40:00,69.31,66.19
05:40:00,71.07,64.09
05:40:00,71.08,53.95
05:40:00,72.17,60.90
05:40:00,73.17,60.96
05:40:00,73.33,51.52
05:40:00,73.71,50.81
05:45:00,0.0,43.69
05:45:00,61.05,62.12
05:45:00,62.48,62.47
05:45:00,64.24,41.19
05:45:00,65.65,60.61
05:45:00,67,68.92
05:45:00,68.2,66.31
05:45:00,69.3,41.44
05:45:00,69.31,66.60
05:45:00,71.07,64.28
05:45:00,71.08,53.93
05:45:00,72.17,59.97
05:45:00,73.17,60.37
05:45:00,73.33,50.94
05:45:00,73.71,50.68
05:50:00,0.0,43.18
05:50:00,61.05,62.76
05:50:00,62.48,63.33
05:50:00,64.24,41.76
05:50:00,65.65,60.45
05:50:00,67,68.41
05:50:00,68.2,65.68
05:50:00,69.3,41.43
05:50:00,69.31,65.97
05:50:00,71.07,64.15
05:50:00,71.08,53.16
05:50:00,72.17,60.64
05:50:00,73.17,60.56
05:50:00,73.33,51.78
05:50:00,73.71,49.00
05:55:00,0.0,43.12
05:55:00,61.05,61.97
05:55:00,62.48,62.88
05:55:00,64.24,39.98
05:55:00,65.65,59.72
05:55:00,67,68.07
05:55:00,68.2,65.72
05:55:00,69.3,41.56
05:55:00,69.31,65.89
05:55:00,71.07,64.12
05:55:00,71.08,55.85
05:55:00,72.17,60.76
05:55:00,73.17,60.29
05:55:00,73.33,51.58
05:55:00,73.71,49.80
06:00:00,0.0,43.32
06:00:00,61.05,62.59
06:00:00,62.48,62.38
06:00:00,64.24,39.04
06:00:00,65.65,59.17
06:00:00,67,67.71
06:00:00,68.2,64.83
06:00:00,69.3,40.96
06:00:00,69.31,65.98
06:00:00,71.07,63.89
06:00:00,71.08,51.92
06:00:00,72.17,60.14
06:00:00,73.17,60.47
06:00:00,73.33,52.22
06:00:00,73.71,51.18
06:05:00,0.0,42.89
06:05:00,61.05,62.37
06:05:00,62.48,62.11
06:05:00,64.24,38.05
06:05:00,65.65,59.62
06:05:00,67,67.96
06:05:00,68.2,65.48
06:05:00,69.3,40.76
06:05:00,69.31,65.52
06:05:00,71.07,63.22
06:05:00,71.08,56.42
06:05:00,72.17,60.20
06:05:00,73.17,60.48
06:05:00,73.33,51.37
06:05:00,73.71,50.79
06:10:00,0.0,43.43
06:10:00,61.05,62.51
06:10:00,62.48,62.19
06:10:00,64.24,39.55
06:10:00,65.65,59.51
06:10:00,67,68.09
06:10:00,68.2,65.12
06:10:00,69.3,41.61
06:10:00,69.31,65.34
06:10:00,71.07,64.09
06:10:00,71.08,57.77
06:10:00,72.17,59.89
06:10:00,73.17,60.30
06:10:00,73.33,51.33
06:10:00,73.71,49.99
06:15:00,0.0,43.69
06:15:00,61.05,62.17
06:15:00,62.48,62.49
06:15:00,64.24,41.48
06:15:00,65.65,59.30
06:15:00,67,68.28
06:15:00,68.2,65.60
06:15:00,69.3,41.08
06:15:00,69.31,64.91
06:15:00,71.07,64.44
06:15:00,71.08,53.05
06:15:00,72.17,60.39
06:15:00,73.17,60.69
06:15:00,73.33,51.28
06:15:00,73.71,49.77
06:20:00,0.0,43.94
06:20:00,61.05,62.35
06:20:00,62.48,62.48
06:20:00,64.24,44.77
06:20:00,65.65,59.88
06:20:00,67,68.31
06:20:00,68.2,65.73
06:20:00,69.3,42.24
06:20:00,69.31,64.97
06:20:00,71.07,64.18
06:20:00,71.08,55.64
06:20:00,72.17,60.55
06:20:00,73.17,60.35
06:20:00,73.33,51.65
06:20:00,73.71,50.64
06:25:00,0.0,43.57
06:25:00,61.05,62.13
06:25:00,62.48,62.20
06:25:00,64.24,45.67
06:25:00,65.65,59.97
06:25:00,67,68.45
06:25:00,68.2,65.34
06:25:00,69.3,41.66
06:25:00,69.31,64.87
06:25:00,71.07,64.06
06:25:00,71.08,54.58
06:25:00,72.17,60.53
06:25:00,73.17,60.03
06:25:00,73.33,51.45
06:25:00,73.71,50.72
06:30:00,0.0,43.61
06:30:00,61.05,62.23
06:30:00,62.48,62.00
06:30:00,64.24,46.98
06:30:00,65.65,60.70
06:30:00,67,67.25
06:30:00,68.2,65.92
06:30:00,69.3,41.54
06:30:00,69.31,65.07
06:30:00,71.07,64.00
06:30:00,71.08,52.95
06:30:00,72.17,60.28
06:30:00,73.17,60.82
06:30:00,73.33,52.11
06:30:00,73.71,50.04
06:35:00,0.0,43.80
06:35:00,61.05,62.10
06:35:00,62.48,62.42
06:35:00,64.24,49.36
06:35:00,65.65,59.73
06:35:00,67,68.03
06:35:00,68.2,65.73
06:35:00,69.3,41.98
06:35:00,69.31,64.69
06:35:00,71.07,64.16
06:35:00,71.08,56.28
06:35:00,72.17,60.55
06:35:00,73.17,60.86
06:35:00,73.33,51.26
06:35:00,73.71,50.57
06:40:00,0.0,43.16
06:40:00,61.05,62.16
06:40:00,62.48,62.44
06:40:00,64.24,51.61
06:40:00,65.65,59.76
06:40:00,67,67.77
06:40:00,68.2,65.59
06:40:00,69.3,42.58
06:40:00,69.31,65.01
06:40:00,71.07,64.34
06:40:00,71.08,56.07
06:40:00,72.17,60.18
06:40:00,73.17,59.84
06:40:00,73.33,51.22
06:40:00,73.71,50.31
06:45:00,0.0,43.84
06:45:00,61.05,62.30
06:45:00,62.48,62.55
06:45:00,64.24,50.63
06:45:00,65.65,60.79
06:45:00,67,68.35
06:45:00,68.2,65.89
06:45:00,69.3,42.77
06:45:00,69.31,65.00
06:45:00,71.07,64.75
06:45:00,71.08,54.61
06:45:00,72.17,60.60
06:45:00,73.17,61.15
06:45:00,73.33,50.87
06:45:00,73.71,51.39
06:50:00,0.0,44.11
06:50:00,61.05,62.89
06:50:00,62.48,63.34
06:50:00,64.24,50.62
06:50:00,65.65,59.77
06:50:00,67,68.30
06:50:00,68.2,65.55
06:50:00,69.3,42.38
06:50:00,69.31,65.46
06:50:00,71.07,64.43
06:50:00,71.08,55.83
06:50:00,72.17,60.83
06:50:00,73.17,60.96
06:50:00,73.33,51.26
06:50:00,73.71,50.70
06:55:00,0.0,43.95
06:55:00,61.05,62.70
06:55:00,62.48,62.81
06:55:00,64.24,51.29
06:55:00,65.65,59.83
06:55:00,67,68.13
06:55:00,68.2,65.67
06:55:00,69.3,42.06
06:55:00,69.31,65.67
06:55:00,71.07,64.20
06:55:00,71.08,55.53
06:55:00,72.17,60.29
06:55:00,73.17,60.73
06:55:00,73.33,51.74
06:55:00,73.71,50.68
07:00:00,0.0,43.68
07:00:00,61.05,62.71
07:00:00,62.48,62.64
07:00:00,64.24,50.98
07:00:00,65.65,59.93
07:00:00,67,68.21
07:00:00,68.2,65.73
07:00:00,69.3,42.29
07:00:00,69.31,65.50
07:00:00,71.07,64.03
07:00:00,71.08,54.00
07:00:00,72.17,60.50
07:00:00,73.17,60.95
07:00:00,73.33,50.77
07:00:00,73.71,50.19
07:05:00,0.0,44.05
07:05:00,61.05,62.44
07:05:00,62.48,62.63
07:05:00,64.24,48.65
07:05:00,65.65,59.92
07:05:00,67,67.83
07:05:00,68.2,66.01
07:05:00,69.3,41.74
07:05:00,69.31,65.46
07:05:00,71.07,64.35
07:05:00,71.08,54.61
07:05:00,72.17,60.46
07:05:00,73.17,60.58
07:05:00,73.33,50.29
07:05:00,73.71,50.26
07:10:00,0.0,44.43
07:10:00,61.05,62.74
07:10:00,62.48,62.10
07:10:00,64.24,49.81
07:10:00,65.65,60.51
07:10:00,67,68.13
07:10:00,68.2,66.34
07:10:00,69.3,42.26
07:10:00,69.31,65.68
07:10:00,71.07,64.27
07:10:00,71.08,55.96
07:10:00,72.17,60.13
07:10:00,73.17,60.46
07:10:00,73.33,50.74
07:10:00,73.71,50.60
07:15:00,0.0,43.90
07:15:00,61.05,62.39
07:15:00,62.48,62.84
07:15:00,64.24,49.07
07:15:00,65.65,60.18
07:15:00,67,68.04
07:15:00,68.2,65.92
07:15:00,69.3,42.33
07:15:00,69.31,65.50
07:15:00,71.07,64.38
07:15:00,71.08,54.79
07:15:00,72.17,60.06
07:15:00,73.17,59.85
07:15:00,73.33,50.22
07:15:00,73.71,50.24
07:20:00,0.0,44.42
07:20:00,61.05,62.28
07:20:00,62.48,62.63
07:20:00,64.24,48.34
07:20:00,65.65,59.91
07:20:00,67,68.47
07:20:00,68.2,66.02
07:20:00,69.3,41.88
07:20:00,69.31,65.25
07:20:00,71.07,64.06
07:20:00,71.08,55.34
07:20:00,72.17,59.90
07:20:00,73.17,60.30
07:20:00,73.33,50.32
07:20:00,73.71,50.16
07:25:00,0.0,44.40
07:25:00,61.05,62.45
07:25:00,62.48,62.92
07:25:00,64.24,50.77
07:25:00,65.65,60.06
07:25:00,67,68.12
07:25:00,68.2,66.07
07:25:00,69.3,41.88
07:25:00,69.31,65.46
07:25:00,71.07,63.91
07:25:00,71.08,54.80
07:25:00,72.17,60.33
07:25:00,73.17,60.08
07:25:00,73.33,49.65
07:25:00,73.71,50.33
07:30:00,0.0,44.49
07:30:00,61.05,62.44
07:30:00,62.48,63.26
07:30:00,64.24,50.24
07:30:00,65.65,60.00
07:30:00,67,68.12
07:30:00,68.2,65.87
07:30:00,69.3,42.15
07:30:00,69.31,65.44
07:30:00,71.07,63.98
07:30:00,71.08,57.41
07:30:00,72.17,60.39
07:30:00,73.17,60.88
07:30:00,73.33,50.99
07:30:00,73.71,49.47
07:35:00,0.0,44.48
07:35:00,61.05,62.95
07:35:00,62.48,63.36
07:35:00,64.24,49.47
07:35:00,65.65,60.08
07:35:00,67,68.22
07:35:00,68.2,65.94
07:35:00,69.3,42.46
07:35:00,69.31,65.68
07:35:00,71.07,64.13
07:35:00,71.08,55.62
07:35:00,72.17,60.31
07:35:00,73.17,60.31
07:35:00,73.33,50.25
07:35:00,73.71,50.13
07:40:00,0.0,44.49
07:40:00,61.05,62.85
07:40:00,62.48,63.65
07:40:00,64.24,52.98
07:40:00,65.65,59.93
07:40:00,67,68.05
07:40:00,68.2,66.32
07:40:00,69.3,42.55
07:40:00,69.31,65.43
07:40:00,71.07,64.13
07:40:00,71.08,55.49
07:40:00,72.17,59.96
07:40:00,73.17,60.06
07:40:00,73.33,50.34
07:40:00,73.71,50.19
07:45:00,0.0,44.71
07:45:00,61.05,63.16
07:45:00,62.48,63.47
07:45:00,64.24,54.04
07:45:00,65.65,59.01
07:45:00,67,68.01
07:45:00,68.2,66.15
07:45:00,69.3,42.64
07:45:00,69.31,65.47
07:45:00,71.07,64.41
07:45:00,71.08,55.17
07:45:00,72.17,60.58
07:45:00,73.17,59.91
07:45:00,73.33,50.48
07:45:00,73.71,49.86
07:50:00,0.0,45.15
07:50:00,61.05,63.00
07:50:00,62.48,63.62
07:50:00,64.24,52.52
07:50:00,65.65,59.89
07:50:00,67,68.23
07:50:00,68.2,66.18
07:50:00,69.3,42.72
07:50:00,69.31,65.44
07:50:00,71.07,64.48
07:50:00,71.08,55.12
07:50:00,72.17,60.08
07:50:00,73.17,60.26
07:50:00,73.33,50.96
07:50:00,73.71,49.34
07:55:00,0.0,44.65
07:55:00,61.05,63.05
07:55:00,62.48,63.68
07:55:00,64.24,51.86
07:55:00,65.65,59.58
07:55:00,67,68.32
07:55:00,68.2,66.38
07:55:00,69.3,42.29
07:55:00,69.31,65.93
07:55:00,71.07,64.20
07:55:00,71.08,55.74
07:55:00,72.17,60.03
07:55:00,73.17,60.14
07:55:00,73.33,50.11
07:55:00,73.71,49.94
08:00:00,0.0,44.52
08:00:00,61.05,62.89
08:00:00,62.48,63.82
08:00:00,64.24,52.89
08:00:00,65.65,59.19
08:00:00,67,68.29
08:00:00,68.2,66.40
08:00:00,69.3,42.16
08:00:00,69.31,65.77
08:00:00,71.07,64.64
08:00:00,71.08,56.28
08:00:00,72.17,60.15
08:00:00,73.17,60.47
08:00:00,73.33,50.39
08:00:00,73.71,50.72
08:05:00,0.0,44.28
08:05:00,61.05,63.14
08:05:00,62.48,64.11
08:05:00,64.24,51.80
08:05:00,65.65,59.03
08:05:00,67,68.26
08:05:00,68.2,66.40
08:05:00,69.3,42.54
08:05:00,69.31,65.56
08:05:00,71.07,64.79
08:05:00,71.08,56.98
08:05:00,72.17,60.15
08:05:00,73.17,60.77
08:05:00,73.33,51.19
08:05:00,73.71,49.85
08:10:00,0.0,44.42
08:10:00,61.05,63.10
08:10:00,62.48,63.30
08:10:00,64.24,53.88
08:10:00,65.65,59.21
08:10:00,67,68.03
08:10:00,68.2,66.43
08:10:00,69.3,42.64
08:10:00,69.31,65.38
08:10:00,71.07,64.51
08:10:00,71.08,57.21
08:10:00,72.17,60.17
08:10:00,73.17,60.21
08:10:00,73.33,50.04
08:10:00,73.71,49.52
08:15:00,0.0,44.41
08:15:00,61.05,62.70
08:15:00,62.48,63.37
08:15:00,64.24,53.24
08:15:00,65.65,59.91
08:15:00,67,67.79
08:15:00,68.2,66.58
08:15:00,69.3,42.24
08:15:00,69.31,65.33
08:15:00,71.07,64.13
08:15:00,71.08,53.88
08:15:00,72.17,60.00
08:15:00,73.17,60.29
08:15:00,73.33,50.91
08:15:00,73.71,49.35
08:20:00,0.0,44.81
08:20:00,61.05,62.62
08:20:00,62.48,63.23
08:20:00,64.24,55.08
08:20:00,65.65,60.52
08:20:00,67,68.15
08:20:00,68.2,66.06
08:20:00,69.3,42.41
08:20:00,69.31,65.32
08:20:00,71.07,64.10
08:20:00,71.08,55.87
08:20:00,72.17,59.52
08:20:00,73.17,59.80
08:20:00,73.33,49.67
08:20:00,73.71,49.48
08:25:00,0.0,44.54
08:25:00,61.05,62.48
08:25:00,62.48,63.01
08:25:00,64.24,55.93
08:25:00,65.65,59.79
08:25:00,67,68.15
08:25:00,68.2,66.34
08:25:00,69.3,42.72
08:25:00,69.31,65.48
08:25:00,71.07,63.94
08:25:00,71.08,53.89
08:25:00,72.17,59.69
08:25:00,73.17,59.81
08:25:00,73.33,50.00
08:25:00,73.71,49.31
08:30:00,0.0,44.36
08:30:00,61.05,62.77
08:30:00,62.48,63.13
08:30:00,64.24,56.49
08:30:00,65.65,59.85
08:30:00,67,68.20
08:30:00,68.2,66.66
08:30:00,69.3,42.76
08:30:00,69.31,64.99
08:30:00,71.07,63.72
08:30:00,71.08,56.26
08:30:00,72.17,59.88
08:30:00,73.17,60.26
08:30:00,73.33,50.35
08:30:00,73.71,49.71
08:35:00,0.0,44.53
08:35:00,61.05,62.59
08:35:00,62.48,63.33
08:35:00,64.24,58.13
08:35:00,65.65,59.59
08:35:00,67,67.74
08:35:00,68.2,66.30
08:35:00,69.3,42.98
08:35:00,69.31,65.35
08:35:00,71.07,63.94
08:35:00,71.08,55.73
08:35:00,72.17,59.84
08:35:00,73.17,60.01
08:35:00,73.33,50.29
08:35:00,73.71,48.74
08:40:00,0.0,44.67
08:40:00,61.05,62.51
08:40:00,62.48,63.53
08:40:00,64.24,58.31
08:40:00,65.65,59.15
08:40:00,67,67.73
08:40:00,68.2,66.09
08:40:00,69.3,42.39
08:40:00,69.31,65.13
08:40:00,71.07,63.64
08:40:00,71.08,55.66
08:40:00,72.17,59.54
08:40:00,73.17,59.92
08:40:00,73.33,49.42
08:40:00,73.71,48.61
08:45:00,0.0,44.50
08:45:00,61.05,62.83
08:45:00,62.48,62.84
08:45:00,64.24,59.64
08:45:00,65.65,59.41
08:45:00,67,68.03
08:45:00,68.2,66.11
08:45:00,69.3,42.41
08:45:00,69.31,64.83
08:45:00,71.07,63.71
08:45:00,71.08,56.67
08:45:00,72.17,59.73
08:45:00,73.17,60.04
08:45:00,73.33,50.38
08:45:00,73.71,49.70
08:50:00,0.0,44.64
08:50:00,61.05,63.08
08:50:00,62.48,63.29
08:50:00,64.24,57.93
08:50:00,65.65,59.89
08:50:00,67,67.98
08:50:00,68.2,66.44
08:50:00,69.3,42.14
08:50:00,69.31,65.12
08:50:00,71.07,63.80
08:50:00,71.08,56.39
08:50:00,72.17,59.94
08:50:00,73.17,60.13
08:50:00,73.33,49.45
08:50:00,73.71,49.32
08:55:00,0.0,44.73
08:55:00,61.05,62.55
08:55:00,62.48,63.33
08:55:00,64.24,57.43
08:55:00,65.65,59.92
08:55:00,67,67.81
08:55:00,68.2,66.47
08:55:00,69.3,42.65
08:55:00,69.31,65.57
08:55:00,71.07,63.90
08:55:00,71.08,56.19
08:55:00,72.17,60.16
08:55:00,73.17,60.44
08:55:00,73.33,50.35
08:55:00,73.71,49.35
09:00:00,0.0,44.44
09:00:00,61.05,62.57
09:00:00,62.48,63.19
09:00:00,64.24,57.29
09:00:00,65.65,59.19
09:00:00,67,68.07
09:00:00,68.2,66.59
09:00:00,69.3,42.41
09:00:00,69.31,65.45
09:00:00,71.07,63.69
09:00:00,71.08,55.07
09:00:00,72.17,59.99
09:00:00,73.17,60.13
09:00:00,73.33,49.93
09:00:00,73.71,49.30
09:05:00,0.0,44.44
09:05:00,61.05,62.69
09:05:00,62.48,63.21
09:05:00,64.24,56.26
09:05:00,65.65,59.11
09:05:00,67,68.12
09:05:00,68.2,66.62
09:05:00,69.3,42.69
09:05:00,69.31,65.33
09:05:00,71.07,63.87
09:05:00,71.08,55.00
09:05:00,72.17,59.91
09:05:00,73.17,59.95
09:05:00,73.33,49.73
09:05:00,73.71,49.37
09:10:00,0.0,44.17
09:10:00,61.05,62.27
09:10:00,62.48,63.06
09:10:00,64.24,56.25
09:10:00,65.65,58.87
09:10:00,67,68.15
09:10:00,68.2,66.13
09:10:00,69.3,42.45
09:10:00,69.31,65.09
09:10:00,71.07,63.85
09:10:00,71.08,53.49
09:10:00,72.17,59.71
09:10:00,73.17,60.00
09:10:00,73.33,49.08
09:10:00,73.71,48.09
09:15:00,0.0,44.51
09:15:00,61.05,62.46
09:15:00,62.48,63.20
09:15:00,64.24,57.15
09:15:00,65.65,58.79
09:15:00,67,67.75
09:15:00,68.2,66.36
09:15:00,69.3,42.69
09:15:00,69.31,65.24
09:15:00,71.07,63.82
09:15:00,71.08,54.43
09:15:00,72.17,59.28
09:15:00,73.17,59.55
09:15:00,73.33,49.38
09:15:00,73.71,47.60
09:20:00,0.0,44.46
09:20:00,61.05,62.53
09:20:00,62.48,63.33
09:20:00,64.24,57.07
09:20:00,65.65,58.60
09:20:00,67,67.63
09:20:00,68.2,66.10
09:20:00,69.3,42.27
09:20:00,69.31,64.66
09:20:00,71.07,63.61
09:20:00,71.08,55.48
09:20:00,72.17,59.34
09:20:00,73.17,59.62
09:20:00,73.33,49.91
09:20:00,73.71,47.58
09:25:00,0.0,44.43
09:25:00,61.05,62.34
09:25:00,62.48,62.85
09:25:00,64.24,58.60
09:25:00,65.65,58.57
09:25:00,67,67.36
09:25:00,68.2,66.15
09:25:00,69.3,42.30
09:25:00,69.31,64.75
09:25:00,71.07,63.46
09:25:00,71.08,55.26
09:25:00,72.17,59.33
09:25:00,73.17,59.36
09:25:00,73.33,48.97
09:25:00,73.71,46.77
09:30:00,0.0,44.40
09:30:00,61.05,62.10
09:30:00,62.48,62.98
09:30:00,64.24,57.40
09:30:00,65.65,59.49
09:30:00,67,67.70
09:30:00,68.2,65.97
09:30:00,69.3,41.86
09:30:00,69.31,64.60
09:30:00,71.07,63.56
09:30:00,71.08,54.39
09:30:00,72.17,59.10
09:30:00,73.17,58.91
09:30:00,73.33,48.90
09:30:00,73.71,46.73
09:35:00,0.0,44.61
09:35:00,61.05,62.20
09:35:00,62.48,62.80
09:35:00,64.24,58.33
09:35:00,65.65,58.95
09:35:00,67,67.79
09:35:00,68.2,66.07
09:35:00,69.3,41.96
09:35:00,69.31,64.45
09:35:00,71.07,63.23
09:35:00,71.08,54.92
09:35:00,72.17,58.95
09:35:00,73.17,58.76
09:35:00,73.33,48.49
09:35:00,73.71,46.05
09:40:00,0.0,44.27
09:40:00,61.05,62.24
09:40:00,62.48,62.73
09:40:00,64.24,59.53
09:40:00,65.65,58.87
09:40:00,67,67.36
09:40:00,68.2,65.77
09:40:00,69.3,41.80
09:40:00,69.31,64.47
09:40:00,71.07,63.23
09:40:00,71.08,55.41
09:40:00,72.17,58.64
09:40:00,73.17,58.53
09:40:00,73.33,48.34
09:40:00,73.71,45.58
09:45:00,0.0,44.32
09:45:00,61.05,62.35
09:45:00,62.48,62.79
09:45:00,64.24,59.30
09:45:00,65.65,58.62
09:45:00,67,67.12
09:45:00,68.2,65.88
09:45:00,69.3,42.02
09:45:00,69.31,64.40
09:45:00,71.07,63.25
09:45:00,71.08,55.32
09:45:00,72.17,58.96
09:45:00,73.17,58.68
09:45:00,73.33,47.67
09:45:00,73.71,46.44
09:50:00,0.0,44.44
09:50:00,61.05,62.26
09:50:00,62.48,62.43
09:50:00,64.24,58.51
09:50:00,65.65,58.95
09:50:00,67,67.24
09:50:00,68.2,65.71
09:50:00,69.3,42.17
09:50:00,69.31,64.44
09:50:00,71.07,63.05
09:50:00,71.08,56.05
09:50:00,72.17,58.94
09:50:00,73.17,58.77
09:50:00,73.33,47.95
09:50:00,73.71,46.56
09:55:00,0.0,44.53
09:55:00,61.05,62.44
09:55:00,62.48,62.83
09:55:00,64.24,57.80
09:55:00,65.65,58.22
09:55:00,67,67.66
09:55:00,68.2,66.05
09:55:00,69.3,42.46
09:55:00,69.31,64.76
09:55:00,71.07,63.26
09:55:00,71.08,55.19
09:55:00,72.17,59.00
09:55:00,73.17,58.47
09:55:00,73.33,48.25
09:55:00,73.71,47.18
10:00:00,0.0,44.51
10:00:00,61.05,62.48
10:00:00,62.48,63.11
10:00:00,64.24,58.37
10:00:00,65.65,58.89
10:00:00,67,67.74
10:00:00,68.2,66.17
10:00:00,69.3,41.71
10:00:00,69.31,64.68
10:00:00,71.07,62.93
10:00:00,71.08,55.24
10:00:00,72.17,59.24
10:00:00,73.17,59.04
10:00:00,73.33,49.11
10:00:00,73.71,48.35
10:05:00,0.0,44.25
10:05:00,61.05,62.25
10:05:00,62.48,63.01
10:05:00,64.24,57.15
10:05:00,65.65,57.90
10:05:00,67,67.67
10:05:00,68.2,66.13
10:05:00,69.3,41.93
10:05:00,69.31,64.59
10:05:00,71.07,62.85
10:05:00,71.08,55.70
10:05:00,72.17,59.05
10:05:00,73.17,58.41
10:05:00,73.33,48.07
10:05:00,73.71,47.85
10:10:00,0.0,44.53
10:10:00,61.05,62.02
10:10:00,62.48,63.00
10:10:00,64.24,56.86
10:10:00,65.65,57.15
10:10:00,67,67.35
10:10:00,68.2,65.78
10:10:00,69.3,41.71
10:10:00,69.31,64.49
10:10:00,71.07,62.99
10:10:00,71.08,55.17
10:10:00,72.17,58.79
10:10:00,73.17,58.65
10:10:00,73.33,47.95
10:10:00,73.71,46.85
10:15:00,0.0,44.61
10:15:00,61.05,62.07
10:15:00,62.48,62.55
10:15:00,64.24,57.66
10:15:00,65.65,57.10
10:15:00,67,67.45
10:15:00,68.2,66.11
10:15:00,69.3,41.65
10:15:00,69.31,64.53
10:15:00,71.07,63.06
10:15:00,71.08,55.90
10:15:00,72.17,59.06
10:15:00,73.17,58.70
10:15:00,73.33,48.25
10:15:00,73.71,47.55
10:20:00,0.0,44.54
10:20:00,61.05,62.00
10:20:00,62.48,62.72
10:20:00,64.24,57.31
10:20:00,65.65,56.95
10:20:00,67,67.65
10:20:00,68.2,65.94
10:20:00,69.3,41.88
10:20:00,69.31,64.45
10:20:00,71.07,62.83
10:20:00,71.08,54.58
10:20:00,72.17,58.99
10:20:00,73.17,58.41
10:20:00,73.33,47.77
10:20:00,73.71,47.25
10:25:00,0.0,44.54
10:25:00,61.05,62.09
10:25:00,62.48,62.66
10:25:00,64.24,57.58
10:25:00,65.65,57.58
10:25:00,67,66.78
10:25:00,68.2,65.71
10:25:00,69.3,41.84
10:25:00,69.31,64.46
10:25:00,71.07,62.97
10:25:00,71.08,56.27
10:25:00,72.17,58.47
10:25:00,73.17,58.03
10:25:00,73.33,47.56
10:25:00,73.71,46.47
10:30:00,0.0,44.32
10:30:00,61.05,61.85
10:30:00,62.48,61.81
10:30:00,64.24,57.33
10:30:00,65.65,57.10
10:30:00,67,65.59
10:30:00,68.2,65.80
10:30:00,69.3,42.12
10:30:00,69.31,64.49
10:30:00,71.07,62.32
10:30:00,71.08,54.05
10:30:00,72.17,58.30
10:30:00,73.17,58.26
10:30:00,73.33,47.50
10:30:00,73.71,47.12
10:35:00,0.0,44.26
10:35:00,61.05,61.72
10:35:00,62.48,61.89
10:35:00,64.24,57.49
10:35:00,65.65,56.61
10:35:00,67,65.71
10:35:00,68.2,65.76
10:35:00,69.3,42.12
10:35:00,69.31,64.18
10:35:00,71.07,62.31
10:35:00,71.08,53.45
10:35:00,72.17,58.62
10:35:00,73.17,58.23
10:35:00,73.33,47.78
10:35:00,73.71,46.59
10:40:00,0.0,44.36
10:40:00,61.05,61.72
10:40:00,62.48,62.15
10:40:00,64.24,58.92
10:40:00,65.65,56.28
10:40:00,67,65.80
10:40:00,68.2,65.56
10:40:00,69.3,42.25
10:40:00,69.31,64.29
10:40:00,71.07,62.47
10:40:00,71.08,54.81
10:40:00,72.17,58.06
10:40:00,73.17,57.66
10:40:00,73.33,47.06
10:40:00,73.71,45.45
10:45:00,0.0,44.26
10:45:00,61.05,61.98
10:45:00,62.48,61.75
10:45:00,64.24,57.98
10:45:00,65.65,56.73
10:45:00,67,65.61
10:45:00,68.2,65.60
10:45:00,69.3,42.42
10:45:00,69.31,64.05
10:45:00,71.07,62.04
10:45:00,71.08,55.43
10:45:00,72.17,58.36
10:45:00,73.17,58.27
10:45:00,73.33,47.37
10:45:00,73.71,46.06
10:50:00,0.0,44.34
10:50:00,61.05,62.06
10:50:00,62.48,61.88
10:50:00,64.24,56.98
10:50:00,65.65,56.52
10:50:00,67,65.21
10:50:00,68.2,65.68
10:50:00,69.3,42.80
10:50:00,69.31,64.24
10:50:00,71.07,62.83
10:50:00,71.08,54.92
10:50:00,72.17,58.42
10:50:00,73.17,58.03
10:50:00,73.33,47.06
10:50:00,73.71,46.87
10:55:00,0.0,44.40
10:55:00,61.05,61.96
10:55:00,62.48,61.76
10:55:00,64.24,55.82
10:55:00,65.65,55.87
10:55:00,67,65.38
10:55:00,68.2,65.64
10:55:00,69.3,42.48
10:55:00,69.31,64.42
10:55:00,71.07,62.79
10:55:00,71.08,56.00
10:55:00,72.17,58.38
10:55:00,73.17,58.02
10:55:00,73.33,47.57
10:55:00,73.71,46.49
11:00:00,0.0,44.39
11:00:00,61.05,62.00
11:00:00,62.48,62.01
11:00:00,64.24,55.58
11:00:00,65.65,55.78
11:00:00,67,65.43
11:00:00,68.2,65.70
11:00:00,69.3,42.60
11:00:00,69.31,64.43
11:00:00,71.07,62.34
11:00:00,71.08,55.40
11:00:00,72.17,58.17
11:00:00,73.17,57.74
11:00:00,73.33,46.50
11:00:00,73.71,46.68
11:05:00,0.0,44.10
11:05:00,61.05,62.03
11:05:00,62.48,61.78
11:05:00,64.24,55.02
11:05:00,65.65,56.62
11:05:00,67,65.40
11:05:00,68.2,65.68
11:05:00,69.3,42.39
11:05:00,69.31,64.03
11:05:00,71.07,62.20
11:05:00,71.08,55.94
11:05:00,72.17,58.27
11:05:00,73.17,58.05
11:05:00,73.33,47.37
11:05:00,73.71,46.84
11:10:00,0.0,44.70
11:10:00,61.05,61.98
11:10:00,62.48,61.78
11:10:00,64.24,56.55
11:10:00,65.65,56.20
11:10:00,67,65.34
11:10:00,68.2,65.60
11:10:00,69.3,42.67
11:10:00,69.31,64.23
11:10:00,71.07,62.30
11:10:00,71.08,55.41
11:10:00,72.17,58.23
11:10:00,73.17,57.83
11:10:00,73.33,47.16
11:10:00,73.71,46.57
11:15:00,0.0,44.63
11:15:00,61.05,62.01
11:15:00,62.48,61.87
11:15:00,64.24,56.38
11:15:00,65.65,56.02
11:15:00,67,65.01
11:15:00,68.2,65.57
11:15:00,69.3,42.46
11:15:00,69.31,64.16
11:15:00,71.07,62.10
11:15:00,71.08,54.87
11:15:00,72.17,57.87
11:15:00,73.17,57.64
11:15:00,73.33,46.86
11:15:00,73.71,46.59
11:20:00,0.0,44.37
11:20:00,61.05,61.89
11:20:00,62.48,62.29
11:20:00,64.24,55.32
11:20:00,65.65,55.05
11:20:00,67,65.19
11:20:00,68.2,65.49
11:20:00,69.3,42.33
11:20:00,69.31,64.31
11:20:00,71.07,61.90
11:20:00,71.08,54.13
11:20:00,72.17,57.82
11:20:00,73.17,57.59
11:20:00,73.33,46.86
11:20:00,73.71,46.49
11:25:00,0.0,44.37
11:25:00,61.05,62.07
11:25:00,62.48,62.09
11:25:00,64.24,55.31
11:25:00,65.65,54.74
11:25:00,67,64.97
11:25:00,68.2,65.36
11:25:00,69.3,42.52
11:25:00,69.31,64.31
11:25:00,71.07,62.15
11:25:00,71.08,54.47
11:25:00,72.17,57.87
11:25:00,73.17,57.78
11:25:00,73.33,46.99
11:25:00,73.71,46.08
11:30:00,0.0,44.46
11:30:00,61.05,61.82
11:30:00,62.48,61.63
11:30:00,64.24,56.11
11:30:00,65.65,54.85
11:30:00,67,63.94
11:30:00,68.2,65.71
11:30:00,69.3,42.62
11:30:00,69.31,64.09
11:30:00,71.07,62.15
11:30:00,71.08,55.19
11:30:00,72.17,57.99
11:30:00,73.17,57.47
11:30:00,73.33,47.31
11:30:00,73.71,46.35
11:35:00,0.0,44.39
11:35:00,61.05,61.98
11:35:00,62.48,61.54
11:35:00,64.24,55.96
11:35:00,65.65,54.90
11:35:00,67,65.07
11:35:00,68.2,65.61
11:35:00,69.3,42.73
11:35:00,69.31,64.16
11:35:00,71.07,62.08
11:35:00,71.08,54.75
11:35:00,72.17,58.20
11:35:00,73.17,57.93
11:35:00,73.33,47.94
11:35:00,73.71,46.34
11:40:00,0.0,44.47
11:40:00,61.05,61.93
11:40:00,62.48,61.40
11:40:00,64.24,55.63
11:40:00,65.65,55.70
11:40:00,67,64.85
11:40:00,68.2,65.34
11:40:00,69.3,42.77
11:40:00,69.31,63.88
11:40:00,71.07,61.81
11:40:00,71.08,54.75
11:40:00,72.17,57.80
11:40:00,73.17,57.50
11:40:00,73.33,46.54
11:40:00,73.71,46.49
11:45:00,0.0,44.52
11:45:00,61.05,61.94
11:45:00,62.48,61.41
11:45:00,64.24,55.53
11:45:00,65.65,54.87
11:45:00,67,64.53
11:45:00,68.2,65.30
11:45:00,69.3,42.64
11:45:00,69.31,64.09
11:45:00,71.07,61.80
11:45:00,71.08,54.28
11:45:00,72.17,57.60
11:45:00,73.17,57.58
11:45:00,73.33,46.91
11:45:00,73.71,46.19
11:50:00,0.0,44.43
11:50:00,61.05,62.22
11:50:00,62.48,61.52
11:50:00,64.24,56.35
11:50:00,65.65,54.51
11:50:00,67,64.34
11:50:00,68.2,65.48
11:50:00,69.3,42.55
11:50:00,69.31,63.86
11:50:00,71.07,61.91
11:50:00,71.08,54.73
11:50:00,72.17,57.99
11:50:00,73.17,57.72
11:50:00,73.33,46.48
11:50:00,73.71,46.48
11:55:00,0.0,44.40
11:55:00,61.05,62.15
11:55:00,62.48,61.40
11:55:00,64.24,56.70
11:55:00,65.65,53.99
11:55:00,67,65.53
11:55:00,68.2,65.53
11:55:00,69.3,42.25
11:55:00,69.31,64.19
11:55:00,71.07,61.42
11:55:00,71.08,54.99
11:55:00,72.17,57.89
11:55:00,73.17,57.47
11:55:00,73.33,47.15
11:55:00,73.71,46.37
12:00:00,0.0,44.44
12:00:00,61.05,62.22
12:00:00,62.48,61.85
12:00:00,64.24,56.40
12:00:00,65.65,54.18
12:00:00,67,65.55
12:00:00,68.2,64.98
12:00:00,69.3,42.25
12:00:00,69.31,63.87
12:00:00,71.07,61.23
12:00:00,71.08,55.22
12:00:00,72.17,57.80
12:00:00,73.17,57.28
12:00:00,73.33,46.43
12:00:00,73.71,45.70
12:05:00,0.0,44.49
12:05:00,61.05,62.24
12:05:00,62.48,61.31
12:05:00,64.24,56.85
12:05:00,65.65,54.78
12:05:00,67,64.81
12:05:00,68.2,65.08
12:05:00,69.3,42.10
12:05:00,69.31,64.11
12:05:00,71.07,61.41
12:05:00,71.08,54.86
12:05:00,72.17,57.59
12:05:00,73.17,56.99
12:05:00,73.33,46.62
12:05:00,73.71,46.16
12:10:00,0.0,44.28
12:10:00,61.05,62.17
12:10:00,62.48,62.10
12:10:00,64.24,56.35
12:10:00,65.65,55.83
12:10:00,67,64.51
12:10:00,68.2,65.16
12:10:00,69.3,42.30
12:10:00,69.31,63.88
12:10:00,71.07,60.88
12:10:00,71.08,54.69
12:10:00,72.17,56.88
12:10:00,73.17,56.77
12:10:00,73.33,46.35
12:10:00,73.71,45.92
12:15:00,0.0,44.14
12:15:00,61.05,62.21
12:15:00,62.48,62.25
12:15:00,64.24,55.22
12:15:00,65.65,54.86
12:15:00,67,64.55
12:15:00,68.2,64.87
12:15:00,69.3,42.24
12:15:00,69.31,63.62
12:15:00,71.07,61.34
12:15:00,71.08,54.78
12:15:00,72.17,56.64
12:15:00,73.17,56.85
12:15:00,73.33,46.68
12:15:00,73.71,45.96
12:20:00,0.0,44.46
12:20:00,61.05,62.19
12:20:00,62.48,62.61
12:20:00,64.24,55.29
12:20:00,65.65,54.12
12:20:00,67,64.52
12:20:00,68.2,64.85
12:20:00,69.3,42.40
12:20:00,69.31,63.58
12:20:00,71.07,60.62
12:20:00,71.08,55.04
12:20:00,72.17,56.82
12:20:00,73.17,56.63
12:20:00,73.33,46.61
12:20:00,73.71,45.73
12:25:00,0.0,44.47
12:25:00,61.05,62.01
12:25:00,62.48,61.97
12:25:00,64.24,54.61
12:25:00,65.65,54.88
12:25:00,67,65.19
12:25:00,68.2,64.51
12:25:00,69.3,42.65
12:25:00,69.31,63.53
12:25:00,71.07,61.24
12:25:00,71.08,54.79
12:25:00,72.17,57.07
12:25:00,73.17,56.73
12:25:00,73.33,46.19
12:25:00,73.71,44.44
12:30:00,0.0,44.35
12:30:00,61.05,62.07
12:30:00,62.48,61.37
12:30:00,64.24,56.23
12:30:00,65.65,55.49
12:30:00,67,65.02
12:30:00,68.2,64.61
12:30:00,69.3,42.10
12:30:00,69.31,63.54
12:30:00,71.07,61.01
12:30:00,71.08,53.74
12:30:00,72.17,56.73
12:30:00,73.17,56.70
12:30:00,73.33,45.90
12:30:00,73.71,45.51
12:35:00,0.0,44.28
12:35:00,61.05,62.00
12:35:00,62.48,62.46
12:35:00,64.24,54.87
12:35:00,65.65,55.74
12:35:00,67,64.35
12:35:00,68.2,63.94
12:35:00,69.3,42.35
12:35:00,69.31,63.56
12:35:00,71.07,61.35
12:35:00,71.08,55.01
12:35:00,72.17,56.48
12:35:00,73.17,56.95
12:35:00,73.33,46.47
12:35:00,73.71,45.13
12:40:00,0.0,44.41
12:40:00,61.05,62.03
12:40:00,62.48,62.23
12:40:00,64.24,54.70
12:40:00,65.65,55.86
12:40:00,67,64.63
12:40:00,68.2,63.96
12:40:00,69.3,42.43
12:40:00,69.31,63.47
12:40:00,71.07,60.92
12:40:00,71.08,54.40
12:40:00,72.17,56.40
12:40:00,73.17,56.82
12:40:00,73.33,46.95
12:40:00,73.71,46.24
12:45:00,0.0,44.16
12:45:00,61.05,62.09
12:45:00,62.48,62.81
12:45:00,64.24,55.21
12:45:00,65.65,55.96
12:45:00,67,64.36
12:45:00,68.2,64.09
12:45:00,69.3,42.28
12:45:00,69.31,63.41
12:45:00,71.07,61.25
12:45:00,71.08,55.09
12:45:00,72.17,56.66
12:45:00,73.17,56.82
12:45:00,73.33,45.89
12:45:00,73.71,47.27
12:50:00,0.0,44.47
12:50:00,61.05,62.13
12:50:00,62.48,62.45
12:50:00,64.24,56.21
12:50:00,65.65,55.85
12:50:00,67,64.69
12:50:00,68.2,64.27
12:50:00,69.3,42.67
12:50:00,69.31,63.76
12:50:00,71.07,61.53
12:50:00,71.08,54.71
12:50:00,72.17,56.68
12:50:00,73.17,56.75
12:50:00,73.33,46.64
12:50:00,73.71,46.66
12:55:00,0.0,44.33
12:55:00,61.05,62.25
12:55:00,62.48,62.43
12:55:00,64.24,55.99
12:55:00,65.65,55.61
12:55:00,67,65.19
12:55:00,68.2,64.43
12:55:00,69.3,42.64
12:55:00,69.31,63.66
12:55:00,71.07,61.16
12:55:00,71.08,54.66
12:55:00,72.17,56.85
12:55:00,73.17,56.28
12:55:00,73.33,45.32
12:55:00,73.71,46.35
13:00:00,0.0,44.46
13:00:00,61.05,62.19
13:00:00,62.48,62.54
13:00:00,64.24,55.32
13:00:00,65.65,55.30
13:00:00,67,65.20
13:00:00,68.2,64.40
13:00:00,69.3,42.36
13:00:00,69.31,63.66
13:00:00,71.07,61.51
13:00:00,71.08,54.84
13:00:00,72.17,56.49
13:00:00,73.17,56.70
13:00:00,73.33,46.16
13:00:00,73.71,46.26
13:05:00,0.0,44.36
13:05:00,61.05,62.09
13:05:00,62.48,62.64
13:05:00,64.24,58.04
13:05:00,65.65,56.15
13:05:00,67,64.38
13:05:00,68.2,64.97
13:05:00,69.3,42.51
13:05:00,69.31,63.57
13:05:00,71.07,61.49
13:05:00,71.08,54.50
13:05:00,72.17,56.77
13:05:00,73.17,56.13
13:05:00,73.33,45.63
13:05:00,73.71,46.49
13:10:00,0.0,44.50
13:10:00,61.05,61.96
13:10:00,62.48,62.58
13:10:00,64.24,58.21
13:10:00,65.65,55.37
13:10:00,67,65.00
13:10:00,68.2,65.12
13:10:00,69.3,42.30
13:10:00,69.31,63.67
13:10:00,71.07,61.08
13:10:00,71.08,55.21
13:10:00,72.17,56.70
13:10:00,73.17,55.93
13:10:00,73.33,45.50
13:10:00,73.71,45.15
13:15:00,0.0,44.40
13:15:00,61.05,62.08
13:15:00,62.48,62.34
13:15:00,64.24,57.88
13:15:00,65.65,55.88
13:15:00,67,65.30
13:15:00,68.2,64.47
13:15:00,69.3,42.37
13:15:00,69.31,63.50
13:15:00,71.07,61.20
13:15:00,71.08,54.46
13:15:00,72.17,56.34
13:15:00,73.17,55.65
13:15:00,73.33,45.56
13:15:00,73.71,46.30
13:20:00,0.0,44.52
13:20:00,61.05,62.25
13:20:00,62.48,62.53
13:20:00,64.24,57.68
13:20:00,65.65,56.67
13:20:00,67,65.20
13:20:00,68.2,64.64
13:20:00,69.3,42.59
13:20:00,69.31,63.59
13:20:00,71.07,61.36
13:20:00,71.08,54.82
13:20:00,72.17,56.35
13:20:00,73.17,55.25
13:20:00,73.33,45.40
13:20:00,73.71,45.51
13:25:00,0.0,44.33
13:25:00,61.05,62.30
13:25:00,62.48,62.77
13:25:00,64.24,58.59
13:25:00,65.65,56.47
13:25:00,67,64.89
13:25:00,68.2,65.01
13:25:00,69.3,42.40
13:25:00,69.31,63.33
13:25:00,71.07,61.14
13:25:00,71.08,54.47
13:25:00,72.17,56.26
13:25:00,73.17,55.33
13:25:00,73.33,45.24
13:25:00,73.71,45.58
13:30:00,0.0,44.24
13:30:00,61.05,62.30
13:30:00,62.48,62.55
13:30:00,64.24,58.72
13:30:00,65.65,56.30
13:30:00,67,64.33
13:30:00,68.2,64.62
13:30:00,69.3,42.40
13:30:00,69.31,63.52
13:30:00,71.07,61.19
13:30:00,71.08,54.05
13:30:00,72.17,56.39
13:30:00,73.17,55.60
13:30:00,73.33,45.74
13:30:00,73.71,45.58
13:35:00,0.0,44.46
13:35:00,61.05,62.18
13:35:00,62.48,62.51
13:35:00,64.24,56.14
13:35:00,65.65,55.74
13:35:00,67,63.92
13:35:00,68.2,64.84
13:35:00,69.3,42.42
13:35:00,69.31,63.49
13:35:00,71.07,61.44
13:35:00,71.08,55.26
13:35:00,72.17,56.55
13:35:00,73.17,55.30
13:35:00,73.33,45.20
13:35:00,73.71,45.84
13:40:00,0.0,44.24
13:40:00,61.05,62.31
13:40:00,62.48,62.58
13:40:00,64.24,57.67
13:40:00,65.65,56.22
13:40:00,67,63.86
13:40:00,68.2,64.82
13:40:00,69.3,42.42
13:40:00,69.31,63.48
13:40:00,71.07,61.00
13:40:00,71.08,54.84
13:40:00,72.17,57.05
13:40:00,73.17,55.93
13:40:00,73.33,45.54
13:40:00,73.71,46.00
13:45:00,0.0,44.40
13:45:00,61.05,62.48
13:45:00,62.48,62.57
13:45:00,64.24,57.12
13:45:00,65.65,56.36
13:45:00,67,64.15
13:45:00,68.2,64.70
13:45:00,69.3,42.58
13:45:00,69.31,63.53
13:45:00,71.07,60.09
13:45:00,71.08,54.68
13:45:00,72.17,57.09
13:45:00,73.17,55.90
13:45:00,73.33,46.21
13:45:00,73.71,45.90
13:50:00,0.0,44.69
13:50:00,61.05,62.54
13:50:00,62.48,62.66
13:50:00,64.24,56.54
13:50:00,65.65,55.79
13:50:00,67,63.48
13:50:00,68.2,64.17
13:50:00,69.3,42.39
13:50:00,69.31,63.57
13:50:00,71.07,60.43
13:50:00,71.08,53.91
13:50:00,72.17,57.06
13:50:00,73.17,55.54
13:50:00,73.33,45.47
13:50:00,73.71,43.99
13:55:00,0.0,44.54
13:55:00,61.05,62.38
13:55:00,62.48,62.31
13:55:00,64.24,56.18
13:55:00,65.65,56.18
13:55:00,67,63.48
13:55:00,68.2,64.85
13:55:00,69.3,42.35
13:55:00,69.31,63.74
13:55:00,71.07,60.08
13:55:00,71.08,53.25
13:55:00,72.17,57.30
13:55:00,73.17,56.89
13:55:00,73.33,46.23
13:55:00,73.71,45.78
14:00:00,0.0,44.37
14:00:00,61.05,61.94
14:00:00,62.48,62.43
14:00:00,64.24,55.83
14:00:00,65.65,56.22
14:00:00,67,64.04
14:00:00,68.2,64.95
14:00:00,69.3,42.37
14:00:00,69.31,63.70
14:00:00,71.07,59.91
14:00:00,71.08,53.89
14:00:00,72.17,57.30
14:00:00,73.17,57.43
14:00:00,73.33,46.58
14:00:00,73.71,45.98
14:05:00,0.0,44.45
14:05:00,61.05,62.34
14:05:00,62.48,62.48
14:05:00,64.24,57.81
14:05:00,65.65,56.62
14:05:00,67,64.24
14:05:00,68.2,65.11
14:05:00,69.3,42.59
14:05:00,69.31,63.59
14:05:00,71.07,59.81
14:05:00,71.08,53.11
14:05:00,72.17,57.08
14:05:00,73.17,57.28
14:05:00,73.33,46.70
14:05:00,73.71,45.79
14:10:00,0.0,44.56
14:10:00,61.05,62.30
14:10:00,62.48,62.50
14:10:00,64.24,57.41
14:10:00,65.65,56.99
14:10:00,67,63.91
14:10:00,68.2,65.12
14:10:00,69.3,42.45
14:10:00,69.31,63.50
14:10:00,71.07,59.87
14:10:00,71.08,53.87
14:10:00,72.17,57.48
14:10:00,73.17,55.89
14:10:00,73.33,45.84
14:10:00,73.71,44.91
14:15:00,0.0,44.65
14:15:00,61.05,62.27
14:15:00,62.48,62.59
14:15:00,64.24,57.25
14:15:00,65.65,56.54
14:15:00,67,64.14
14:15:00,68.2,64.90
14:15:00,69.3,42.20
14:15:00,69.31,63.45
14:15:00,71.07,59.64
14:15:00,71.08,52.79
14:15:00,72.17,57.21
14:15:00,73.17,56.82
14:15:00,73.33,45.69
14:15:00,73.71,45.43
14:20:00,0.0,44.51
14:20:00,61.05,62.32
14:20:00,62.48,62.31
14:20:00,64.24,58.79
14:20:00,65.65,56.55
14:20:00,67,63.99
14:20:00,68.2,64.90
14:20:00,69.3,42.05
14:20:00,69.31,63.63
14:20:00,71.07,59.72
14:20:00,71.08,53.11
14:20:00,72.17,57.31
14:20:00,73.17,56.70
14:20:00,73.33,45.34
14:20:00,73.71,45.18
14:25:00,0.0,44.37
14:25:00,61.05,62.29
14:25:00,62.48,62.36
14:25:00,64.24,58.61
14:25:00,65.65,57.18
14:25:00,67,63.50
14:25:00,68.2,64.73
14:25:00,69.3,42.27
14:25:00,69.31,63.39
14:25:00,71.07,59.82
14:25:00,71.08,53.79
14:25:00,72.17,57.12
14:25:00,73.17,56.01
14:25:00,73.33,45.76
14:25:00,73.71,45.30
14:30:00,0.0,44.41
14:30:00,61.05,62.33
14:30:00,62.48,62.71
14:30:00,64.24,58.30
14:30:00,65.65,57.89
14:30:00,67,63.44
14:30:00,68.2,64.62
14:30:00,69.3,42.19
14:30:00,69.31,63.52
14:30:00,71.07,60.62
14:30:00,71.08,53.80
14:30:00,72.17,57.27
14:30:00,73.17,56.21
14:30:00,73.33,45.55
14:30:00,73.71,44.90
14:35:00,0.0,44.07
14:35:00,61.05,62.21
14:35:00,62.48,62.52
14:35:00,64.24,59.54
14:35:00,65.65,57.55
14:35:00,67,64.01
14:35:00,68.2,64.77
14:35:00,69.3,42.17
14:35:00,69.31,63.40
14:35:00,71.07,60.09
14:35:00,71.08,53.35
14:35:00,72.17,57.11
14:35:00,73.17,56.63
14:35:00,73.33,45.89
14:35:00,73.71,44.36
14:40:00,0.0,44.38
14:40:00,61.05,62.35
14:40:00,62.48,62.47
14:40:00,64.24,59.39
14:40:00,65.65,57.60
14:40:00,67,63.95
14:40:00,68.2,64.94
14:40:00,69.3,41.90
14:40:00,69.31,63.52
14:40:00,71.07,60.39
14:40:00,71.08,53.88
14:40:00,72.17,57.24
14:40:00,73.17,56.31
14:40:00,73.33,45.66
14:40:00,73.71,44.83
14:45:00,0.0,44.42
14:45:00,61.05,62.24
14:45:00,62.48,62.45
14:45:00,64.24,58.89
14:45:00,65.65,57.49
14:45:00,67,64.06
14:45:00,68.2,64.74
14:45:00,69.3,42.09
14:45:00,69.31,63.40
14:45:00,71.07,60.06
14:45:00,71.08,53.85
14:45:00,72.17,57.28
14:45:00,73.17,56.25
14:45:00,73.33,46.27
14:45:00,73.71,46.03
14:50:00,0.0,44.39
14:50:00,61.05,62.36
14:50:00,62.48,62.45
14:50:00,64.24,57.62
14:50:00,65.65,57.58
14:50:00,67,64.28
14:50:00,68.2,64.78
14:50:00,69.3,42.17
14:50:00,69.31,63.27
14:50:00,71.07,60.46
14:50:00,71.08,55.11
14:50:00,72.17,57.08
14:50:00,73.17,56.45
14:50:00,73.33,46.35
14:50:00,73.71,45.47
14:55:00,0.0,44.48
14:55:00,61.05,62.41
14:55:00,62.48,62.51
14:55:00,64.24,58.25
14:55:00,65.65,56.79
14:55:00,67,64.38
14:55:00,68.2,64.79
14:55:00,69.3,42.18
14:55:00,69.31,63.50
14:55:00,71.07,61.06
14:55:00,71.08,55.09
14:55:00,72.17,57.31
14:55:00,73.17,56.36
14:55:00,73.33,46.50
14:55:00,73.71,45.51
15:00:00,0.0,44.56
15:00:00,61.05,62.67
15:00:00,62.48,62.46
15:00:00,64.24,57.81
15:00:00,65.65,56.64
15:00:00,67,64.67
15:00:00,68.2,64.96
15:00:00,69.3,42.00
15:00:00,69.31,63.48
15:00:00,71.07,60.87
15:00:00,71.08,54.29
15:00:00,72.17,57.10
15:00:00,73.17,56.75
15:00:00,73.33,46.57
15:00:00,73.71,46.32
15:05:00,0.0,44.49
15:05:00,61.05,62.42
15:05:00,62.48,62.86
15:05:00,64.24,57.40
15:05:00,65.65,56.74
15:05:00,67,64.78
15:05:00,68.2,64.62
15:05:00,69.3,42.19
15:05:00,69.31,63.50
15:05:00,71.07,61.47
15:05:00,71.08,54.36
15:05:00,72.17,57.29
15:05:00,73.17,56.43
15:05:00,73.33,46.13
15:05:00,73.71,44.96
15:10:00,0.0,44.33
15:10:00,61.05,62.73
15:10:00,62.48,62.52
15:10:00,64.24,59.04
15:10:00,65.65,56.04
15:10:00,67,64.23
15:10:00,68.2,64.69
15:10:00,69.3,42.22
15:10:00,69.31,63.42
15:10:00,71.07,61.29
15:10:00,71.08,54.99
15:10:00,72.17,57.15
15:10:00,73.17,56.34
15:10:00,73.33,45.77
15:10:00,73.71,45.65
15:15:00,0.0,44.46
15:15:00,61.05,62.24
15:15:00,62.48,62.29
15:15:00,64.24,59.15
15:15:00,65.65,56.65
15:15:00,67,63.88
15:15:00,68.2,64.96
15:15:00,69.3,41.78
15:15:00,69.31,63.30
15:15:00,71.07,60.94
15:15:00,71.08,54.83
15:15:00,72.17,57.34
15:15:00,73.17,56.78
15:15:00,73.33,45.96
15:15:00,73.71,45.20
15:20:00,0.0,44.58
15:20:00,61.05,62.52
15:20:00,62.48,62.65
15:20:00,64.24,59.53
15:20:00,65.65,56.82
15:20:00,67,63.76
15:20:00,68.2,64.61
15:20:00,69.3,41.96
15:20:00,69.31,63.24
15:20:00,71.07,61.33
15:20:00,71.08,55.00
15:20:00,72.17,57.19
15:20:00,73.17,56.65
15:20:00,73.33,46.83
15:20:00,73.71,43.76
15:25:00,0.0,44.62
15:25:00,61.05,62.29
15:25:00,62.48,62.57
15:25:00,64.24,59.52
15:25:00,65.65,56.96
15:25:00,67,63.89
15:25:00,68.2,64.84
15:25:00,69.3,41.90
15:25:00,69.31,63.58
15:25:00,71.07,60.90
15:25:00,71.08,55.33
15:25:00,72.17,57.39
15:25:00,73.17,57.03
15:25:00,73.33,46.72
15:25:00,73.71,43.41
15:30:00,0.0,44.29
15:30:00,61.05,62.49
15:30:00,62.48,62.50
15:30:00,64.24,58.86
15:30:00,65.65,56.86
15:30:00,67,63.84
15:30:00,68.2,64.63
15:30:00,69.3,41.80
15:30:00,69.31,63.37
15:30:00,71.07,61.13
15:30:00,71.08,55.47
15:30:00,72.17,57.21
15:30:00,73.17,56.77
15:30:00,73.33,46.48
15:30:00,73.71,43.72
15:35:00,0.0,44.07
15:35:00,61.05,62.45
15:35:00,62.48,62.53
15:35:00,64.24,58.54
15:35:00,65.65,57.01
15:35:00,67,64.82
15:35:00,68.2,64.32
15:35:00,69.3,41.72
15:35:00,69.31,63.27
15:35:00,71.07,61.11
15:35:00,71.08,55.54
15:35:00,72.17,57.43
15:35:00,73.17,56.66
15:35:00,73.33,46.23
15:35:00,73.71,43.79
15:40:00,0.0,44.16
15:40:00,61.05,62.63
15:40:00,62.48,62.30
15:40:00,64.24,59.20
15:40:00,65.65,57.57
15:40:00,67,64.89
15:40:00,68.2,64.28
15:40:00,69.3,41.62
15:40:00,69.31,63.51
15:40:00,71.07,60.73
15:40:00,71.08,55.28
15:40:00,72.17,56.96
15:40:00,73.17,56.57
15:40:00,73.33,46.00
15:40:00,73.71,44.01
15:45:00,0.0,44.41
15:45:00,61.05,62.60
15:45:00,62.48,62.28
15:45:00,64.24,57.53
15:45:00,65.65,56.98
15:45:00,67,65.01
15:45:00,68.2,64.08
15:45:00,69.3,41.54
15:45:00,69.31,63.27
15:45:00,71.07,60.74
15:45:00,71.08,54.93
15:45:00,72.17,57.32
15:45:00,73.17,57.12
15:45:00,73.33,46.57
15:45:00,73.71,44.74
15:50:00,0.0,44.26
15:50:00,61.05,62.49
15:50:00,62.48,62.17
15:50:00,64.24,58.72
15:50:00,65.65,56.74
15:50:00,67,63.96
15:50:00,68.2,64.30
15:50:00,69.3,41.74
15:50:00,69.31,63.20
15:50:00,71.07,61.05
15:50:00,71.08,54.93
15:50:00,72.17,57.62
15:50:00,73.17,57.22
15:50:00,73.33,46.52
15:50:00,73.71,44.77
15:55:00,0.0,44.45
15:55:00,61.05,62.42
15:55:00,62.48,62.39
15:55:00,64.24,57.66
15:55:00,65.65,57.45
15:55:00,67,64.52
15:55:00,68.2,64.24
15:55:00,69.3,41.47
15:55:00,69.31,63.25
15:55:00,71.07,61.07
15:55:00,71.08,53.67
15:55:00,72.17,57.41
15:55:00,73.17,57.07
15:55:00,73.33,46.07
15:55:00,73.71,44.84
16:00:00,0.0,44.29
16:00:00,61.05,62.61
16:00:00,62.48,62.45
16:00:00,64.24,59.06
16:00:00,65.65,56.05
16:00:00,67,64.03
16:00:00,68.2,64.46
16:00:00,69.3,41.50
16:00:00,69.31,63.37
16:00:00,71.07,60.94
16:00:00,71.08,55.28
16:00:00,72.17,57.38
16:00:00,73.17,57.08
16:00:00,73.33,46.69
16:00:00,73.71,44.83
16:05:00,0.0,44.24
16:05:00,61.05,62.42
16:05:00,62.48,62.64
16:05:00,64.24,59.31
16:05:00,65.65,56.16
16:05:00,67,63.90
16:05:00,68.2,64.12
16:05:00,69.3,41.66
16:05:00,69.31,62.96
16:05:00,71.07,61.17
16:05:00,71.08,54.13
16:05:00,72.17,57.44
16:05:00,73.17,56.74
16:05:00,73.33,46.35
16:05:00,73.71,44.50
16:10:00,0.0,44.09
16:10:00,61.05,62.49
16:10:00,62.48,62.27
16:10:00,64.24,58.92
16:10:00,65.65,56.94
16:10:00,67,64.41
16:10:00,68.2,64.13
16:10:00,69.3,41.11
16:10:00,69.31,62.95
16:10:00,71.07,60.70
16:10:00,71.08,54.46
16:10:00,72.17,56.91
16:10:00,73.17,56.70
16:10:00,73.33,45.90
16:10:00,73.71,45.07
16:15:00,0.0,44.11
16:15:00,61.05,62.47
16:15:00,62.48,62.11
16:15:00,64.24,58.95
16:15:00,65.65,57.31
16:15:00,67,64.10
16:15:00,68.2,63.89
16:15:00,69.3,41.70
16:15:00,69.31,62.99
16:15:00,71.07,60.78
16:15:00,71.08,54.90
16:15:00,72.17,57.25
16:15:00,73.17,56.94
16:15:00,73.33,46.33
16:15:00,73.71,44.76
16:20:00,0.0,44.10
16:20:00,61.05,62.40
16:20:00,62.48,62.29
16:20:00,64.24,59.30
16:20:00,65.65,56.69
16:20:00,67,64.62
16:20:00,68.2,64.48
16:20:00,69.3,41.60
16:20:00,69.31,62.96
16:20:00,71.07,60.11
16:20:00,71.08,53.56
16:20:00,72.17,56.86
16:20:00,73.17,56.61
16:20:00,73.33,46.18
16:20:00,73.71,44.28
16:25:00,0.0,44.24
16:25:00,61.05,62.31
16:25:00,62.48,62.13
16:25:00,64.24,59.53
16:25:00,65.65,56.65
16:25:00,67,64.35
16:25:00,68.2,64.25
16:25:00,69.3,41.40
16:25:00,69.31,63.05
16:25:00,71.07,60.93
16:25:00,71.08,54.05
16:25:00,72.17,57.10
16:25:00,73.17,56.67
16:25:00,73.33,46.48
16:25:00,73.71,44.61
16:30:00,0.0,44.16
16:30:00,61.05,62.10
16:30:00,62.48,62.17
16:30:00,64.24,57.86
16:30:00,65.65,57.55
16:30:00,67,64.10
16:30:00,68.2,64.38
16:30:00,69.3,41.55
16:30:00,69.31,63.04
16:30:00,71.07,60.86
16:30:00,71.08,53.81
16:30:00,72.17,57.13
16:30:00,73.17,56.58
16:30:00,73.33,46.43
16:30:00,73.71,45.23
16:35:00,0.0,44.07
16:35:00,61.05,62.15
16:35:00,62.48,62.07
16:35:00,64.24,57.90
16:35:00,65.65,57.21
16:35:00,67,64.67
16:35:00,68.2,64.42
16:35:00,69.3,41.75
16:35:00,69.31,63.15
16:35:00,71.07,60.75
16:35:00,71.08,54.90
16:35:00,72.17,57.12
16:35:00,73.17,56.64
16:35:00,73.33,46.37
16:35:00,73.71,44.47
16:40:00,0.0,44.04
16:40:00,61.05,62.18
16:40:00,62.48,62.31
16:40:00,64.24,58.11
16:40:00,65.65,56.43
16:40:00,67,65.10
16:40:00,68.2,64.14
16:40:00,69.3,41.45
16:40:00,69.31,63.04
16:40:00,71.07,60.48
16:40:00,71.08,54.76
16:40:00,72.17,57.01
16:40:00,73.17,56.25
16:40:00,73.33,45.75
16:40:00,73.71,44.90
16:45:00,0.0,43.96
16:45:00,61.05,62.03
16:45:00,62.48,62.14
16:45:00,64.24,57.85
16:45:00,65.65,57.21
16:45:00,67,64.62
16:45:00,68.2,64.20
16:45:00,69.3,41.46
16:45:00,69.31,63.04
16:45:00,71.07,60.45
16:45:00,71.08,54.37
16:45:00,72.17,56.67
16:45:00,73.17,56.61
16:45:00,73.33,46.20
16:45:00,73.71,45.58
16:50:00,0.0,43.86
16:50:00,61.05,62.18
16:50:00,62.48,62.24
16:50:00,64.24,58.56
16:50:00,65.65,56.96
16:50:00,67,64.62
16:50:00,68.2,63.92
16:50:00,69.3,41.47
16:50:00,69.31,62.65
16:50:00,71.07,60.14
16:50:00,71.08,55.07
16:50:00,72.17,56.82
16:50:00,73.17,56.96
16:50:00,73.33,46.61
16:50:00,73.71,45.10
16:55:00,0.0,43.94
16:55:00,61.05,62.36
16:55:00,62.48,62.28
16:55:00,64.24,58.70
16:55:00,65.65,57.35
16:55:00,67,64.98
16:55:00,68.2,63.89
16:55:00,69.3,41.46
16:55:00,69.31,62.80
16:55:00,71.07,60.48
16:55:00,71.08,54.36
16:55:00,72.17,56.90
16:55:00,73.17,56.54
16:55:00,73.33,45.42
16:55:00,73.71,45.09
17:00:00,0.0,43.78
17:00:00,61.05,62.26
17:00:00,62.48,62.05
17:00:00,64.24,58.07
17:00:00,65.65,57.80
17:00:00,67,64.58
17:00:00,68.2,64.00
17:00:00,69.3,41.43
17:00:00,69.31,62.59
17:00:00,71.07,60.09
17:00:00,71.08,54.51
17:00:00,72.17,56.47
17:00:00,73.17,56.84
17:00:00,73.33,46.25
17:00:00,73.71,43.75
17:05:00,0.0,43.78
17:05:00,61.05,62.42
17:05:00,62.48,61.76
17:05:00,64.24,58.66
17:05:00,65.65,57.33
17:05:00,67,64.00
17:05:00,68.2,63.47
17:05:00,69.3,41.43
17:05:00,69.31,62.54
17:05:00,71.07,60.13
17:05:00,71.08,54.23
17:05:00,72.17,56.57
17:05:00,73.17,56.52
17:05:00,73.33,45.98
17:05:00,73.71,45.13
17:10:00,0.0,44.02
17:10:00,61.05,62.01
17:10:00,62.48,61.78
17:10:00,64.24,59.59
17:10:00,65.65,56.96
17:10:00,67,63.64
17:10:00,68.2,63.62
17:10:00,69.3,41.29
17:10:00,69.31,62.72
17:10:00,71.07,59.83
17:10:00,71.08,53.07
17:10:00,72.17,56.55
17:10:00,73.17,56.63
17:10:00,73.33,46.30
17:10:00,73.71,45.33
17:15:00,0.0,43.89
17:15:00,61.05,61.89
17:15:00,62.48,61.75
17:15:00,64.24,58.23
17:15:00,65.65,57.19
17:15:00,67,63.81
17:15:00,68.2,63.53
17:15:00,69.3,41.43
17:15:00,69.31,62.59
17:15:00,71.07,60.05
17:15:00,71.08,54.26
17:15:00,72.17,56.41
17:15:00,73.17,56.84
17:15:00,73.33,46.74
17:15:00,73.71,45.49
17:20:00,0.0,43.55
17:20:00,61.05,61.92
17:20:00,62.48,61.67
17:20:00,64.24,58.16
17:20:00,65.65,57.21
17:20:00,67,63.85
17:20:00,68.2,63.25
17:20:00,69.3,41.14
17:20:00,69.31,62.77
17:20:00,71.07,60.18
17:20:00,71.08,54.74
17:20:00,72.17,56.74
17:20:00,73.17,56.88
17:20:00,73.33,46.21
17:20:00,73.71,45.92
17:25:00,0.0,43.51
17:25:00,61.05,61.95
17:25:00,62.48,61.63
17:25:00,64.24,58.49
17:25:00,65.65,56.29
17:25:00,67,64.43
17:25:00,68.2,63.11
17:25:00,69.3,41.15
17:25:00,69.31,62.57
17:25:00,71.07,60.05
17:25:00,71.08,54.41
17:25:00,72.17,56.71
17:25:00,73.17,56.97
17:25:00,73.33,46.96
17:25:00,73.71,45.27
17:30:00,0.0,43.68
17:30:00,61.05,62.12
17:30:00,62.48,61.81
17:30:00,64.24,58.28
17:30:00,65.65,56.49
17:30:00,67,63.91
17:30:00,68.2,62.79
17:30:00,69.3,41.07
17:30:00,69.31,62.32
17:30:00,71.07,60.12
17:30:00,71.08,53.09
17:30:00,72.17,56.60
17:30:00,73.17,57.40
17:30:00,73.33,46.95
17:30:00,73.71,44.75
17:35:00,0.0,43.58
17:35:00,61.05,61.95
17:35:00,62.48,61.88
17:35:00,64.24,58.52
17:35:00,65.65,56.24
17:35:00,67,64.19
17:35:00,68.2,63.42
17:35:00,69.3,41.09
17:35:00,69.31,62.73
17:35:00,71.07,60.20
17:35:00,71.08,55.02
17:35:00,72.17,56.44
17:35:00,73.17,56.89
17:35:00,73.33,46.72
17:35:00,73.71,45.14
17:40:00,0.0,43.58
17:40:00,61.05,61.97
17:40:00,62.48,61.76
17:40:00,64.24,58.67
17:40:00,65.65,57.05
17:40:00,67,64.17
17:40:00,68.2,63.45
17:40:00,69.3,41.35
17:40:00,69.31,62.60
17:40:00,71.07,60.37
17:40:00,71.08,55.59
17:40:00,72.17,56.68
17:40:00,73.17,57.36
17:40:00,73.33,46.84
17:40:00,73.71,45.66
17:45:00,0.0,43.66
17:45:00,61.05,62.35
17:45:00,62.48,61.64
17:45:00,64.24,58.08
17:45:00,65.65,57.06
17:45:00,67,64.37
17:45:00,68.2,63.38
17:45:00,69.3,41.32
17:45:00,69.31,62.59
17:45:00,71.07,60.42
17:45:00,71.08,53.69
17:45:00,72.17,56.83
17:45:00,73.17,57.45
17:45:00,73.33,47.40
17:45:00,73.71,45.85
17:50:00,0.0,43.53
17:50:00,61.05,62.14
17:50:00,62.48,61.58
17:50:00,64.24,57.49
17:50:00,65.65,56.44
17:50:00,67,64.30
17:50:00,68.2,63.34
17:50:00,69.3,41.17
17:50:00,69.31,62.93
17:50:00,71.07,60.60
17:50:00,71.08,53.22
17:50:00,72.17,56.87
17:50:00,73.17,57.50
17:50:00,73.33,47.52
17:50:00,73.71,45.75
17:55:00,0.0,43.43
17:55:00,61.05,62.11
17:55:00,62.48,61.61
17:55:00,64.24,57.48
17:55:00,65.65,57.28
17:55:00,67,64.89
17:55:00,68.2,63.67
17:55:00,69.3,40.88
17:55:00,69.31,62.56
17:55:00,71.07,60.69
17:55:00,71.08,54.38
17:55:00,72.17,56.65
17:55:00,73.17,57.46
17:55:00,73.33,46.89
17:55:00,73.71,46.25
18:00:00,0.0,43.44
18:00:00,61.05,62.27
18:00:00,62.48,61.71
18:00:00,64.24,56.72
18:00:00,65.65,57.06
18:00:00,67,64.91
18:00:00,68.2,63.84
18:00:00,69.3,41.21
18:00:00,69.31,62.92
18:00:00,71.07,60.80
18:00:00,71.08,54.19
18:00:00,72.17,57.01
18:00:00,73.17,57.53
18:00:00,73.33,47.62
18:00:00,73.71,45.18
18:05:00,0.0,43.50
18:05:00,61.05,61.80
18:05:00,62.48,61.58
18:05:00,64.24,57.07
18:05:00,65.65,56.94
18:05:00,67,65.45
18:05:00,68.2,63.82
18:05:00,69.3,41.39
18:05:00,69.31,62.92
18:05:00,71.07,60.79
18:05:00,71.08,53.42
18:05:00,72.17,57.14
18:05:00,73.17,57.85
18:05:00,73.33,47.68
18:05:00,73.71,46.01
18:10:00,0.0,43.39
18:10:00,61.05,62.16
18:10:00,62.48,62.09
18:10:00,64.24,56.44
18:10:00,65.65,55.93
18:10:00,67,64.88
18:10:00,68.2,63.33
18:10:00,69.3,41.34
18:10:00,69.31,62.99
18:10:00,71.07,60.63
18:10:00,71.08,53.36
18:10:00,72.17,56.55
18:10:00,73.17,57.83
18:10:00,73.33,47.74
18:10:00,73.71,46.06
18:15:00,0.0,43.42
18:15:00,61.05,62.00
18:15:00,62.48,61.58
18:15:00,64.24,55.73
18:15:00,65.65,56.35
18:15:00,67,64.76
18:15:00,68.2,63.44
18:15:00,69.3,41.21
18:15:00,69.31,62.75
18:15:00,71.07,60.51
18:15:00,71.08,54.13
18:15:00,72.17,56.77
18:15:00,73.17,57.43
18:15:00,73.33,47.78
18:15:00,73.71,46.16
18:20:00,0.0,43.42
18:20:00,61.05,62.12
18:20:00,62.48,61.76
18:20:00,64.24,55.89
18:20:00,65.65,55.24
18:20:00,67,64.43
18:20:00,68.2,63.68
18:20:00,69.3,41.15
18:20:00,69.31,62.71
18:20:00,71.07,60.47
18:20:00,71.08,54.07
18:20:00,72.17,56.56
18:20:00,73.17,57.74
18:20:00,73.33,47.32
18:20:00,73.71,47.41
18:25:00,0.0,43.55
18:25:00,61.05,62.10
18:25:00,62.48,61.61
18:25:00,64.24,55.40
18:25:00,65.65,54.66
18:25:00,67,64.53
18:25:00,68.2,63.36
18:25:00,69.3,40.95
18:25:00,69.31,62.92
18:25:00,71.07,60.98
18:25:00,71.08,54.38
18:25:00,72.17,56.97
18:25:00,73.17,58.03
18:25:00,73.33,47.50
18:25:00,73.71,47.08
18:30:00,0.0,43.31
18:30:00,61.05,62.04
18:30:00,62.48,61.43
18:30:00,64.24,55.91
18:30:00,65.65,54.59
18:30:00,67,63.82
18:30:00,68.2,63.72
18:30:00,69.3,41.15
18:30:00,69.31,62.82
18:30:00,71.07,60.63
18:30:00,71.08,53.79
18:30:00,72.17,56.93
18:30:00,73.17,58.02
18:30:00,73.33,47.53
18:30:00,73.71,47.05
18:35:00,0.0,43.45
18:35:00,61.05,61.93
18:35:00,62.48,61.40
18:35:00,64.24,55.54
18:35:00,65.65,54.66
18:35:00,67,63.52
18:35:00,68.2,63.83
18:35:00,69.3,41.41
18:35:00,69.31,63.08
18:35:00,71.07,60.90
18:35:00,71.08,54.24
18:35:00,72.17,57.09
18:35:00,73.17,58.06
18:35:00,73.33,47.76
18:35:00,73.71,46.99
18:40:00,0.0,43.36
18:40:00,61.05,61.91
18:40:00,62.48,61.38
18:40:00,64.24,55.47
18:40:00,65.65,55.07
18:40:00,67,63.30
18:40:00,68.2,63.51
18:40:00,69.3,41.12
18:40:00,69.31,63.10
18:40:00,71.07,60.45
18:40:00,71.08,52.97
18:40:00,72.17,57.44
18:40:00,73.17,58.42
18:40:00,73.33,48.53
18:40:00,73.71,47.58
18:45:00,0.0,43.41
18:45:00,61.05,61.96
18:45:00,62.48,61.51
18:45:00,64.24,54.64
18:45:00,65.65,54.66
18:45:00,67,63.37
18:45:00,68.2,63.94
18:45:00,69.3,41.24
18:45:00,69.31,63.07
18:45:00,71.07,60.88
18:45:00,71.08,54.13
18:45:00,72.17,57.30
18:45:00,73.17,58.27
18:45:00,73.33,48.18
18:45:00,73.71,47.32
18:50:00,0.0,43.38
18:50:00,61.05,61.90
18:50:00,62.48,61.52
18:50:00,64.24,55.98
18:50:00,65.65,54.74
18:50:00,67,64.04
18:50:00,68.2,63.65
18:50:00,69.3,41.39
18:50:00,69.31,63.16
18:50:00,71.07,59.63
18:50:00,71.08,53.89
18:50:00,72.17,57.17
18:50:00,73.17,58.88
18:50:00,73.33,49.45
18:50:00,73.71,47.83
18:55:00,0.0,43.49
18:55:00,61.05,61.98
18:55:00,62.48,61.26
18:55:00,64.24,53.25
18:55:00,65.65,55.53
18:55:00,67,64.37
18:55:00,68.2,64.17
18:55:00,69.3,41.26
18:55:00,69.31,63.38
18:55:00,71.07,60.19
18:55:00,71.08,54.68
18:55:00,72.17,57.60
18:55:00,73.17,59.03
18:55:00,73.33,49.43
18:55:00,73.71,47.86
19:00:00,0.0,43.49
19:00:00,61.05,61.92
19:00:00,62.48,61.10
19:00:00,64.24,53.92
19:00:00,65.65,56.50
19:00:00,67,64.68
19:00:00,68.2,64.17
19:00:00,69.3,41.08
19:00:00,69.31,63.40
19:00:00,71.07,60.84
19:00:00,71.08,55.41
19:00:00,72.17,57.81
19:00:00,73.17,59.00
19:00:00,73.33,48.79
19:00:00,73.71,47.84
19:05:00,0.0,43.24
19:05:00,61.05,61.92
19:05:00,62.48,61.19
19:05:00,64.24,54.11
19:05:00,65.65,57.34
19:05:00,67,64.81
19:05:00,68.2,64.03
19:05:00,69.3,40.63
19:05:00,69.31,63.44
19:05:00,71.07,60.52
19:05:00,71.08,53.75
19:05:00,72.17,57.69
19:05:00,73.17,58.85
19:05:00,73.33,49.41
19:05:00,73.71,47.77
19:10:00,0.0,43.17
19:10:00,61.05,61.93
19:10:00,62.48,61.27
19:10:00,64.24,54.67
19:10:00,65.65,56.97
19:10:00,67,65.03
19:10:00,68.2,64.22
19:10:00,69.3,40.62
19:10:00,69.31,63.12
19:10:00,71.07,60.75
19:10:00,71.08,53.66
19:10:00,72.17,57.77
19:10:00,73.17,58.89
19:10:00,73.33,49.23
19:10:00,73.71,47.93
19:15:00,0.0,43.36
19:15:00,61.05,61.63
19:15:00,62.48,61.24
19:15:00,64.24,54.41
19:15:00,65.65,57.52
19:15:00,67,64.88
19:15:00,68.2,64.35
19:15:00,69.3,40.68
19:15:00,69.31,63.38
19:15:00,71.07,61.30
19:15:00,71.08,53.56
19:15:00,72.17,57.76
19:15:00,73.17,58.99
19:15:00,73.33,49.20
19:15:00,73.71,47.60
19:20:00,0.0,43.13
19:20:00,61.05,61.77
19:20:00,62.48,61.60
19:20:00,64.24,53.08
19:20:00,65.65,57.17
19:20:00,67,65.61
19:20:00,68.2,64.29
19:20:00,69.3,40.83
19:20:00,69.31,63.23
19:20:00,71.07,61.27
19:20:00,71.08,53.54
19:20:00,72.17,57.73
19:20:00,73.17,59.11
19:20:00,73.33,49.17
19:20:00,73.71,48.29
19:25:00,0.0,43.02
19:25:00,61.05,61.80
19:25:00,62.48,61.54
19:25:00,64.24,52.80
19:25:00,65.65,57.21
19:25:00,67,65.78
19:25:00,68.2,64.13
19:25:00,69.3,40.86
19:25:00,69.31,63.38
19:25:00,71.07,61.78
19:25:00,71.08,53.87
19:25:00,72.17,57.90
19:25:00,73.17,59.22
19:25:00,73.33,49.17
19:25:00,73.71,47.91
19:30:00,0.0,43.20
19:30:00,61.05,61.97
19:30:00,62.48,61.23
19:30:00,64.24,53.69
19:30:00,65.65,58.39
19:30:00,67,65.81
19:30:00,68.2,64.13
19:30:00,69.3,41.03
19:30:00,69.31,63.09
19:30:00,71.07,61.50
19:30:00,71.08,54.03
19:30:00,72.17,58.12
19:30:00,73.17,59.39
19:30:00,73.33,49.45
19:30:00,73.71,48.46
19:35:00,0.0,43.31
19:35:00,61.05,61.57
19:35:00,62.48,60.93
19:35:00,64.24,53.04
19:35:00,65.65,57.81
19:35:00,67,65.57
19:35:00,68.2,63.98
19:35:00,69.3,41.03
19:35:00,69.31,63.41
19:35:00,71.07,61.70
19:35:00,71.08,53.91
19:35:00,72.17,57.96
19:35:00,73.17,59.41
19:35:00,73.33,49.23
19:35:00,73.71,48.22
19:40:00,0.0,43.33
19:40:00,61.05,61.39
19:40:00,62.48,61.15
19:40:00,64.24,55.00
19:40:00,65.65,57.58
19:40:00,67,65.59
19:40:00,68.2,63.96
19:40:00,69.3,41.02
19:40:00,69.31,63.31
19:40:00,71.07,61.48
19:40:00,71.08,54.60
19:40:00,72.17,57.89
19:40:00,73.17,59.37
19:40:00,73.33,49.21
19:40:00,73.71,48.62
19:45:00,0.0,43.22
19:45:00,61.05,61.79
19:45:00,62.48,61.71
19:45:00,64.24,52.70
19:45:00,65.65,58.30
19:45:00,67,65.97
19:45:00,68.2,64.29
19:45:00,69.3,40.81
19:45:00,69.31,63.10
19:45:00,71.07,61.49
19:45:00,71.08,55.10
19:45:00,72.17,57.96
19:45:00,73.17,59.05
19:45:00,73.33,49.43
19:45:00,73.71,48.63
19:50:00,0.0,43.14
19:50:00,61.05,61.65
19:50:00,62.48,61.60
19:50:00,64.24,51.11
19:50:00,65.65,58.04
19:50:00,67,65.59
19:50:00,68.2,63.71
19:50:00,69.3,40.69
19:50:00,69.31,63.12
19:50:00,71.07,61.63
19:50:00,71.08,54.52
19:50:00,72.17,57.97
19:50:00,73.17,59.05
19:50:00,73.33,49.07
19:50:00,73.71,48.64
19:55:00,0.0,42.91
19:55:00,61.05,61.45
19:55:00,62.48,61.25
19:55:00,64.24,52.37
19:55:00,65.65,57.78
19:55:00,67,65.58
19:55:00,68.2,63.73
19:55:00,69.3,41.10
19:55:00,69.31,62.98
19:55:00,71.07,61.77
19:55:00,71.08,55.19
19:55:00,72.17,57.92
19:55:00,73.17,59.41
19:55:00,73.33,49.32
19:55:00,73.71,48.34
20:00:00,0.0,42.87
20:00:00,61.05,61.44
20:00:00,62.48,61.11
20:00:00,64.24,52.34
20:00:00,65.65,57.80
20:00:00,67,65.85
20:00:00,68.2,64.04
20:00:00,69.3,40.95
20:00:00,69.31,62.85
20:00:00,71.07,61.49
20:00:00,71.08,53.28
20:00:00,72.17,57.86
20:00:00,73.17,59.08
20:00:00,73.33,49.29
20:00:00,73.71,48.85
20:05:00,0.0,42.83
20:05:00,61.05,61.58
20:05:00,62.48,61.38
20:05:00,64.24,51.74
20:05:00,65.65,58.39
20:05:00,67,65.70
20:05:00,68.2,64.07
20:05:00,69.3,40.73
20:05:00,69.31,63.18
20:05:00,71.07,61.39
20:05:00,71.08,54.12
20:05:00,72.17,57.99
20:05:00,73.17,59.19
20:05:00,73.33,48.63
20:05:00,73.71,48.11
20:10:00,0.0,42.77
20:10:00,61.05,61.45
20:10:00,62.48,61.00
20:10:00,64.24,53.31
20:10:00,65.65,57.34
20:10:00,67,65.52
20:10:00,68.2,63.97
20:10:00,69.3,40.77
20:10:00,69.31,62.80
20:10:00,71.07,61.20
20:10:00,71.08,54.24
20:10:00,72.17,57.95
20:10:00,73.17,58.93
20:10:00,73.33,48.78
20:10:00,73.71,47.69
20:15:00,0.0,42.83
20:15:00,61.05,61.34
20:15:00,62.48,61.14
20:15:00,64.24,51.69
20:15:00,65.65,57.57
20:15:00,67,65.54
20:15:00,68.2,63.84
20:15:00,69.3,41.04
20:15:00,69.31,62.86
20:15:00,71.07,61.13
20:15:00,71.08,53.89
20:15:00,72.17,57.94
20:15:00,73.17,59.05
20:15:00,73.33,48.91
20:15:00,73.71,47.99
20:20:00,0.0,42.71
20:20:00,61.05,61.58
20:20:00,62.48,61.20
20:20:00,64.24,54.18
20:20:00,65.65,57.90
20:20:00,67,65.28
20:20:00,68.2,63.76
20:20:00,69.3,40.78
20:20:00,69.31,62.75
20:20:00,71.07,61.11
20:20:00,71.08,53.30
20:20:00,72.17,58.08
20:20:00,73.17,59.06
20:20:00,73.33,49.21
20:20:00,73.71,47.55
20:25:00,0.0,42.69
20:25:00,61.05,61.33
20:25:00,62.48,61.22
20:25:00,64.24,52.71
20:25:00,65.65,58.18
20:25:00,67,65.09
20:25:00,68.2,63.62
20:25:00,69.3,40.63
20:25:00,69.31,62.68
20:25:00,71.07,60.38
20:25:00,71.08,53.57
20:25:00,72.17,57.94
20:25:00,73.17,59.14
20:25:00,73.33,49.50
20:25:00,73.71,47.73
20:30:00,0.0,42.67
20:30:00,61.05,61.10
20:30:00,62.48,61.05
20:30:00,64.24,51.48
20:30:00,65.65,58.40
20:30:00,67,64.97
20:30:00,68.2,63.47
20:30:00,69.3,40.77
20:30:00,69.31,62.49
20:30:00,71.07,60.46
20:30:00,71.08,52.67
20:30:00,72.17,57.90
20:30:00,73.17,58.97
20:30:00,73.33,48.55
20:30:00,73.71,47.91
20:35:00,0.0,42.61
20:35:00,61.05,61.33
20:35:00,62.48,60.76
20:35:00,64.24,52.48
20:35:00,65.65,57.29
20:35:00,67,64.81
20:35:00,68.2,63.27
20:35:00,69.3,40.72
20:35:00,69.31,62.50
20:35:00,71.07,60.48
20:35:00,71.08,53.24
20:35:00,72.17,58.11
20:35:00,73.17,58.41
20:35:00,73.33,48.49
20:35:00,73.71,47.90
20:40:00,0.0,42.71
20:40:00,61.05,61.09
20:40:00,62.48,60.86
20:40:00,64.24,50.08
20:40:00,65.65,57.90
20:40:00,67,64.95
20:40:00,68.2,63.64
20:40:00,69.3,40.65
20:40:00,69.31,62.70
20:40:00,71.07,60.01
20:40:00,71.08,51.13
20:40:00,72.17,58.14
20:40:00,73.17,58.09
20:40:00,73.33,49.05
20:40:00,73.71,47.94
20:45:00,0.0,42.52
20:45:00,61.05,60.93
20:45:00,62.48,61.13
20:45:00,64.24,51.80
20:45:00,65.65,57.89
20:45:00,67,64.95
20:45:00,68.2,63.51
20:45:00,69.3,40.75
20:45:00,69.31,62.59
20:45:00,71.07,60.30
20:45:00,71.08,54.29
20:45:00,72.17,58.05
20:45:00,73.17,58.18
20:45:00,73.33,49.24
20:45:00,73.71,47.85
20:50:00,0.0,42.55
20:50:00,61.05,61.25
20:50:00,62.48,61.06
20:50:00,64.24,51.86
20:50:00,65.65,57.93
20:50:00,67,65.20
20:50:00,68.2,63.42
20:50:00,69.3,40.47
20:50:00,69.31,62.46
20:50:00,71.07,60.81
20:50:00,71.08,52.93
20:50:00,72.17,58.13
20:50:00,73.17,58.36
20:50:00,73.33,48.92
20:50:00,73.71,46.95
20:55:00,0.0,42.76
20:55:00,61.05,61.08
20:55:00,62.48,60.70
20:55:00,64.24,50.87
20:55:00,65.65,58.81
20:55:00,67,65.03
20:55:00,68.2,63.50
20:55:00,69.3,40.83
20:55:00,69.31,62.59
20:55:00,71.07,61.08
20:55:00,71.08,53.18
20:55:00,72.17,57.82
20:55:00,73.17,57.99
20:55:00,73.33,48.64
20:55:00,73.71,46.93
21:00:00,0.0,42.48
21:00:00,61.05,60.97
21:00:00,62.48,60.95
21:00:00,64.24,50.40
21:00:00,65.65,57.71
21:00:00,67,65.07
21:00:00,68.2,63.18
21:00:00,69.3,40.20
21:00:00,69.31,62.37
21:00:00,71.07,60.96
21:00:00,71.08,54.82
21:00:00,72.17,57.77
21:00:00,73.17,58.12
21:00:00,73.33,48.97
21:00:00,73.71,46.58
21:05:00,0.0,42.23
21:05:00,61.05,61.26
21:05:00,62.48,60.51
21:05:00,64.24,48.19
21:05:00,65.65,57.64
21:05:00,67,64.90
21:05:00,68.2,62.99
21:05:00,69.3,40.34
21:05:00,69.31,62.30
21:05:00,71.07,61.03
21:05:00,71.08,52.56
21:05:00,72.17,57.63
21:05:00,73.17,57.77
21:05:00,73.33,48.63
21:05:00,73.71,46.71
21:10:00,0.0,42.27
21:10:00,61.05,60.97
21:10:00,62.48,60.68
21:10:00,64.24,50.73
21:10:00,65.65,57.78
21:10:00,67,64.90
21:10:00,68.2,63.57
21:10:00,69.3,40.52
21:10:00,69.31,62.40
21:10:00,71.07,60.59
21:10:00,71.08,52.95
21:10:00,72.17,57.61
21:10:00,73.17,57.86
21:10:00,73.33,47.85
21:10:00,73.71,46.33
21:15:00,0.0,42.49
21:15:00,61.05,60.86
21:15:00,62.48,60.40
21:15:00,64.24,51.38
21:15:00,65.65,57.26
21:15:00,67,64.83
21:15:00,68.2,63.21
21:15:00,69.3,40.35
21:15:00,69.31,62.23
21:15:00,71.07,60.79
21:15:00,71.08,53.19
21:15:00,72.17,57.69
21:15:00,73.17,58.52
21:15:00,73.33,48.73
21:15:00,73.71,46.17
21:20:00,0.0,42.26
21:20:00,61.05,60.93
21:20:00,62.48,60.87
21:20:00,64.24,50.50
21:20:00,65.65,57.01
21:20:00,67,64.89
21:20:00,68.2,63.24
21:20:00,69.3,40.40
21:20:00,69.31,62.38
21:20:00,71.07,60.37
21:20:00,71.08,52.80
21:20:00,72.17,57.69
21:20:00,73.17,58.30
21:20:00,73.33,49.20
21:20:00,73.71,46.51
21:25:00,0.0,42.21
21:25:00,61.05,60.64
21:25:00,62.48,60.48
21:25:00,64.24,49.66
21:25:00,65.65,58.02
21:25:00,67,65.06
21:25:00,68.2,63.40
21:25:00,69.3,40.44
21:25:00,69.31,62.11
21:25:00,71.07,60.47
21:25:00,71.08,52.01
21:25:00,72.17,57.65
21:25:00,73.17,58.71
21:25:00,73.33,48.77
21:25:00,73.71,47.35
21:30:00,0.0,42.13
21:30:00,61.05,60.82
21:30:00,62.48,60.58
21:30:00,64.24,50.50
21:30:00,65.65,57.70
21:30:00,67,64.85
21:30:00,68.2,63.47
21:30:00,69.3,40.61
21:30:00,69.31,62.12
21:30:00,71.07,60.24
21:30:00,71.08,52.98
21:30:00,72.17,57.34
21:30:00,73.17,58.47
21:30:00,73.33,48.41
21:30:00,73.71,47.14
21:35:00,0.0,42.50
21:35:00,61.05,60.61
21:35:00,62.48,60.33
21:35:00,64.24,50.31
21:35:00,65.65,57.29
21:35:00,67,64.85
21:35:00,68.2,63.33
21:35:00,69.3,40.31
21:35:00,69.31,62.15
21:35:00,71.07,60.37
21:35:00,71.08,53.36
21:35:00,72.17,57.48
21:35:00,73.17,58.40
21:35:00,73.33,48.61
21:35:00,73.71,46.89
21:40:00,0.0,42.37
21:40:00,61.05,60.87
21:40:00,62.48,60.28
21:40:00,64.24,50.99
21:40:00,65.65,57.28
21:40:00,67,65.06
21:40:00,68.2,63.04
21:40:00,69.3,40.38
21:40:00,69.31,62.29
21:40:00,71.07,60.40
21:40:00,71.08,53.58
21:40:00,72.17,57.12
21:40:00,73.17,58.31
21:40:00,73.33,48.57
21:40:00,73.71,47.29
21:45:00,0.0,42.19
21:45:00,61.05,60.76
21:45:00,62.48,60.64
21:45:00,64.24,51.30
21:45:00,65.65,57.87
21:45:00,67,64.80
21:45:00,68.2,63.10
21:45:00,69.3,40.23
21:45:00,69.31,62.28
21:45:00,71.07,60.29
21:45:00,71.08,52.69
21:45:00,72.17,57.21
21:45:00,73.17,58.14
21:45:00,73.33,48.37
21:45:00,73.71,47.25
21:50:00,0.0,42.28
21:50:00,61.05,60.66
21:50:00,62.48,60.38
21:50:00,64.24,50.31
21:50:00,65.65,57.30
21:50:00,67,65.16
21:50:00,68.2,63.39
21:50:00,69.3,40.74
21:50:00,69.31,62.31
21:50:00,71.07,60.22
21:50:00,71.08,53.96
21:50:00,72.17,57.26
21:50:00,73.17,58.04
21:50:00,73.33,47.93
21:50:00,73.71,47.22
21:55:00,0.0,41.87
21:55:00,61.05,60.42
21:55:00,62.48,60.59
21:55:00,64.24,50.53
21:55:00,65.65,57.61
21:55:00,67,64.87
21:55:00,68.2,63.58
21:55:00,69.3,40.23
21:55:00,69.31,62.03
21:55:00,71.07,60.29
21:55:00,71.08,52.86
21:55:00,72.17,57.55
21:55:00,73.17,58.37
21:55:00,73.33,48.41
21:55:00,73.71,47.39
22:00:00,0.0,41.87
22:00:00,61.05,60.95
22:00:00,62.48,60.70
22:00:00,64.24,48.79
22:00:00,65.65,57.63
22:00:00,67,64.94
22:00:00,68.2,62.87
22:00:00,69.3,40.20
22:00:00,69.31,61.96
22:00:00,71.07,60.30
22:00:00,71.08,53.01
22:00:00,72.17,57.40
22:00:00,73.17,58.15
22:00:00,73.33,48.47
22:00:00,73.71,47.48
22:05:00,0.0,42.23
22:05:00,61.05,60.84
22:05:00,62.48,60.45
22:05:00,64.24,48.94
22:05:00,65.65,57.47
22:05:00,67,64.99
22:05:00,68.2,63.06
22:05:00,69.3,40.34
22:05:00,69.31,62.24
22:05:00,71.07,60.48
22:05:00,71.08,52.97
22:05:00,72.17,57.85
22:05:00,73.17,58.56
22:05:00,73.33,48.12
22:05:00,73.71,47.03
22:10:00,0.0,41.69
22:10:00,61.05,60.58
22:10:00,62.48,60.15
22:10:00,64.24,49.66
22:10:00,65.65,57.80
22:10:00,67,64.97
22:10:00,68.2,62.87
22:10:00,69.3,40.31
22:10:00,69.31,62.28
22:10:00,71.07,60.14
22:10:00,71.08,53.66
22:10:00,72.17,57.57
22:10:00,73.17,58.35
22:10:00,73.33,48.59
22:10:00,73.71,47.33
22:15:00,0.0,42.07
22:15:00,61.05,60.85
22:15:00,62.48,60.48
22:15:00,64.24,49.78
22:15:00,65.65,57.87
22:15:00,67,65.12
22:15:00,68.2,63.05
22:15:00,69.3,40.38
22:15:00,69.31,62.02
22:15:00,71.07,60.42
22:15:00,71.08,53.11
22:15:00,72.17,57.48
22:15:00,73.17,58.01
22:15:00,73.33,48.03
22:15:00,73.71,47.76
22:20:00,0.0,41.84
22:20:00,61.05,61.06
22:20:00,62.48,60.29
22:20:00,64.24,47.78
22:20:00,65.65,57.50
22:20:00,67,64.53
22:20:00,68.2,63.02
22:20:00,69.3,40.23
22:20:00,69.31,62.07
22:20:00,71.07,60.41
22:20:00,71.08,52.38
22:20:00,72.17,57.55
22:20:00,73.17,58.18
22:20:00,73.33,47.93
22:20:00,73.71,47.62
22:25:00,0.0,42.35
22:25:00,61.05,60.76
22:25:00,62.48,60.29
22:25:00,64.24,48.35
22:25:00,65.65,57.76
22:25:00,67,65.04
22:25:00,68.2,63.08
22:25:00,69.3,40.51
22:25:00,69.31,62.23
22:25:00,71.07,60.45
22:25:00,71.08,53.65
22:25:00,72.17,57.66
22:25:00,73.17,58.37
22:25:00,73.33,48.38
22:25:00,73.71,47.73
22:30:00,0.0,42.25
22:30:00,61.05,60.40
22:30:00,62.48,60.47
22:30:00,64.24,49.85
22:30:00,65.65,57.77
22:30:00,67,65.09
22:30:00,68.2,62.95
22:30:00,69.3,41.02
22:30:00,69.31,62.16
22:30:00,71.07,60.40
22:30:00,71.08,53.47
22:30:00,72.17,57.79
22:30:00,73.17,58.55
22:30:00,73.33,48.13
22:30:00,73.71,47.22
22:35:00,0.0,42.20
22:35:00,61.05,60.53
22:35:00,62.48,60.22
22:35:00,64.24,47.05
22:35:00,65.65,57.77
22:35:00,67,65.52
22:35:00,68.2,63.30
22:35:00,69.3,40.67
22:35:00,69.31,62.39
22:35:00,71.07,60.84
22:35:00,71.08,52.75
22:35:00,72.17,57.88
22:35:00,73.17,58.33
22:35:00,73.33,47.92
22:35:00,73.71,47.44
22:40:00,0.0,42.06
22:40:00,61.05,60.57
22:40:00,62.48,60.25
22:40:00,64.24,45.72
22:40:00,65.65,57.94
22:40:00,67,65.22
22:40:00,68.2,63.68
22:40:00,69.3,40.62
22:40:00,69.31,62.51
22:40:00,71.07,60.88
22:40:00,71.08,53.75
22:40:00,72.17,57.96
22:40:00,73.17,58.26
22:40:00,73.33,48.72
22:40:00,73.71,47.45
22:45:00,0.0,42.29
22:45:00,61.05,60.94
22:45:00,62.48,60.56
22:45:00,64.24,47.39
22:45:00,65.65,57.90
22:45:00,67,65.47
22:45:00,68.2,63.45
22:45:00,69.3,40.13
22:45:00,69.31,62.52
22:45:00,71.07,60.81
22:45:00,71.08,53.37
22:45:00,72.17,58.09
22:45:00,73.17,58.71
22:45:00,73.33,49.17
22:45:00,73.71,46.60
22:50:00,0.0,42.03
22:50:00,61.05,60.84
22:50:00,62.48,60.93
22:50:00,64.24,44.90
22:50:00,65.65,57.80
22:50:00,67,65.53
22:50:00,68.2,63.30
22:50:00,69.3,40.02
22:50:00,69.31,62.96
22:50:00,71.07,61.37
22:50:00,71.08,53.88
22:50:00,72.17,57.98
22:50:00,73.17,58.35
22:50:00,73.33,49.43
22:50:00,73.71,48.14
22:55:00,0.0,42.63
22:55:00,61.05,60.97
22:55:00,62.48,60.52
22:55:00,64.24,45.98
22:55:00,65.65,57.64
22:55:00,67,65.70
22:55:00,68.2,63.74
22:55:00,69.3,40.41
22:55:00,69.31,63.20
22:55:00,71.07,61.45
22:55:00,71.08,55.26
22:55:00,72.17,58.27
22:55:00,73.17,58.61
22:55:00,73.33,48.92
22:55:00,73.71,46.94
23:00:00,0.0,42.40
23:00:00,61.05,60.83
23:00:00,62.48,60.15
23:00:00,64.24,44.80
23:00:00,65.65,57.86
23:00:00,67,65.91
23:00:00,68.2,63.48
23:00:00,69.3,40.69
23:00:00,69.31,62.89
23:00:00,71.07,61.46
23:00:00,71.08,52.61
23:00:00,72.17,58.31
23:00:00,73.17,58.82
23:00:00,73.33,49.23
23:00:00,73.71,47.81
23:05:00,0.0,42.45
23:05:00,61.05,60.53
23:05:00,62.48,60.24
23:05:00,64.24,41.12
23:05:00,65.65,57.86
23:05:00,67,65.39
23:05:00,68.2,63.37
23:05:00,69.3,40.36
23:05:00,69.31,63.09
23:05:00,71.07,61.06
23:05:00,71.08,52.52
23:05:00,72.17,58.11
23:05:00,73.17,58.99
23:05:00,73.33,49.59
23:05:00,73.71,48.02
23:10:00,0.0,42.30
23:10:00,61.05,60.96
23:10:00,62.48,60.54
23:10:00,64.24,41.99
23:10:00,65.65,57.46
23:10:00,67,65.80
23:10:00,68.2,63.62
23:10:00,69.3,40.36
23:10:00,69.31,62.82
23:10:00,71.07,61.75
23:10:00,71.08,53.14
23:10:00,72.17,58.45
23:10:00,73.17,59.14
23:10:00,73.33,49.48
23:10:00,73.71,47.96
23:15:00,0.0,42.60
23:15:00,61.05,60.92
23:15:00,62.48,60.56
23:15:00,64.24,42.63
23:15:00,65.65,57.75
23:15:00,67,65.73
23:15:00,68.2,63.76
23:15:00,69.3,40.11
23:15:00,69.31,63.26
23:15:00,71.07,61.65
23:15:00,71.08,54.01
23:15:00,72.17,58.53
23:15:00,73.17,59.07
23:15:00,73.33,49.50
23:15:00,73.71,48.06
23:20:00,0.0,42.50
23:20:00,61.05,60.56
23:20:00,62.48,60.64
23:20:00,64.24,44.09
23:20:00,65.65,58.37
23:20:00,67,65.50
23:20:00,68.2,63.35
23:20:00,69.3,40.89
23:20:00,69.31,62.84
23:20:00,71.07,60.96
23:20:00,71.08,54.19
23:20:00,72.17,58.40
23:20:00,73.17,59.42
23:20:00,73.33,50.00
23:20:00,73.71,47.73
23:25:00,0.0,42.22
23:25:00,61.05,60.85
23:25:00,62.48,60.95
23:25:00,64.24,42.54
23:25:00,65.65,58.70
23:25:00,67,66.18
23:25:00,68.2,63.32
23:25:00,69.3,40.06
23:25:00,69.31,63.15
23:25:00,71.07,61.48
23:25:00,71.08,55.19
23:25:00,72.17,58.64
23:25:00,73.17,59.14
23:25:00,73.33,49.75
23:25:00,73.71,47.92
23:30:00,0.0,42.38
23:30:00,61.05,61.17
23:30:00,62.48,60.84
23:30:00,64.24,41.20
23:30:00,65.65,58.48
23:30:00,67,65.82
23:30:00,68.2,63.71
23:30:00,69.3,40.35
23:30:00,69.31,63.29
23:30:00,71.07,61.54
23:30:00,71.08,53.29
23:30:00,72.17,58.57
23:30:00,73.17,59.58
23:30:00,73.33,49.03
23:30:00,73.71,48.38
23:35:00,0.0,42.40
23:35:00,61.05,61.05
23:35:00,62.48,60.71
23:35:00,64.24,41.97
23:35:00,65.65,58.44
23:35:00,67,65.66
23:35:00,68.2,63.50
23:35:00,69.3,40.37
23:35:00,69.31,63.54
23:35:00,71.07,61.47
23:35:00,71.08,54.11
23:35:00,72.17,58.16
23:35:00,73.17,59.31
23:35:00,73.33,50.62
23:35:00,73.71,48.83
23:40:00,0.0,42.13
23:40:00,61.05,60.84
23:40:00,62.48,60.72
23:40:00,64.24,41.69
23:40:00,65.65,57.95
23:40:00,67,66.05
23:40:00,68.2,63.98
23:40:00,69.3,40.41
23:40:00,69.31,63.33
23:40:00,71.07,61.50
23:40:00,71.08,54.48
23:40:00,72.17,58.51
23:40:00,73.17,59.38
23:40:00,73.33,49.81
23:40:00,73.71,47.77
23:45:00,0.0,42.50
23:45:00,61.05,60.74
23:45:00,62.48,60.73
23:45:00,64.24,39.09
23:45:00,65.65,57.45
23:45:00,67,66.19
23:45:00,68.2,63.87
23:45:00,69.3,40.25
23:45:00,69.31,63.23
23:45:00,71.07,61.67
23:45:00,71.08,52.68
23:45:00,72.17,58.65
23:45:00,73.17,59.65
23:45:00,73.33,50.02
23:45:00,73.71,48.08
23:50:00,0.0,42.21
23:50:00,61.05,60.79
23:50:00,62.48,60.55
23:50:00,64.24,38.29
23:50:00,65.65,57.63
23:50:00,67,66.24
23:50:00,68.2,63.75
23:50:00,69.3,40.51
23:50:00,69.31,63.17
23:50:00,71.07,61.89
23:50:00,71.08,54.78
23:50:00,72.17,58.83
23:50:00,73.17,59.76
23:50:00,73.33,50.87
23:50:00,73.71,47.77
23:55:00,0.0,42.33
23:55:00,61.05,61.00
23:55:00,62.48,60.69
23:55:00,64.24,34.72
23:55:00,65.65,57.32
23:55:00,67,66.48
23:55:00,68.2,63.82
23:55:00,69.3,40.20
23:55:00,69.31,63.89
23:55:00,71.07,61.69
23:55:00,71.08,54.31
23:55:00,72.17,58.80
23:55:00,73.17,59.95
23:55:00,73.33,51.27
23:55:00,73.71,48.15
