00:00:00,0.0,45.63
00:00:00,58.8,60.02
00:00:00,61.05,61.99
00:00:00,61.25,66.15
00:00:00,62.47,65.67
00:00:00,64.29,58.70
00:00:00,64.34,57.12
00:00:00,65.9,56.32
00:00:00,67.4,59.80
00:00:00,68.55,57.55
00:00:00,69.31,59.12
00:00:00,70.9,55.23
00:00:00,71.37,55.37
00:00:00,72.17,57.36
00:00:00,72.21,49.99
00:00:00,73.17,59.11
00:05:00,0.0,44.49
00:05:00,58.8,59.27
00:05:00,61.05,61.48
00:05:00,61.25,65.37
00:05:00,62.47,67.32
00:05:00,64.29,59.02
00:05:00,64.34,57.38
00:05:00,65.9,55.04
00:05:00,67.4,59.60
00:05:00,68.55,57.71
00:05:00,69.31,59.40
00:05:00,70.9,55.51
00:05:00,71.37,55.99
00:05:00,72.17,57.55
00:05:00,72.21,51.93
00:05:00,73.17,59.13
00:10:00,0.0,44.72
00:10:00,58.8,60.05
00:10:00,61.05,60.69
00:10:00,61.25,66.65
00:10:00,62.47,65.51
00:10:00,64.29,58.81
00:10:00,64.34,56.91
00:10:00,65.9,57.10
00:10:00,67.4,59.87
00:10:00,68.55,57.84
00:10:00,69.31,58.94
00:10:00,70.9,54.72
00:10:00,71.37,56.01
00:10:00,72.17,57.41
00:10:00,72.21,51.24
00:10:00,73.17,59.47
00:15:00,0.0,45.50
00:15:00,58.8,60.67
00:15:00,61.05,61.69
00:15:00,61.25,64.59
00:15:00,62.47,64.62
00:15:00,64.29,57.85
00:15:00,64.34,57.58
00:15:00,65.9,54.88
00:15:00,67.4,59.79
00:15:00,68.55,57.49
00:15:00,69.31,59.15
00:15:00,70.9,55.07
00:15:00,71.37,56.10
00:15:00,72.17,57.78
00:15:00,72.21,52.09
00:15:00,73.17,59.49
00:20:00,0.0,44.82
00:20:00,58.8,61.13
00:20:00,61.05,61.81
00:20:00,61.25,64.87
00:20:00,62.47,65.85
00:20:00,64.29,56.30
00:20:00,64.34,56.70
00:20:00,65.9,55.55
00:20:00,67.4,59.17
00:20:00,68.55,57.64
00:20:00,69.31,59.06
00:20:00,70.9,55.61
00:20:00,71.37,55.66
00:20:00,72.17,57.96
00:20:00,72.21,52.22
00:20:00,73.17,59.47
00:25:00,0.0,44.43
00:25:00,58.8,61.21
00:25:00,61.05,61.66
00:25:00,61.25,66.27
00:25:00,62.47,64.68
00:25:00,64.29,56.32
00:25:00,64.34,56.77
00:25:00,65.9,55.67
00:25:00,67.4,59.45
00:25:00,68.55,57.17
00:25:00,69.31,59.08
00:25:00,70.9,55.38
00:25:00,71.37,55.48
00:25:00,72.17,57.82
00:25:00,72.21,51.68
00:25:00,73.17,59.58
00:30:00,0.0,44.51
00:30:00,58.8,59.36
00:30:00,61.05,61.07
00:30:00,61.25,67.63
00:30:00,62.47,66.93
00:30:00,64.29,57.51
00:30:00,64.34,56.12
00:30:00,65.9,54.62
00:30:00,67.4,59.34
00:30:00,68.55,57.48
00:30:00,69.31,59.10
00:30:00,70.9,55.01
00:30:00,71.37,55.87
00:30:00,72.17,57.54
00:30:00,72.21,51.29
00:30:00,73.17,59.73
00:35:00,0.0,44.29
00:35:00,58.8,60.18
00:35:00,61.05,61.63
00:35:00,61.25,65.33
00:35:00,62.47,68.10
00:35:00,64.29,58.61
00:35:00,64.34,56.34
00:35:00,65.9,55.30
00:35:00,67.4,59.54
00:35:00,68.55,57.28
00:35:00,69.31,59.17
00:35:00,70.9,54.98
00:35:00,71.37,55.69
00:35:00,72.17,57.68
00:35:00,72.21,51.23
00:35:00,73.17,59.53
00:40:00,0.0,44.64
00:40:00,58.8,60.70
00:40:00,61.05,61.30
00:40:00,61.25,66.73
00:40:00,62.47,64.58
00:40:00,64.29,59.05
00:40:00,64.34,56.19
00:40:00,65.9,56.29
00:40:00,67.4,59.38
00:40:00,68.55,57.96
00:40:00,69.31,59.52
00:40:00,70.9,55.18
00:40:00,71.37,55.72
00:40:00,72.17,57.73
00:40:00,72.21,52.08
00:40:00,73.17,59.72
00:45:00,0.0,44.74
00:45:00,58.8,58.28
00:45:00,61.05,61.19
00:45:00,61.25,65.25
00:45:00,62.47,68.76
00:45:00,64.29,58.70
00:45:00,64.34,56.91
00:45:00,65.9,54.91
00:45:00,67.4,59.23
00:45:00,68.55,57.74
00:45:00,69.31,59.31
00:45:00,70.9,55.23
00:45:00,71.37,55.82
00:45:00,72.17,57.77
00:45:00,72.21,52.35
00:45:00,73.17,59.38
00:50:00,0.0,45.03
00:50:00,58.8,60.60
00:50:00,61.05,60.72
00:50:00,61.25,65.41
00:50:00,62.47,64.38
00:50:00,64.29,58.59
00:50:00,64.34,57.22
00:50:00,65.9,56.30
00:50:00,67.4,58.84
00:50:00,68.55,57.95
00:50:00,69.31,59.03
00:50:00,70.9,55.10
00:50:00,71.37,55.60
00:50:00,72.17,57.86
00:50:00,72.21,52.12
00:50:00,73.17,59.54
00:55:00,0.0,44.30
00:55:00,58.8,59.40
00:55:00,61.05,62.37
00:55:00,61.25,66.40
00:55:00,62.47,64.69
00:55:00,64.29,57.82
00:55:00,64.34,56.89
00:55:00,65.9,56.06
00:55:00,67.4,58.42
00:55:00,68.55,57.19
00:55:00,69.31,58.87
00:55:00,70.9,54.99
00:55:00,71.37,56.06
00:55:00,72.17,57.67
00:55:00,72.21,53.11
00:55:00,73.17,59.66
01:00:00,0.0,44.39
01:00:00,58.8,60.24
01:00:00,61.05,60.79
01:00:00,61.25,64.04
01:00:00,62.47,67.08
01:00:00,64.29,57.23
01:00:00,64.34,56.35
01:00:00,65.9,55.65
01:00:00,67.4,58.66
01:00:00,68.55,57.16
01:00:00,69.31,58.31
01:00:00,70.9,55.37
01:00:00,71.37,55.58
01:00:00,72.17,57.67
01:00:00,72.21,52.08
01:00:00,73.17,59.45
01:05:00,0.0,44.36
01:05:00,58.8,60.08
01:05:00,61.05,61.81
01:05:00,61.25,66.86
01:05:00,62.47,65.80
01:05:00,64.29,59.13
01:05:00,64.34,57.30
01:05:00,65.9,55.40
01:05:00,67.4,59.31
01:05:00,68.55,57.53
01:05:00,69.31,58.89
01:05:00,70.9,55.23
01:05:00,71.37,56.02
01:05:00,72.17,57.68
01:05:00,72.21,52.98
01:05:00,73.17,59.85
01:10:00,0.0,44.73
01:10:00,58.8,60.39
01:10:00,61.05,61.72
01:10:00,61.25,66.59
01:10:00,62.47,62.75
01:10:00,64.29,58.36
01:10:00,64.34,58.05
01:10:00,65.9,55.27
01:10:00,67.4,58.88
01:10:00,68.55,57.94
01:10:00,69.31,59.03
01:10:00,70.9,55.52
01:10:00,71.37,56.29
01:10:00,72.17,57.96
01:10:00,72.21,52.82
01:10:00,73.17,59.68
01:15:00,0.0,44.58
01:15:00,58.8,58.69
01:15:00,61.05,61.51
01:15:00,61.25,64.31
01:15:00,62.47,64.34
01:15:00,64.29,57.68
01:15:00,64.34,55.99
01:15:00,65.9,56.40
01:15:00,67.4,59.06
01:15:00,68.55,57.51
01:15:00,69.31,58.71
01:15:00,70.9,54.73
01:15:00,71.37,55.84
01:15:00,72.17,58.10
01:15:00,72.21,53.72
01:15:00,73.17,60.08
01:20:00,0.0,43.61
01:20:00,58.8,60.38
01:20:00,61.05,60.60
01:20:00,61.25,65.48
01:20:00,62.47,64.18
01:20:00,64.29,57.65
01:20:00,64.34,56.60
01:20:00,65.9,54.50
01:20:00,67.4,58.59
01:20:00,68.55,57.30
01:20:00,69.31,59.16
01:20:00,70.9,54.98
01:20:00,71.37,55.99
01:20:00,72.17,58.19
01:20:00,72.21,54.58
01:20:00,73.17,59.99
01:25:00,0.0,44.20
01:25:00,58.8,59.10
01:25:00,61.05,61.65
01:25:00,61.25,64.86
01:25:00,62.47,64.71
01:25:00,64.29,57.71
01:25:00,64.34,57.26
01:25:00,65.9,53.40
01:25:00,67.4,59.01
01:25:00,68.55,57.47
01:25:00,69.31,58.74
01:25:00,70.9,54.66
01:25:00,71.37,55.49
01:25:00,72.17,57.84
01:25:00,72.21,53.15
01:25:00,73.17,60.14
01:30:00,0.0,43.99
01:30:00,58.8,60.36
01:30:00,61.05,61.40
01:30:00,61.25,65.47
01:30:00,62.47,61.89
01:30:00,64.29,57.58
01:30:00,64.34,56.74
01:30:00,65.9,54.53
01:30:00,67.4,58.96
01:30:00,68.55,56.88
01:30:00,69.31,58.71
01:30:00,70.9,54.85
01:30:00,71.37,55.87
01:30:00,72.17,57.63
01:30:00,72.21,52.59
01:30:00,73.17,59.64
01:35:00,0.0,43.90
01:35:00,58.8,58.54
01:35:00,61.05,61.33
01:35:00,61.25,65.64
01:35:00,62.47,61.79
01:35:00,64.29,56.29
01:35:00,64.34,57.23
01:35:00,65.9,54.20
01:35:00,67.4,59.23
01:35:00,68.55,57.11
01:35:00,69.31,59.22
01:35:00,70.9,54.61
01:35:00,71.37,54.94
01:35:00,72.17,56.98
01:35:00,72.21,53.05
01:35:00,73.17,59.38
01:40:00,0.0,44.72
01:40:00,58.8,59.54
01:40:00,61.05,60.69
01:40:00,61.25,65.79
01:40:00,62.47,64.91
01:40:00,64.29,57.63
01:40:00,64.34,55.54
01:40:00,65.9,53.39
01:40:00,67.4,58.65
01:40:00,68.55,57.47
01:40:00,69.31,59.25
01:40:00,70.9,55.02
01:40:00,71.37,56.12
01:40:00,72.17,57.76
01:40:00,72.21,52.31
01:40:00,73.17,59.40
01:45:00,0.0,45.12
01:45:00,58.8,59.18
01:45:00,61.05,61.49
01:45:00,61.25,65.71
01:45:00,62.47,58.91
01:45:00,64.29,56.17
01:45:00,64.34,57.97
01:45:00,65.9,54.67
01:45:00,67.4,58.94
01:45:00,68.55,58.05
01:45:00,69.31,58.83
01:45:00,70.9,55.05
01:45:00,71.37,56.11
01:45:00,72.17,58.27
01:45:00,72.21,51.60
01:45:00,73.17,59.22
01:50:00,0.0,44.05
01:50:00,58.8,59.82
01:50:00,61.05,61.28
01:50:00,61.25,65.08
01:50:00,62.47,66.11
01:50:00,64.29,56.77
01:50:00,64.34,57.04
01:50:00,65.9,55.07
01:50:00,67.4,58.71
01:50:00,68.55,57.59
01:50:00,69.31,58.94
01:50:00,70.9,55.41
01:50:00,71.37,55.71
01:50:00,72.17,57.69
01:50:00,72.21,53.30
01:50:00,73.17,59.58
01:55:00,0.0,43.83
01:55:00,58.8,59.01
01:55:00,61.05,60.58
01:55:00,61.25,65.77
01:55:00,62.47,63.02
01:55:00,64.29,57.02
01:55:00,64.34,57.73
01:55:00,65.9,53.02
01:55:00,67.4,58.74
01:55:00,68.55,57.46
01:55:00,69.31,58.93
01:55:00,70.9,55.58
01:55:00,71.37,56.05
01:55:00,72.17,57.44
01:55:00,72.21,51.84
01:55:00,73.17,59.50
02:00:00,0.0,43.61
02:00:00,58.8,61.46
02:00:00,61.05,60.28
02:00:00,61.25,65.15
02:00:00,62.47,60.03
02:00:00,64.29,57.83
02:00:00,64.34,57.13
02:00:00,65.9,54.86
02:00:00,67.4,59.25
02:00:00,68.55,57.56
02:00:00,69.31,58.84
02:00:00,70.9,55.78
02:00:00,71.37,56.04
02:00:00,72.17,57.77
02:00:00,72.21,51.98
02:00:00,73.17,60.15
02:05:00,0.0,44.38
02:05:00,58.8,57.92
02:05:00,61.05,59.89
02:05:00,61.25,64.28
02:05:00,62.47,65.27
02:05:00,64.29,56.11
02:05:00,64.34,58.00
02:05:00,65.9,54.44
02:05:00,67.4,58.38
02:05:00,68.55,58.12
02:05:00,69.31,58.68
02:05:00,70.9,55.04
02:05:00,71.37,56.57
02:05:00,72.17,58.13
02:05:00,72.21,53.39
02:05:00,73.17,59.73
02:10:00,0.0,43.90
02:10:00,58.8,60.43
02:10:00,61.05,60.12
02:10:00,61.25,64.56
02:10:00,62.47,61.65
02:10:00,64.29,56.54
02:10:00,64.34,57.65
02:10:00,65.9,53.84
02:10:00,67.4,58.67
02:10:00,68.55,58.04
02:10:00,69.31,59.77
02:10:00,70.9,55.10
02:10:00,71.37,56.00
02:10:00,72.17,57.92
02:10:00,72.21,51.91
02:10:00,73.17,59.61
02:15:00,0.0,44.56
02:15:00,58.8,59.68
02:15:00,61.05,60.81
02:15:00,61.25,62.42
02:15:00,62.47,62.04
02:15:00,64.29,56.59
02:15:00,64.34,57.13
02:15:00,65.9,55.24
02:15:00,67.4,59.09
02:15:00,68.55,57.05
02:15:00,69.31,59.12
02:15:00,70.9,55.22
02:15:00,71.37,55.70
02:15:00,72.17,57.86
02:15:00,72.21,51.87
02:15:00,73.17,59.59
02:20:00,0.0,43.70
02:20:00,58.8,59.25
02:20:00,61.05,59.83
02:20:00,61.25,63.25
02:20:00,62.47,57.93
02:20:00,64.29,56.68
02:20:00,64.34,57.28
02:20:00,65.9,54.18
02:20:00,67.4,59.42
02:20:00,68.55,57.82
02:20:00,69.31,58.91
02:20:00,70.9,55.26
02:20:00,71.37,55.88
02:20:00,72.17,57.47
02:20:00,72.21,53.58
02:20:00,73.17,59.34
02:25:00,0.0,43.49
02:25:00,58.8,59.59
02:25:00,61.05,61.18
02:25:00,61.25,63.97
02:25:00,62.47,63.40
02:25:00,64.29,56.48
02:25:00,64.34,56.88
02:25:00,65.9,54.15
02:25:00,67.4,58.25
02:25:00,68.55,56.85
02:25:00,69.31,58.30
02:25:00,70.9,55.09
02:25:00,71.37,55.70
02:25:00,72.17,57.56
02:25:00,72.21,53.44
02:25:00,73.17,60.39
02:30:00,0.0,43.94
02:30:00,58.8,60.17
02:30:00,61.05,61.09
02:30:00,61.25,63.83
02:30:00,62.47,63.14
02:30:00,64.29,56.82
02:30:00,64.34,55.97
02:30:00,65.9,54.90
02:30:00,67.4,59.18
02:30:00,68.55,57.38
02:30:00,69.31,59.37
02:30:00,70.9,55.40
02:30:00,71.37,56.18
02:30:00,72.17,58.07
02:30:00,72.21,51.85
02:30:00,73.17,59.69
02:35:00,0.0,44.05
02:35:00,58.8,62.84
02:35:00,61.05,61.54
02:35:00,61.25,64.02
02:35:00,62.47,64.41
02:35:00,64.29,57.67
02:35:00,64.34,56.28
02:35:00,65.9,52.11
02:35:00,67.4,59.01
02:35:00,68.55,56.20
02:35:00,69.31,58.83
02:35:00,70.9,55.53
02:35:00,71.37,55.99
02:35:00,72.17,57.90
02:35:00,72.21,53.52
02:35:00,73.17,59.72
02:40:00,0.0,44.42
02:40:00,58.8,60.52
02:40:00,61.05,60.76
02:40:00,61.25,64.47
02:40:00,62.47,62.92
02:40:00,64.29,55.37
02:40:00,64.34,55.97
02:40:00,65.9,52.38
02:40:00,67.4,58.60
02:40:00,68.55,56.75
02:40:00,69.31,58.37
02:40:00,70.9,55.11
02:40:00,71.37,56.69
02:40:00,72.17,58.38
02:40:00,72.21,53.56
02:40:00,73.17,59.98
02:45:00,0.0,43.22
02:45:00,58.8,60.31
02:45:00,61.05,62.77
02:45:00,61.25,63.76
02:45:00,62.47,63.50
02:45:00,64.29,55.68
02:45:00,64.34,57.52
02:45:00,65.9,53.85
02:45:00,67.4,59.47
02:45:00,68.55,56.56
02:45:00,69.31,58.80
02:45:00,70.9,54.75
02:45:00,71.37,55.75
02:45:00,72.17,57.63
02:45:00,72.21,51.20
02:45:00,73.17,60.01
02:50:00,0.0,43.58
02:50:00,58.8,57.55
02:50:00,61.05,59.70
02:50:00,61.25,64.03
02:50:00,62.47,65.59
02:50:00,64.29,56.76
02:50:00,64.34,55.76
02:50:00,65.9,52.40
02:50:00,67.4,59.49
02:50:00,68.55,57.10
02:50:00,69.31,59.57
02:50:00,70.9,54.52
02:50:00,71.37,55.99
02:50:00,72.17,57.99
02:50:00,72.21,52.47
02:50:00,73.17,59.78
02:55:00,0.0,43.53
02:55:00,58.8,60.31
02:55:00,61.05,60.94
02:55:00,61.25,62.41
02:55:00,62.47,61.78
02:55:00,64.29,57.18
02:55:00,64.34,57.04
02:55:00,65.9,54.80
02:55:00,67.4,58.82
02:55:00,68.55,56.98
02:55:00,69.31,58.88
02:55:00,70.9,54.72
02:55:00,71.37,54.71
02:55:00,72.17,57.39
02:55:00,72.21,51.43
02:55:00,73.17,60.24
03:00:00,0.0,43.56
03:00:00,58.8,60.27
03:00:00,61.05,61.01
03:00:00,61.25,62.68
03:00:00,62.47,59.21
03:00:00,64.29,57.30
03:00:00,64.34,56.01
03:00:00,65.9,52.91
03:00:00,67.4,59.09
03:00:00,68.55,56.66
03:00:00,69.31,58.52
03:00:00,70.9,54.93
03:00:00,71.37,55.41
03:00:00,72.17,57.62
03:00:00,72.21,52.25
03:00:00,73.17,59.95
03:05:00,0.0,43.21
03:05:00,58.8,59.72
03:05:00,61.05,61.75
03:05:00,61.25,63.94
03:05:00,62.47,63.07
03:05:00,64.29,57.83
03:05:00,64.34,56.78
03:05:00,65.9,53.60
03:05:00,67.4,58.90
03:05:00,68.55,57.65
03:05:00,69.31,59.24
03:05:00,70.9,55.24
03:05:00,71.37,55.32
03:05:00,72.17,57.98
03:05:00,72.21,50.77
03:05:00,73.17,59.73
03:10:00,0.0,43.91
03:10:00,58.8,60.14
03:10:00,61.05,61.60
03:10:00,61.25,65.02
03:10:00,62.47,63.04
03:10:00,64.29,57.32
03:10:00,64.34,57.26
03:10:00,65.9,53.87
03:10:00,67.4,59.00
03:10:00,68.55,57.70
03:10:00,69.31,59.17
03:10:00,70.9,55.16
03:10:00,71.37,56.23
03:10:00,72.17,58.24
03:10:00,72.21,54.25
03:10:00,73.17,59.71
03:15:00,0.0,44.92
03:15:00,58.8,59.29
03:15:00,61.05,61.09
03:15:00,61.25,64.39
03:15:00,62.47,61.70
03:15:00,64.29,56.24
03:15:00,64.34,57.28
03:15:00,65.9,56.52
03:15:00,67.4,59.44
03:15:00,68.55,56.72
03:15:00,69.31,59.59
03:15:00,70.9,55.60
03:15:00,71.37,55.43
03:15:00,72.17,57.75
03:15:00,72.21,51.86
03:15:00,73.17,59.88
03:20:00,0.0,44.08
03:20:00,58.8,59.87
03:20:00,61.05,61.00
03:20:00,61.25,62.50
03:20:00,62.47,61.20
03:20:00,64.29,57.06
03:20:00,64.34,57.73
03:20:00,65.9,53.35
03:20:00,67.4,59.38
03:20:00,68.55,57.55
03:20:00,69.31,59.44
03:20:00,70.9,55.54
03:20:00,71.37,55.61
03:20:00,72.17,58.17
03:20:00,72.21,52.27
03:20:00,73.17,59.54
03:25:00,0.0,44.27
03:25:00,58.8,61.55
03:25:00,61.05,62.11
03:25:00,61.25,66.86
03:25:00,62.47,66.17
03:25:00,64.29,57.04
03:25:00,64.34,57.94
03:25:00,65.9,54.71
03:25:00,67.4,58.87
03:25:00,68.55,56.83
03:25:00,69.31,59.27
03:25:00,70.9,54.94
03:25:00,71.37,55.87
03:25:00,72.17,57.88
03:25:00,72.21,51.10
03:25:00,73.17,59.51
03:30:00,0.0,43.53
03:30:00,58.8,60.50
03:30:00,61.05,61.36
03:30:00,61.25,67.22
03:30:00,62.47,61.95
03:30:00,64.29,56.28
03:30:00,64.34,56.63
03:30:00,65.9,53.82
03:30:00,67.4,59.18
03:30:00,68.55,57.33
03:30:00,69.31,58.97
03:30:00,70.9,55.86
03:30:00,71.37,55.99
03:30:00,72.17,58.27
03:30:00,72.21,53.48
03:30:00,73.17,59.82
03:35:00,0.0,43.52
03:35:00,58.8,62.16
03:35:00,61.05,61.31
03:35:00,61.25,66.84
03:35:00,62.47,64.36
03:35:00,64.29,59.04
03:35:00,64.34,56.74
03:35:00,65.9,55.32
03:35:00,67.4,59.85
03:35:00,68.55,57.17
03:35:00,69.31,59.68
03:35:00,70.9,55.34
03:35:00,71.37,56.03
03:35:00,72.17,57.51
03:35:00,72.21,52.45
03:35:00,73.17,59.29
03:40:00,0.0,44.93
03:40:00,58.8,61.40
03:40:00,61.05,61.78
03:40:00,61.25,66.55
03:40:00,62.47,67.28
03:40:00,64.29,57.81
03:40:00,64.34,57.42
03:40:00,65.9,55.20
03:40:00,67.4,60.14
03:40:00,68.55,58.19
03:40:00,69.31,60.36
03:40:00,70.9,55.56
03:40:00,71.37,56.73
03:40:00,72.17,58.01
03:40:00,72.21,53.85
03:40:00,73.17,59.74
03:45:00,0.0,44.48
03:45:00,58.8,59.27
03:45:00,61.05,61.32
03:45:00,61.25,66.19
03:45:00,62.47,66.08
03:45:00,64.29,57.43
03:45:00,64.34,58.52
03:45:00,65.9,56.41
03:45:00,67.4,59.14
03:45:00,68.55,58.51
03:45:00,69.31,59.57
03:45:00,70.9,55.85
03:45:00,71.37,56.66
03:45:00,72.17,58.47
03:45:00,72.21,52.76
03:45:00,73.17,60.20
03:50:00,0.0,44.86
03:50:00,58.8,61.83
03:50:00,61.05,62.47
03:50:00,61.25,66.72
03:50:00,62.47,61.29
03:50:00,64.29,58.52
03:50:00,64.34,57.11
03:50:00,65.9,54.81
03:50:00,67.4,59.93
03:50:00,68.55,58.30
03:50:00,69.31,59.87
03:50:00,70.9,56.40
03:50:00,71.37,56.82
03:50:00,72.17,57.97
03:50:00,72.21,54.15
03:50:00,73.17,59.47
03:55:00,0.0,44.10
03:55:00,58.8,62.37
03:55:00,61.05,61.08
03:55:00,61.25,64.93
03:55:00,62.47,62.24
03:55:00,64.29,57.89
03:55:00,64.34,57.56
03:55:00,65.9,55.46
03:55:00,67.4,59.42
03:55:00,68.55,57.81
03:55:00,69.31,59.57
03:55:00,70.9,55.91
03:55:00,71.37,55.69
03:55:00,72.17,57.90
03:55:00,72.21,54.21
03:55:00,73.17,59.95
04:00:00,0.0,45.15
04:00:00,58.8,60.01
04:00:00,61.05,61.52
04:00:00,61.25,66.22
04:00:00,62.47,65.21
04:00:00,64.29,57.23
04:00:00,64.34,56.42
04:00:00,65.9,55.10
04:00:00,67.4,59.60
04:00:00,68.55,58.21
04:00:00,69.31,60.45
04:00:00,70.9,55.94
04:00:00,71.37,56.37
04:00:00,72.17,58.36
04:00:00,72.21,54.39
04:00:00,73.17,59.71
04:05:00,0.0,44.38
04:05:00,58.8,59.75
04:05:00,61.05,61.17
04:05:00,61.25,65.51
04:05:00,62.47,64.28
04:05:00,64.29,56.16
04:05:00,64.34,56.37
04:05:00,65.9,54.26
04:05:00,67.4,59.51
04:05:00,68.55,58.04
04:05:00,69.31,59.20
04:05:00,70.9,56.35
04:05:00,71.37,56.98
04:05:00,72.17,58.71
04:05:00,72.21,52.80
04:05:00,73.17,60.38
04:10:00,0.0,44.22
04:10:00,58.8,60.38
04:10:00,61.05,61.49
04:10:00,61.25,66.13
04:10:00,62.47,54.19
04:10:00,64.29,57.23
04:10:00,64.34,57.79
04:10:00,65.9,57.08
04:10:00,67.4,59.64
04:10:00,68.55,57.41
04:10:00,69.31,59.19
04:10:00,70.9,55.61
04:10:00,71.37,56.70
04:10:00,72.17,57.92
04:10:00,72.21,52.25
04:10:00,73.17,59.07
04:15:00,0.0,44.66
04:15:00,58.8,61.09
04:15:00,61.05,62.08
04:15:00,61.25,65.10
04:15:00,62.47,61.33
04:15:00,64.29,57.07
04:15:00,64.34,57.66
04:15:00,65.9,56.37
04:15:00,67.4,60.23
04:15:00,68.55,59.00
04:15:00,69.31,59.44
04:15:00,70.9,55.31
04:15:00,71.37,56.09
04:15:00,72.17,58.34
04:15:00,72.21,52.74
04:15:00,73.17,59.68
04:20:00,0.0,44.38
04:20:00,58.8,60.96
04:20:00,61.05,62.48
04:20:00,61.25,68.40
04:20:00,62.47,63.77
04:20:00,64.29,58.49
04:20:00,64.34,58.22
04:20:00,65.9,54.24
04:20:00,67.4,59.76
04:20:00,68.55,58.42
04:20:00,69.31,60.29
04:20:00,70.9,56.27
04:20:00,71.37,56.47
04:20:00,72.17,58.42
04:20:00,72.21,52.62
04:20:00,73.17,59.64
04:25:00,0.0,45.31
04:25:00,58.8,61.10
04:25:00,61.05,62.36
04:25:00,61.25,66.27
04:25:00,62.47,66.03
04:25:00,64.29,57.94
04:25:00,64.34,57.64
04:25:00,65.9,54.15
04:25:00,67.4,59.52
04:25:00,68.55,58.59
04:25:00,69.31,60.03
04:25:00,70.9,55.46
04:25:00,71.37,55.90
04:25:00,72.17,58.21
04:25:00,72.21,52.14
04:25:00,73.17,59.89
04:30:00,0.0,44.93
04:30:00,58.8,60.82
04:30:00,61.05,61.82
04:30:00,61.25,67.25
04:30:00,62.47,65.19
04:30:00,64.29,59.76
04:30:00,64.34,59.21
04:30:00,65.9,53.30
04:30:00,67.4,60.55
04:30:00,68.55,58.89
04:30:00,69.31,60.63
04:30:00,70.9,56.04
04:30:00,71.37,56.32
04:30:00,72.17,58.41
04:30:00,72.21,50.98
04:30:00,73.17,59.67
04:35:00,0.0,45.42
04:35:00,58.8,60.27
04:35:00,61.05,61.64
04:35:00,61.25,66.32
04:35:00,62.47,62.80
04:35:00,64.29,57.02
04:35:00,64.34,58.27
04:35:00,65.9,55.64
04:35:00,67.4,60.52
04:35:00,68.55,58.57
04:35:00,69.31,60.30
04:35:00,70.9,56.08
04:35:00,71.37,56.57
04:35:00,72.17,58.62
04:35:00,72.21,50.88
04:35:00,73.17,60.25
04:40:00,0.0,45.42
04:40:00,58.8,61.70
04:40:00,61.05,62.83
04:40:00,61.25,67.91
04:40:00,62.47,65.69
04:40:00,64.29,59.05
04:40:00,64.34,58.24
04:40:00,65.9,53.45
04:40:00,67.4,60.20
04:40:00,68.55,58.90
04:40:00,69.31,60.35
04:40:00,70.9,56.22
04:40:00,71.37,56.73
04:40:00,72.17,58.50
04:40:00,72.21,52.78
04:40:00,73.17,59.77
04:45:00,0.0,45.61
04:45:00,58.8,60.88
04:45:00,61.05,62.23
04:45:00,61.25,68.23
04:45:00,62.47,61.59
04:45:00,64.29,59.68
04:45:00,64.34,59.52
04:45:00,65.9,53.95
04:45:00,67.4,60.81
04:45:00,68.55,59.11
04:45:00,69.31,60.32
04:45:00,70.9,57.06
04:45:00,71.37,56.70
04:45:00,72.17,58.49
04:45:00,72.21,52.66
04:45:00,73.17,60.27
04:50:00,0.0,45.56
04:50:00,58.8,61.20
04:50:00,61.05,62.67
04:50:00,61.25,66.85
04:50:00,62.47,65.97
04:50:00,64.29,59.31
04:50:00,64.34,58.92
04:50:00,65.9,54.54
04:50:00,67.4,60.74
04:50:00,68.55,59.57
04:50:00,69.31,61.18
04:50:00,70.9,57.41
04:50:00,71.37,56.70
04:50:00,72.17,58.75
04:50:00,72.21,52.37
04:50:00,73.17,59.64
04:55:00,0.0,45.70
04:55:00,58.8,61.50
04:55:00,61.05,62.04
04:55:00,61.25,67.29
04:55:00,62.47,66.10
04:55:00,64.29,60.05
04:55:00,64.34,59.08
04:55:00,65.9,55.16
04:55:00,67.4,60.35
04:55:00,68.55,59.35
04:55:00,69.31,61.38
04:55:00,70.9,57.47
04:55:00,71.37,57.33
04:55:00,72.17,58.68
04:55:00,72.21,51.03
04:55:00,73.17,59.84
05:00:00,0.0,46.09
05:00:00,58.8,61.36
05:00:00,61.05,62.87
05:00:00,61.25,68.20
05:00:00,62.47,66.88
05:00:00,64.29,60.06
05:00:00,64.34,57.82
05:00:00,65.9,55.01
05:00:00,67.4,60.38
05:00:00,68.55,58.86
05:00:00,69.31,60.40
05:00:00,70.9,56.79
05:00:00,71.37,56.32
05:00:00,72.17,58.96
05:00:00,72.21,53.27
05:00:00,73.17,60.58
05:05:00,0.0,44.93
05:05:00,58.8,62.01
05:05:00,61.05,63.85
05:05:00,61.25,68.70
05:05:00,62.47,65.60
05:05:00,64.29,57.39
05:05:00,64.34,58.68
05:05:00,65.9,54.84
05:05:00,67.4,60.55
05:05:00,68.55,59.19
05:05:00,69.31,60.87
05:05:00,70.9,57.02
05:05:00,71.37,57.13
05:05:00,72.17,58.90
05:05:00,72.21,52.92
05:05:00,73.17,59.58
05:10:00,0.0,44.85
05:10:00,58.8,62.07
05:10:00,61.05,63.68
05:10:00,61.25,68.55
05:10:00,62.47,68.35
05:10:00,64.29,59.09
05:10:00,64.34,58.16
05:10:00,65.9,56.59
05:10:00,67.4,60.27
05:10:00,68.55,58.62
05:10:00,69.31,60.51
05:10:00,70.9,57.46
05:10:00,71.37,57.60
05:10:00,72.17,58.98
05:10:00,72.21,52.30
05:10:00,73.17,60.41
05:15:00,0.0,45.17
05:15:00,58.8,63.15
05:15:00,61.05,63.50
05:15:00,61.25,68.32
05:15:00,62.47,66.63
05:15:00,64.29,59.88
05:15:00,64.34,59.15
05:15:00,65.9,55.30
05:15:00,67.4,60.82
05:15:00,68.55,59.56
05:15:00,69.31,60.84
05:15:00,70.9,57.22
05:15:00,71.37,57.15
05:15:00,72.17,58.83
05:15:00,72.21,53.05
05:15:00,73.17,60.23
05:20:00,0.0,46.28
05:20:00,58.8,60.98
05:20:00,61.05,62.46
05:20:00,61.25,67.67
05:20:00,62.47,64.52
05:20:00,64.29,58.72
05:20:00,64.34,58.44
05:20:00,65.9,56.42
05:20:00,67.4,60.95
05:20:00,68.55,59.27
05:20:00,69.31,60.88
05:20:00,70.9,57.51
05:20:00,71.37,57.43
05:20:00,72.17,58.82
05:20:00,72.21,52.83
05:20:00,73.17,60.39
05:25:00,0.0,45.97
05:25:00,58.8,61.27
05:25:00,61.05,63.38
05:25:00,61.25,68.21
05:25:00,62.47,65.37
05:25:00,64.29,59.43
05:25:00,64.34,57.53
05:25:00,65.9,55.31
05:25:00,67.4,60.16
05:25:00,68.55,59.30
05:25:00,69.31,60.75
05:25:00,70.9,57.44
05:25:00,71.37,57.63
05:25:00,72.17,58.79
05:25:00,72.21,52.67
05:25:00,73.17,60.08
05:30:00,0.0,45.49
05:30:00,58.8,61.18
05:30:00,61.05,62.57
05:30:00,61.25,68.18
05:30:00,62.47,67.01
05:30:00,64.29,59.95
05:30:00,64.34,58.57
05:30:00,65.9,55.96
05:30:00,67.4,60.55
05:30:00,68.55,58.85
05:30:00,69.31,61.37
05:30:00,70.9,58.18
05:30:00,71.37,57.14
05:30:00,72.17,59.51
05:30:00,72.21,54.26
05:30:00,73.17,60.90
05:35:00,0.0,45.99
05:35:00,58.8,62.83
05:35:00,61.05,63.24
05:35:00,61.25,69.06
05:35:00,62.47,65.71
05:35:00,64.29,59.32
05:35:00,64.34,59.57
05:35:00,65.9,57.76
05:35:00,67.4,60.76
05:35:00,68.55,59.97
05:35:00,69.31,61.48
05:35:00,70.9,57.47
05:35:00,71.37,57.40
05:35:00,72.17,59.15
05:35:00,72.21,52.88
05:35:00,73.17,60.60
05:40:00,0.0,46.33
05:40:00,58.8,61.51
05:40:00,61.05,63.15
05:40:00,61.25,68.25
05:40:00,62.47,65.73
05:40:00,64.29,61.44
05:40:00,64.34,59.07
05:40:00,65.9,58.02
05:40:00,67.4,60.94
05:40:00,68.55,59.90
05:40:00,69.31,61.76
05:40:00,70.9,58.54
05:40:00,71.37,58.05
05:40:00,72.17,59.33
05:40:00,72.21,54.15
05:40:00,73.17,60.53
05:45:00,0.0,45.90
05:45:00,58.8,61.72
05:45:00,61.05,63.22
05:45:00,61.25,68.50
05:45:00,62.47,66.45
05:45:00,64.29,61.19
05:45:00,64.34,59.47
05:45:00,65.9,57.52
05:45:00,67.4,61.58
05:45:00,68.55,59.37
05:45:00,69.31,60.97
05:45:00,70.9,57.55
05:45:00,71.37,57.59
05:45:00,72.17,59.25
05:45:00,72.21,52.14
05:45:00,73.17,60.57
05:50:00,0.0,47.00
05:50:00,58.8,63.03
05:50:00,61.05,62.96
05:50:00,61.25,68.63
05:50:00,62.47,64.55
05:50:00,64.29,59.86
05:50:00,64.34,59.73
05:50:00,65.9,58.07
05:50:00,67.4,62.26
05:50:00,68.55,60.75
05:50:00,69.31,61.41
05:50:00,70.9,58.56
05:50:00,71.37,58.00
05:50:00,72.17,59.57
05:50:00,72.21,54.08
05:50:00,73.17,60.68
05:55:00,0.0,47.07
05:55:00,58.8,62.61
05:55:00,61.05,64.50
05:55:00,61.25,66.27
05:55:00,62.47,67.50
05:55:00,64.29,59.83
05:55:00,64.34,58.66
05:55:00,65.9,56.51
05:55:00,67.4,61.63
05:55:00,68.55,60.14
05:55:00,69.31,61.11
05:55:00,70.9,58.48
05:55:00,71.37,57.62
05:55:00,72.17,58.71
05:55:00,72.21,52.08
05:55:00,73.17,60.64
06:00:00,0.0,46.47
06:00:00,58.8,60.92
06:00:00,61.05,62.95
06:00:00,61.25,68.07
06:00:00,62.47,65.45
06:00:00,64.29,58.51
06:00:00,64.34,58.37
06:00:00,65.9,54.96
06:00:00,67.4,60.84
06:00:00,68.55,59.25
06:00:00,69.31,60.82
06:00:00,70.9,58.20
06:00:00,71.37,57.33
06:00:00,72.17,58.93
06:00:00,72.21,52.93
06:00:00,73.17,61.17
06:05:00,0.0,46.12
06:05:00,58.8,61.62
06:05:00,61.05,63.14
06:05:00,61.25,68.01
06:05:00,62.47,67.46
06:05:00,64.29,59.60
06:05:00,64.34,59.06
06:05:00,65.9,57.41
06:05:00,67.4,60.81
06:05:00,68.55,59.34
06:05:00,69.31,60.82
06:05:00,70.9,57.57
06:05:00,71.37,57.04
06:05:00,72.17,58.60
06:05:00,72.21,52.96
06:05:00,73.17,59.71
06:10:00,0.0,46.67
06:10:00,58.8,62.77
06:10:00,61.05,63.26
06:10:00,61.25,68.60
06:10:00,62.47,63.82
06:10:00,64.29,59.84
06:10:00,64.34,59.53
06:10:00,65.9,57.26
06:10:00,67.4,61.59
06:10:00,68.55,59.68
06:10:00,69.31,61.09
06:10:00,70.9,58.08
06:10:00,71.37,57.01
06:10:00,72.17,58.87
06:10:00,72.21,52.96
06:10:00,73.17,60.24
06:15:00,0.0,46.67
06:15:00,58.8,62.24
06:15:00,61.05,62.80
06:15:00,61.25,68.19
06:15:00,62.47,65.41
06:15:00,64.29,59.32
06:15:00,64.34,59.30
06:15:00,65.9,58.21
06:15:00,67.4,61.13
06:15:00,68.55,59.77
06:15:00,69.31,61.28
06:15:00,70.9,58.07
06:15:00,71.37,57.55
06:15:00,72.17,58.76
06:15:00,72.21,52.34
06:15:00,73.17,60.30
06:20:00,0.0,47.18
06:20:00,58.8,62.24
06:20:00,61.05,63.63
06:20:00,61.25,68.24
06:20:00,62.47,66.27
06:20:00,64.29,60.20
06:20:00,64.34,59.24
06:20:00,65.9,56.34
06:20:00,67.4,60.88
06:20:00,68.55,59.49
06:20:00,69.31,60.39
06:20:00,70.9,58.12
06:20:00,71.37,57.38
06:20:00,72.17,58.65
06:20:00,72.21,53.35
06:20:00,73.17,60.55
06:25:00,0.0,46.11
06:25:00,58.8,61.89
06:25:00,61.05,63.98
06:25:00,61.25,67.74
06:25:00,62.47,66.50
06:25:00,64.29,59.83
06:25:00,64.34,58.97
06:25:00,65.9,56.58
06:25:00,67.4,60.99
06:25:00,68.55,59.14
06:25:00,69.31,60.60
06:25:00,70.9,57.68
06:25:00,71.37,57.24
06:25:00,72.17,58.70
06:25:00,72.21,53.48
06:25:00,73.17,60.15
06:30:00,0.0,46.27
06:30:00,58.8,62.73
06:30:00,61.05,63.99
06:30:00,61.25,69.21
06:30:00,62.47,67.06
06:30:00,64.29,59.65
06:30:00,64.34,59.59
06:30:00,65.9,57.60
06:30:00,67.4,61.14
06:30:00,68.55,59.40
06:30:00,69.31,61.07
06:30:00,70.9,57.72
06:30:00,71.37,57.07
06:30:00,72.17,58.37
06:30:00,72.21,53.13
06:30:00,73.17,60.29
06:35:00,0.0,46.54
06:35:00,58.8,61.55
06:35:00,61.05,63.66
06:35:00,61.25,69.25
06:35:00,62.47,66.07
06:35:00,64.29,59.72
06:35:00,64.34,59.37
06:35:00,65.9,58.08
06:35:00,67.4,61.16
06:35:00,68.55,59.57
06:35:00,69.31,60.75
06:35:00,70.9,57.78
06:35:00,71.37,57.14
06:35:00,72.17,58.61
06:35:00,72.21,52.90
06:35:00,73.17,60.43
06:40:00,0.0,46.36
06:40:00,58.8,62.92
06:40:00,61.05,63.56
06:40:00,61.25,69.07
06:40:00,62.47,66.75
06:40:00,64.29,59.90
06:40:00,64.34,58.98
06:40:00,65.9,58.68
06:40:00,67.4,60.72
06:40:00,68.55,59.86
06:40:00,69.31,61.22
06:40:00,70.9,58.19
06:40:00,71.37,57.00
06:40:00,72.17,58.37
06:40:00,72.21,52.94
06:40:00,73.17,60.23
06:45:00,0.0,46.39
06:45:00,58.8,62.52
06:45:00,61.05,64.36
06:45:00,61.25,68.90
06:45:00,62.47,67.08
06:45:00,64.29,59.71
06:45:00,64.34,58.85
06:45:00,65.9,58.61
06:45:00,67.4,61.44
06:45:00,68.55,60.13
06:45:00,69.31,61.34
06:45:00,70.9,58.34
06:45:00,71.37,57.34
06:45:00,72.17,58.60
06:45:00,72.21,51.81
06:45:00,73.17,60.50
06:50:00,0.0,46.42
06:50:00,58.8,61.82
06:50:00,61.05,64.64
06:50:00,61.25,68.71
06:50:00,62.47,65.43
06:50:00,64.29,59.76
06:50:00,64.34,59.59
06:50:00,65.9,57.17
06:50:00,67.4,61.30
06:50:00,68.55,59.65
06:50:00,69.31,61.01
06:50:00,70.9,58.71
06:50:00,71.37,57.57
06:50:00,72.17,59.23
06:50:00,72.21,53.30
06:50:00,73.17,60.76
06:55:00,0.0,46.52
06:55:00,58.8,63.29
06:55:00,61.05,64.20
06:55:00,61.25,69.42
06:55:00,62.47,66.55
06:55:00,64.29,60.09
06:55:00,64.34,59.40
06:55:00,65.9,57.01
06:55:00,67.4,60.83
06:55:00,68.55,60.20
06:55:00,69.31,61.01
06:55:00,70.9,58.26
06:55:00,71.37,57.36
06:55:00,72.17,58.69
06:55:00,72.21,53.09
06:55:00,73.17,60.77
07:00:00,0.0,47.17
07:00:00,58.8,61.44
07:00:00,61.05,63.62
07:00:00,61.25,68.73
07:00:00,62.47,65.26
07:00:00,64.29,59.45
07:00:00,64.34,59.77
07:00:00,65.9,56.55
07:00:00,67.4,61.22
07:00:00,68.55,59.67
07:00:00,69.31,60.78
07:00:00,70.9,57.83
07:00:00,71.37,57.22
07:00:00,72.17,58.83
07:00:00,72.21,53.08
07:00:00,73.17,60.67
07:05:00,0.0,46.55
07:05:00,58.8,62.91
07:05:00,61.05,63.94
07:05:00,61.25,68.73
07:05:00,62.47,66.33
07:05:00,64.29,60.25
07:05:00,64.34,58.94
07:05:00,65.9,58.05
07:05:00,67.4,60.94
07:05:00,68.55,59.37
07:05:00,69.31,60.73
07:05:00,70.9,58.14
07:05:00,71.37,57.61
07:05:00,72.17,58.50
07:05:00,72.21,52.52
07:05:00,73.17,60.42
07:10:00,0.0,46.96
07:10:00,58.8,61.68
07:10:00,61.05,63.11
07:10:00,61.25,69.23
07:10:00,62.47,67.72
07:10:00,64.29,59.93
07:10:00,64.34,59.00
07:10:00,65.9,56.75
07:10:00,67.4,60.26
07:10:00,68.55,59.23
07:10:00,69.31,60.34
07:10:00,70.9,57.79
07:10:00,71.37,57.30
07:10:00,72.17,58.35
07:10:00,72.21,52.94
07:10:00,73.17,60.47
07:15:00,0.0,46.91
07:15:00,58.8,63.06
07:15:00,61.05,63.61
07:15:00,61.25,68.92
07:15:00,62.47,66.04
07:15:00,64.29,59.49
07:15:00,64.34,58.95
07:15:00,65.9,57.66
07:15:00,67.4,60.58
07:15:00,68.55,59.54
07:15:00,69.31,60.30
07:15:00,70.9,57.60
07:15:00,71.37,56.82
07:15:00,72.17,57.82
07:15:00,72.21,51.25
07:15:00,73.17,60.52
07:20:00,0.0,46.53
07:20:00,58.8,63.65
07:20:00,61.05,63.97
07:20:00,61.25,69.23
07:20:00,62.47,66.66
07:20:00,64.29,59.43
07:20:00,64.34,59.00
07:20:00,65.9,57.98
07:20:00,67.4,60.74
07:20:00,68.55,59.23
07:20:00,69.31,60.29
07:20:00,70.9,57.79
07:20:00,71.37,57.23
07:20:00,72.17,58.11
07:20:00,72.21,51.50
07:20:00,73.17,60.21
07:25:00,0.0,46.23
07:25:00,58.8,63.59
07:25:00,61.05,64.52
07:25:00,61.25,69.85
07:25:00,62.47,66.74
07:25:00,64.29,60.52
07:25:00,64.34,59.32
07:25:00,65.9,57.56
07:25:00,67.4,60.57
07:25:00,68.55,59.09
07:25:00,69.31,60.31
07:25:00,70.9,57.77
07:25:00,71.37,56.93
07:25:00,72.17,57.71
07:25:00,72.21,51.72
07:25:00,73.17,60.03
07:30:00,0.0,46.78
07:30:00,58.8,63.14
07:30:00,61.05,64.12
07:30:00,61.25,69.52
07:30:00,62.47,65.65
07:30:00,64.29,59.75
07:30:00,64.34,59.67
07:30:00,65.9,57.74
07:30:00,67.4,60.74
07:30:00,68.55,59.39
07:30:00,69.31,60.15
07:30:00,70.9,57.80
07:30:00,71.37,56.74
07:30:00,72.17,57.79
07:30:00,72.21,51.01
07:30:00,73.17,60.16
07:35:00,0.0,46.65
07:35:00,58.8,62.41
07:35:00,61.05,64.99
07:35:00,61.25,69.41
07:35:00,62.47,65.85
07:35:00,64.29,60.06
07:35:00,64.34,59.72
07:35:00,65.9,58.38
07:35:00,67.4,60.80
07:35:00,68.55,59.37
07:35:00,69.31,60.39
07:35:00,70.9,57.79
07:35:00,71.37,56.85
07:35:00,72.17,57.79
07:35:00,72.21,50.71
07:35:00,73.17,60.18
07:40:00,0.0,46.75
07:40:00,58.8,63.44
07:40:00,61.05,64.33
07:40:00,61.25,69.42
07:40:00,62.47,67.68
07:40:00,64.29,60.26
07:40:00,64.34,59.91
07:40:00,65.9,57.30
07:40:00,67.4,61.28
07:40:00,68.55,59.52
07:40:00,69.31,60.37
07:40:00,70.9,58.00
07:40:00,71.37,56.86
07:40:00,72.17,57.66
07:40:00,72.21,50.25
07:40:00,73.17,59.95
07:45:00,0.0,46.78
07:45:00,58.8,63.41
07:45:00,61.05,64.11
07:45:00,61.25,69.92
07:45:00,62.47,67.64
07:45:00,64.29,59.88
07:45:00,64.34,60.24
07:45:00,65.9,57.58
07:45:00,67.4,61.58
07:45:00,68.55,59.52
07:45:00,69.31,60.72
07:45:00,70.9,58.04
07:45:00,71.37,57.08
07:45:00,72.17,57.74
07:45:00,72.21,51.23
07:45:00,73.17,59.86
07:50:00,0.0,46.70
07:50:00,58.8,62.38
07:50:00,61.05,64.60
07:50:00,61.25,69.12
07:50:00,62.47,68.39
07:50:00,64.29,59.95
07:50:00,64.34,60.13
07:50:00,65.9,57.90
07:50:00,67.4,61.28
07:50:00,68.55,59.78
07:50:00,69.31,60.62
07:50:00,70.9,58.42
07:50:00,71.37,57.04
07:50:00,72.17,58.28
07:50:00,72.21,52.25
07:50:00,73.17,60.17
07:55:00,0.0,46.58
07:55:00,58.8,61.65
07:55:00,61.05,64.89
07:55:00,61.25,70.01
07:55:00,62.47,65.00
07:55:00,64.29,60.84
07:55:00,64.34,60.37
07:55:00,65.9,58.21
07:55:00,67.4,61.24
07:55:00,68.55,59.49
07:55:00,69.31,60.66
07:55:00,70.9,58.35
07:55:00,71.37,57.40
07:55:00,72.17,58.29
07:55:00,72.21,51.90
07:55:00,73.17,60.53
08:00:00,0.0,47.17
08:00:00,58.8,62.99
08:00:00,61.05,64.07
08:00:00,61.25,69.81
08:00:00,62.47,65.95
08:00:00,64.29,60.16
08:00:00,64.34,60.62
08:00:00,65.9,58.00
08:00:00,67.4,61.59
08:00:00,68.55,59.67
08:00:00,69.31,60.64
08:00:00,70.9,58.37
08:00:00,71.37,56.77
08:00:00,72.17,58.16
08:00:00,72.21,51.67
08:00:00,73.17,60.38
08:05:00,0.0,47.21
08:05:00,58.8,61.50
08:05:00,61.05,64.01
08:05:00,61.25,69.53
08:05:00,62.47,67.18
08:05:00,64.29,60.18
08:05:00,64.34,60.38
08:05:00,65.9,58.67
08:05:00,67.4,61.73
08:05:00,68.55,60.06
08:05:00,69.31,60.95
08:05:00,70.9,58.36
08:05:00,71.37,57.08
08:05:00,72.17,58.00
08:05:00,72.21,50.92
08:05:00,73.17,60.37
08:10:00,0.0,46.84
08:10:00,58.8,62.95
08:10:00,61.05,64.48
08:10:00,61.25,69.19
08:10:00,62.47,66.21
08:10:00,64.29,59.93
08:10:00,64.34,59.62
08:10:00,65.9,57.06
08:10:00,67.4,61.19
08:10:00,68.55,59.41
08:10:00,69.31,60.55
08:10:00,70.9,58.50
08:10:00,71.37,57.15
08:10:00,72.17,57.89
08:10:00,72.21,51.92
08:10:00,73.17,60.27
08:15:00,0.0,47.09
08:15:00,58.8,62.04
08:15:00,61.05,64.40
08:15:00,61.25,69.77
08:15:00,62.47,68.25
08:15:00,64.29,60.36
08:15:00,64.34,59.73
08:15:00,65.9,57.26
08:15:00,67.4,60.98
08:15:00,68.55,59.53
08:15:00,69.31,60.63
08:15:00,70.9,58.32
08:15:00,71.37,56.53
08:15:00,72.17,57.80
08:15:00,72.21,51.81
08:15:00,73.17,59.59
08:20:00,0.0,47.03
08:20:00,58.8,62.65
08:20:00,61.05,64.52
08:20:00,61.25,69.29
08:20:00,62.47,67.98
08:20:00,64.29,59.47
08:20:00,64.34,60.22
08:20:00,65.9,57.88
08:20:00,67.4,61.25
08:20:00,68.55,59.27
08:20:00,69.31,60.64
08:20:00,70.9,58.16
08:20:00,71.37,56.71
08:20:00,72.17,57.78
08:20:00,72.21,51.02
08:20:00,73.17,59.45
08:25:00,0.0,46.70
08:25:00,58.8,62.61
08:25:00,61.05,64.20
08:25:00,61.25,68.95
08:25:00,62.47,68.40
08:25:00,64.29,60.17
08:25:00,64.34,59.86
08:25:00,65.9,58.11
08:25:00,67.4,61.00
08:25:00,68.55,59.50
08:25:00,69.31,60.61
08:25:00,70.9,58.16
08:25:00,71.37,56.73
08:25:00,72.17,57.40
08:25:00,72.21,51.20
08:25:00,73.17,59.51
08:30:00,0.0,46.66
08:30:00,58.8,62.76
08:30:00,61.05,63.93
08:30:00,61.25,69.17
08:30:00,62.47,67.04
08:30:00,64.29,60.19
08:30:00,64.34,60.19
08:30:00,65.9,58.74
08:30:00,67.4,61.27
08:30:00,68.55,59.32
08:30:00,69.31,60.52
08:30:00,70.9,58.08
08:30:00,71.37,56.57
08:30:00,72.17,57.40
08:30:00,72.21,51.32
08:30:00,73.17,59.28
08:35:00,0.0,47.09
08:35:00,58.8,62.65
08:35:00,61.05,64.05
08:35:00,61.25,69.44
08:35:00,62.47,66.85
08:35:00,64.29,60.31
08:35:00,64.34,59.72
08:35:00,65.9,58.24
08:35:00,67.4,61.11
08:35:00,68.55,59.46
08:35:00,69.31,60.67
08:35:00,70.9,57.89
08:35:00,71.37,56.43
08:35:00,72.17,57.23
08:35:00,72.21,51.36
08:35:00,73.17,58.95
08:40:00,0.0,46.49
08:40:00,58.8,62.63
08:40:00,61.05,63.85
08:40:00,61.25,68.70
08:40:00,62.47,68.12
08:40:00,64.29,59.08
08:40:00,64.34,59.70
08:40:00,65.9,57.14
08:40:00,67.4,60.89
08:40:00,68.55,58.92
08:40:00,69.31,60.49
08:40:00,70.9,57.76
08:40:00,71.37,56.60
08:40:00,72.17,57.05
08:40:00,72.21,50.78
08:40:00,73.17,58.59
08:45:00,0.0,46.63
08:45:00,58.8,62.40
08:45:00,61.05,64.00
08:45:00,61.25,69.61
08:45:00,62.47,67.24
08:45:00,64.29,59.30
08:45:00,64.34,59.90
08:45:00,65.9,57.88
08:45:00,67.4,60.85
08:45:00,68.55,58.79
08:45:00,69.31,60.65
08:45:00,70.9,58.16
08:45:00,71.37,56.52
08:45:00,72.17,57.03
08:45:00,72.21,50.05
08:45:00,73.17,58.44
08:50:00,0.0,46.54
08:50:00,58.8,62.77
08:50:00,61.05,64.10
08:50:00,61.25,69.03
08:50:00,62.47,66.31
08:50:00,64.29,59.94
08:50:00,64.34,59.85
08:50:00,65.9,57.24
08:50:00,67.4,61.12
08:50:00,68.55,59.59
08:50:00,69.31,61.04
08:50:00,70.9,57.91
08:50:00,71.37,56.30
08:50:00,72.17,57.05
08:50:00,72.21,50.83
08:50:00,73.17,58.24
08:55:00,0.0,46.27
08:55:00,58.8,62.61
08:55:00,61.05,64.31
08:55:00,61.25,69.34
08:55:00,62.47,67.78
08:55:00,64.29,60.43
08:55:00,64.34,60.21
08:55:00,65.9,57.92
08:55:00,67.4,61.16
08:55:00,68.55,59.25
08:55:00,69.31,60.80
08:55:00,70.9,58.15
08:55:00,71.37,56.50
08:55:00,72.17,57.18
08:55:00,72.21,50.51
08:55:00,73.17,58.36
09:00:00,0.0,46.19
09:00:00,58.8,62.69
09:00:00,61.05,64.13
09:00:00,61.25,69.67
09:00:00,62.47,67.09
09:00:00,64.29,60.34
09:00:00,64.34,59.83
09:00:00,65.9,58.27
09:00:00,67.4,61.03
09:00:00,68.55,59.10
09:00:00,69.31,60.68
09:00:00,70.9,57.76
09:00:00,71.37,56.46
09:00:00,72.17,57.24
09:00:00,72.21,50.55
09:00:00,73.17,57.95
09:05:00,0.0,45.82
09:05:00,58.8,62.62
09:05:00,61.05,63.92
09:05:00,61.25,69.37
09:05:00,62.47,67.06
09:05:00,64.29,59.76
09:05:00,64.34,59.78
09:05:00,65.9,58.20
09:05:00,67.4,60.65
09:05:00,68.55,58.63
09:05:00,69.31,60.59
09:05:00,70.9,57.80
09:05:00,71.37,56.22
09:05:00,72.17,57.03
09:05:00,72.21,50.08
09:05:00,73.17,57.74
09:10:00,0.0,46.62
09:10:00,58.8,62.68
09:10:00,61.05,63.79
09:10:00,61.25,69.39
09:10:00,62.47,67.23
09:10:00,64.29,59.83
09:10:00,64.34,59.74
09:10:00,65.9,57.44
09:10:00,67.4,60.93
09:10:00,68.55,58.91
09:10:00,69.31,60.13
09:10:00,70.9,57.56
09:10:00,71.37,55.84
09:10:00,72.17,56.40
09:10:00,72.21,49.93
09:10:00,73.17,57.54
09:15:00,0.0,46.55
09:15:00,58.8,62.69
09:15:00,61.05,63.69
09:15:00,61.25,69.80
09:15:00,62.47,67.96
09:15:00,64.29,59.96
09:15:00,64.34,59.95
09:15:00,65.9,57.60
09:15:00,67.4,60.50
09:15:00,68.55,58.62
09:15:00,69.31,60.20
09:15:00,70.9,57.26
09:15:00,71.37,55.29
09:15:00,72.17,55.91
09:15:00,72.21,49.96
09:15:00,73.17,56.87
09:20:00,0.0,46.25
09:20:00,58.8,62.62
09:20:00,61.05,64.11
09:20:00,61.25,69.08
09:20:00,62.47,67.22
09:20:00,64.29,60.19
09:20:00,64.34,59.63
09:20:00,65.9,57.73
09:20:00,67.4,60.91
09:20:00,68.55,58.55
09:20:00,69.31,60.33
09:20:00,70.9,56.80
09:20:00,71.37,54.47
09:20:00,72.17,55.50
09:20:00,72.21,48.78
09:20:00,73.17,56.44
09:25:00,0.0,46.31
09:25:00,58.8,63.23
09:25:00,61.05,63.97
09:25:00,61.25,68.94
09:25:00,62.47,67.28
09:25:00,64.29,59.87
09:25:00,64.34,60.21
09:25:00,65.9,57.54
09:25:00,67.4,60.39
09:25:00,68.55,58.17
09:25:00,69.31,60.10
09:25:00,70.9,57.31
09:25:00,71.37,54.87
09:25:00,72.17,55.35
09:25:00,72.21,49.57
09:25:00,73.17,56.04
09:30:00,0.0,46.35
09:30:00,58.8,62.48
09:30:00,61.05,63.82
09:30:00,61.25,69.76
09:30:00,62.47,68.46
09:30:00,64.29,59.85
09:30:00,64.34,59.86
09:30:00,65.9,57.98
09:30:00,67.4,60.36
09:30:00,68.55,57.82
09:30:00,69.31,60.19
09:30:00,70.9,57.02
09:30:00,71.37,54.50
09:30:00,72.17,54.75
09:30:00,72.21,49.14
09:30:00,73.17,54.54
09:35:00,0.0,46.11
09:35:00,58.8,63.07
09:35:00,61.05,63.92
09:35:00,61.25,69.34
09:35:00,62.47,68.20
09:35:00,64.29,59.44
09:35:00,64.34,59.59
09:35:00,65.9,57.46
09:35:00,67.4,60.43
09:35:00,68.55,57.55
09:35:00,69.31,60.24
09:35:00,70.9,56.71
09:35:00,71.37,54.08
09:35:00,72.17,54.06
09:35:00,72.21,48.37
09:35:00,73.17,52.62
09:40:00,0.0,46.25
09:40:00,58.8,62.78
09:40:00,61.05,63.94
09:40:00,61.25,69.31
09:40:00,62.47,68.99
09:40:00,64.29,59.67
09:40:00,64.34,59.93
09:40:00,65.9,56.59
09:40:00,67.4,60.23
09:40:00,68.55,57.22
09:40:00,69.31,60.01
09:40:00,70.9,56.75
09:40:00,71.37,54.09
09:40:00,72.17,54.18
09:40:00,72.21,48.69
09:40:00,73.17,50.05
09:45:00,0.0,45.91
09:45:00,58.8,62.53
09:45:00,61.05,64.01
09:45:00,61.25,69.49
09:45:00,62.47,67.48
09:45:00,64.29,59.89
09:45:00,64.34,59.88
09:45:00,65.9,57.58
09:45:00,67.4,60.18
09:45:00,68.55,57.19
09:45:00,69.31,59.56
09:45:00,70.9,56.64
09:45:00,71.37,54.02
09:45:00,72.17,53.53
09:45:00,72.21,48.53
09:45:00,73.17,47.09
09:50:00,0.0,46.38
09:50:00,58.8,62.69
09:50:00,61.05,64.16
09:50:00,61.25,69.28
09:50:00,62.47,68.31
09:50:00,64.29,60.33
09:50:00,64.34,60.13
09:50:00,65.9,57.97
09:50:00,67.4,60.64
09:50:00,68.55,57.73
09:50:00,69.31,60.31
09:50:00,70.9,56.75
09:50:00,71.37,54.11
09:50:00,72.17,53.12
09:50:00,72.21,48.59
09:50:00,73.17,43.98
09:55:00,0.0,46.21
09:55:00,58.8,63.43
09:55:00,61.05,64.20
09:55:00,61.25,69.61
09:55:00,62.47,68.67
09:55:00,64.29,60.22
09:55:00,64.34,59.77
09:55:00,65.9,57.58
09:55:00,67.4,60.72
09:55:00,68.55,57.93
09:55:00,69.31,60.35
09:55:00,70.9,57.13
09:55:00,71.37,54.48
09:55:00,72.17,53.59
09:55:00,72.21,49.33
09:55:00,73.17,44.12
10:00:00,0.0,46.02
10:00:00,58.8,63.21
10:00:00,61.05,64.01
10:00:00,61.25,69.35
10:00:00,62.47,69.03
10:00:00,64.29,59.95
10:00:00,64.34,59.65
10:00:00,65.9,57.66
10:00:00,67.4,60.74
10:00:00,68.55,57.94
10:00:00,69.31,60.01
10:00:00,70.9,57.05
10:00:00,71.37,54.82
10:00:00,72.17,53.38
10:00:00,72.21,50.26
10:00:00,73.17,48.29
10:05:00,0.0,46.09
10:05:00,58.8,63.55
10:05:00,61.05,64.29
10:05:00,61.25,69.21
10:05:00,62.47,69.31
10:05:00,64.29,59.55
10:05:00,64.34,59.75
10:05:00,65.9,57.35
10:05:00,67.4,60.73
10:05:00,68.55,57.97
10:05:00,69.31,59.85
10:05:00,70.9,57.12
10:05:00,71.37,54.34
10:05:00,72.17,53.30
10:05:00,72.21,49.93
10:05:00,73.17,49.18
10:10:00,0.0,45.86
10:10:00,58.8,63.15
10:10:00,61.05,64.08
10:10:00,61.25,69.59
10:10:00,62.47,69.93
10:10:00,64.29,59.63
10:10:00,64.34,59.52
10:10:00,65.9,56.70
10:10:00,67.4,60.28
10:10:00,68.55,57.46
10:10:00,69.31,59.92
10:10:00,70.9,56.48
10:10:00,71.37,53.40
10:10:00,72.17,53.29
10:10:00,72.21,49.66
10:10:00,73.17,49.43
10:15:00,0.0,45.51
10:15:00,58.8,63.01
10:15:00,61.05,64.03
10:15:00,61.25,69.67
10:15:00,62.47,69.31
10:15:00,64.29,59.38
10:15:00,64.34,59.68
10:15:00,65.9,56.90
10:15:00,67.4,59.93
10:15:00,68.55,56.83
10:15:00,69.31,59.50
10:15:00,70.9,56.70
10:15:00,71.37,53.81
10:15:00,72.17,52.69
10:15:00,72.21,49.99
10:15:00,73.17,49.27
10:20:00,0.0,45.61
10:20:00,58.8,63.33
10:20:00,61.05,64.07
10:20:00,61.25,69.08
10:20:00,62.47,69.07
10:20:00,64.29,59.72
10:20:00,64.34,59.56
10:20:00,65.9,56.87
10:20:00,67.4,60.15
10:20:00,68.55,56.79
10:20:00,69.31,59.42
10:20:00,70.9,56.59
10:20:00,71.37,53.64
10:20:00,72.17,52.20
10:20:00,72.21,49.35
10:20:00,73.17,48.23
10:25:00,0.0,45.53
10:25:00,58.8,62.75
10:25:00,61.05,64.17
10:25:00,61.25,69.38
10:25:00,62.47,68.27
10:25:00,64.29,59.88
10:25:00,64.34,59.59
10:25:00,65.9,57.12
10:25:00,67.4,60.13
10:25:00,68.55,56.32
10:25:00,69.31,59.10
10:25:00,70.9,55.68
10:25:00,71.37,52.52
10:25:00,72.17,52.24
10:25:00,72.21,49.56
10:25:00,73.17,46.88
10:30:00,0.0,45.12
10:30:00,58.8,63.22
10:30:00,61.05,63.77
10:30:00,61.25,68.91
10:30:00,62.47,68.68
10:30:00,64.29,59.53
10:30:00,64.34,59.36
10:30:00,65.9,56.97
10:30:00,67.4,60.32
10:30:00,68.55,56.24
10:30:00,69.31,58.82
10:30:00,70.9,56.13
10:30:00,71.37,52.59
10:30:00,72.17,49.95
10:30:00,72.21,48.92
10:30:00,73.17,45.38
10:35:00,0.0,45.20
10:35:00,58.8,63.04
10:35:00,61.05,63.84
10:35:00,61.25,69.09
10:35:00,62.47,68.53
10:35:00,64.29,59.59
10:35:00,64.34,59.32
10:35:00,65.9,56.48
10:35:00,67.4,60.00
10:35:00,68.55,56.04
10:35:00,69.31,58.79
10:35:00,70.9,55.84
10:35:00,71.37,52.28
10:35:00,72.17,49.57
10:35:00,72.21,48.98
10:35:00,73.17,43.09
10:40:00,0.0,45.07
10:40:00,58.8,62.87
10:40:00,61.05,63.74
10:40:00,61.25,69.36
10:40:00,62.47,69.20
10:40:00,64.29,59.39
10:40:00,64.34,59.08
10:40:00,65.9,56.78
10:40:00,67.4,59.82
10:40:00,68.55,55.84
10:40:00,69.31,58.79
10:40:00,70.9,55.38
10:40:00,71.37,51.06
10:40:00,72.17,49.32
10:40:00,72.21,48.08
10:40:00,73.17,40.84
10:45:00,0.0,45.26
10:45:00,58.8,62.87
10:45:00,61.05,63.78
10:45:00,61.25,68.98
10:45:00,62.47,68.03
10:45:00,64.29,59.36
10:45:00,64.34,59.27
10:45:00,65.9,56.14
10:45:00,67.4,60.25
10:45:00,68.55,55.82
10:45:00,69.31,59.00
10:45:00,70.9,55.45
10:45:00,71.37,51.73
10:45:00,72.17,48.95
10:45:00,72.21,47.83
10:45:00,73.17,40.30
10:50:00,0.0,45.74
10:50:00,58.8,63.11
10:50:00,61.05,63.60
10:50:00,61.25,68.93
10:50:00,62.47,67.15
10:50:00,64.29,58.95
10:50:00,64.34,59.24
10:50:00,65.9,55.90
10:50:00,67.4,60.04
10:50:00,68.55,56.67
10:50:00,69.31,59.10
10:50:00,70.9,55.42
10:50:00,71.37,52.58
10:50:00,72.17,48.97
10:50:00,72.21,47.70
10:50:00,73.17,39.18
10:55:00,0.0,45.67
10:55:00,58.8,63.38
10:55:00,61.05,64.30
10:55:00,61.25,69.30
10:55:00,62.47,68.11
10:55:00,64.29,59.18
10:55:00,64.34,59.28
10:55:00,65.9,55.62
10:55:00,67.4,60.00
10:55:00,68.55,56.72
10:55:00,69.31,59.48
10:55:00,70.9,54.73
10:55:00,71.37,50.97
10:55:00,72.17,48.17
10:55:00,72.21,47.61
10:55:00,73.17,38.68
11:00:00,0.0,45.62
11:00:00,58.8,62.77
11:00:00,61.05,63.53
11:00:00,61.25,69.46
11:00:00,62.47,68.70
11:00:00,64.29,59.21
11:00:00,64.34,59.63
11:00:00,65.9,56.48
11:00:00,67.4,60.33
11:00:00,68.55,56.77
11:00:00,69.31,59.50
11:00:00,70.9,55.73
11:00:00,71.37,52.26
11:00:00,72.17,49.31
11:00:00,72.21,49.93
11:00:00,73.17,39.08
11:05:00,0.0,45.59
11:05:00,58.8,62.96
11:05:00,61.05,63.83
11:05:00,61.25,69.07
11:05:00,62.47,68.10
11:05:00,64.29,58.76
11:05:00,64.34,59.31
11:05:00,65.9,57.23
11:05:00,67.4,60.39
11:05:00,68.55,56.89
11:05:00,69.31,59.90
11:05:00,70.9,55.79
11:05:00,71.37,52.56
11:05:00,72.17,50.68
11:05:00,72.21,49.55
11:05:00,73.17,40.88
11:10:00,0.0,45.52
11:10:00,58.8,63.20
11:10:00,61.05,63.95
11:10:00,61.25,69.53
11:10:00,62.47,67.26
11:10:00,64.29,59.28
11:10:00,64.34,58.98
11:10:00,65.9,56.72
11:10:00,67.4,60.37
11:10:00,68.55,56.67
11:10:00,69.31,59.73
11:10:00,70.9,56.36
11:10:00,71.37,52.41
11:10:00,72.17,50.94
11:10:00,72.21,50.55
11:10:00,73.17,40.51
11:15:00,0.0,45.68
11:15:00,58.8,63.22
11:15:00,61.05,64.09
11:15:00,61.25,69.62
11:15:00,62.47,67.21
11:15:00,64.29,59.44
11:15:00,64.34,59.62
11:15:00,65.9,56.60
11:15:00,67.4,60.16
11:15:00,68.55,56.23
11:15:00,69.31,59.47
11:15:00,70.9,56.01
11:15:00,71.37,51.76
11:15:00,72.17,50.23
11:15:00,72.21,49.55
11:15:00,73.17,40.86
11:20:00,0.0,45.60
11:20:00,58.8,63.25
11:20:00,61.05,64.03
11:20:00,61.25,69.78
11:20:00,62.47,69.42
11:20:00,64.29,59.31
11:20:00,64.34,59.67
11:20:00,65.9,56.92
11:20:00,67.4,60.43
11:20:00,68.55,55.99
11:20:00,69.31,59.49
11:20:00,70.9,55.29
11:20:00,71.37,50.60
11:20:00,72.17,48.78
11:20:00,72.21,49.13
11:20:00,73.17,38.73
11:25:00,0.0,45.59
11:25:00,58.8,62.44
11:25:00,61.05,63.94
11:25:00,61.25,69.50
11:25:00,62.47,69.59
11:25:00,64.29,59.45
11:25:00,64.34,59.64
11:25:00,65.9,56.48
11:25:00,67.4,59.99
11:25:00,68.55,56.13
11:25:00,69.31,59.49
11:25:00,70.9,55.09
11:25:00,71.37,51.26
11:25:00,72.17,48.34
11:25:00,72.21,49.24
11:25:00,73.17,37.06
11:30:00,0.0,45.54
11:30:00,58.8,63.06
11:30:00,61.05,63.94
11:30:00,61.25,69.61
11:30:00,62.47,69.07
11:30:00,64.29,59.47
11:30:00,64.34,59.64
11:30:00,65.9,56.36
11:30:00,67.4,60.08
11:30:00,68.55,55.84
11:30:00,69.31,59.53
11:30:00,70.9,55.11
11:30:00,71.37,50.93
11:30:00,72.17,48.17
11:30:00,72.21,49.28
11:30:00,73.17,35.21
11:35:00,0.0,45.39
11:35:00,58.8,63.07
11:35:00,61.05,63.95
11:35:00,61.25,69.25
11:35:00,62.47,69.71
11:35:00,64.29,59.03
11:35:00,64.34,59.19
11:35:00,65.9,56.11
11:35:00,67.4,59.57
11:35:00,68.55,55.60
11:35:00,69.31,58.99
11:35:00,70.9,54.47
11:35:00,71.37,50.83
11:35:00,72.17,47.03
11:35:00,72.21,48.91
11:35:00,73.17,34.52
11:40:00,0.0,45.33
11:40:00,58.8,62.37
11:40:00,61.05,63.85
11:40:00,61.25,68.81
11:40:00,62.47,69.37
11:40:00,64.29,59.05
11:40:00,64.34,59.17
11:40:00,65.9,56.25
11:40:00,67.4,59.79
11:40:00,68.55,55.38
11:40:00,69.31,59.11
11:40:00,70.9,54.37
11:40:00,71.37,50.84
11:40:00,72.17,45.39
11:40:00,72.21,45.85
11:40:00,73.17,33.47
11:45:00,0.0,45.57
11:45:00,58.8,62.81
11:45:00,61.05,63.44
11:45:00,61.25,68.79
11:45:00,62.47,68.81
11:45:00,64.29,59.04
11:45:00,64.34,58.99
11:45:00,65.9,55.92
11:45:00,67.4,59.49
11:45:00,68.55,55.10
11:45:00,69.31,59.04
11:45:00,70.9,54.43
11:45:00,71.37,50.01
11:45:00,72.17,44.38
11:45:00,72.21,43.96
11:45:00,73.17,32.80
11:50:00,0.0,44.69
11:50:00,58.8,62.85
11:50:00,61.05,63.54
11:50:00,61.25,68.77
11:50:00,62.47,70.22
11:50:00,64.29,58.94
11:50:00,64.34,59.02
11:50:00,65.9,55.28
11:50:00,67.4,58.78
11:50:00,68.55,55.09
11:50:00,69.31,59.02
11:50:00,70.9,54.04
11:50:00,71.37,49.65
11:50:00,72.17,41.17
11:50:00,72.21,41.95
11:50:00,73.17,32.59
11:55:00,0.0,44.12
11:55:00,58.8,62.91
11:55:00,61.05,63.78
11:55:00,61.25,68.84
11:55:00,62.47,70.48
11:55:00,64.29,58.44
11:55:00,64.34,59.08
11:55:00,65.9,55.27
11:55:00,67.4,58.73
11:55:00,68.55,55.08
11:55:00,69.31,58.98
11:55:00,70.9,53.83
11:55:00,71.37,47.89
11:55:00,72.17,42.07
11:55:00,72.21,42.94
11:55:00,73.17,32.75
12:00:00,0.0,44.61
12:00:00,58.8,62.41
12:00:00,61.05,63.73
12:00:00,61.25,68.67
12:00:00,62.47,69.10
12:00:00,64.29,59.20
12:00:00,64.34,59.03
12:00:00,65.9,55.54
12:00:00,67.4,58.60
12:00:00,68.55,55.61
12:00:00,69.31,58.81
12:00:00,70.9,52.82
12:00:00,71.37,48.95
12:00:00,72.17,41.58
12:00:00,72.21,42.48
12:00:00,73.17,32.52
12:05:00,0.0,44.40
12:05:00,58.8,62.98
12:05:00,61.05,64.08
12:05:00,61.25,68.32
12:05:00,62.47,68.53
12:05:00,64.29,58.71
12:05:00,64.34,59.20
12:05:00,65.9,56.69
12:05:00,67.4,58.19
12:05:00,68.55,55.27
12:05:00,69.31,58.93
12:05:00,70.9,52.54
12:05:00,71.37,47.48
12:05:00,72.17,40.75
12:05:00,72.21,41.94
12:05:00,73.17,33.36
12:10:00,0.0,44.60
12:10:00,58.8,62.40
12:10:00,61.05,63.44
12:10:00,61.25,68.04
12:10:00,62.47,68.92
12:10:00,64.29,58.96
12:10:00,64.34,58.85
12:10:00,65.9,55.96
12:10:00,67.4,58.54
12:10:00,68.55,54.55
12:10:00,69.31,58.47
12:10:00,70.9,53.17
12:10:00,71.37,46.96
12:10:00,72.17,40.13
12:10:00,72.21,40.34
12:10:00,73.17,33.44
12:15:00,0.0,44.51
12:15:00,58.8,62.59
12:15:00,61.05,62.92
12:15:00,61.25,67.32
12:15:00,62.47,68.13
12:15:00,64.29,58.84
12:15:00,64.34,59.22
12:15:00,65.9,55.95
12:15:00,67.4,59.08
12:15:00,68.55,53.78
12:15:00,69.31,58.81
12:15:00,70.9,50.85
12:15:00,71.37,45.66
12:15:00,72.17,38.76
12:15:00,72.21,41.41
12:15:00,73.17,32.22
12:20:00,0.0,44.68
12:20:00,58.8,62.75
12:20:00,61.05,62.74
12:20:00,61.25,67.29
12:20:00,62.47,69.36
12:20:00,64.29,59.25
12:20:00,64.34,59.27
12:20:00,65.9,55.44
12:20:00,67.4,58.28
12:20:00,68.55,54.18
12:20:00,69.31,59.02
12:20:00,70.9,48.98
12:20:00,71.37,43.67
12:20:00,72.17,36.09
12:20:00,72.21,39.68
12:20:00,73.17,30.90
12:25:00,0.0,44.74
12:25:00,58.8,62.86
12:25:00,61.05,63.51
12:25:00,61.25,67.74
12:25:00,62.47,69.30
12:25:00,64.29,59.19
12:25:00,64.34,59.03
12:25:00,65.9,55.36
12:25:00,67.4,57.36
12:25:00,68.55,54.13
12:25:00,69.31,59.07
12:25:00,70.9,46.54
12:25:00,71.37,40.97
12:25:00,72.17,35.53
12:25:00,72.21,40.73
12:25:00,73.17,30.68
12:30:00,0.0,45.29
12:30:00,58.8,62.89
12:30:00,61.05,63.52
12:30:00,61.25,68.10
12:30:00,62.47,69.29
12:30:00,64.29,58.66
12:30:00,64.34,59.18
12:30:00,65.9,55.02
12:30:00,67.4,56.80
12:30:00,68.55,54.13
12:30:00,69.31,59.09
12:30:00,70.9,43.06
12:30:00,71.37,37.84
12:30:00,72.17,35.24
12:30:00,72.21,39.06
12:30:00,73.17,29.65
12:35:00,0.0,44.97
12:35:00,58.8,62.62
12:35:00,61.05,63.47
12:35:00,61.25,68.21
12:35:00,62.47,70.16
12:35:00,64.29,58.72
12:35:00,64.34,59.01
12:35:00,65.9,54.05
12:35:00,67.4,55.96
12:35:00,68.55,52.70
12:35:00,69.31,59.31
12:35:00,70.9,40.75
12:35:00,71.37,35.75
12:35:00,72.17,32.87
12:35:00,72.21,34.20
12:35:00,73.17,29.08
12:40:00,0.0,44.50
12:40:00,58.8,62.56
12:40:00,61.05,63.30
12:40:00,61.25,67.73
12:40:00,62.47,68.86
12:40:00,64.29,58.96
12:40:00,64.34,58.97
12:40:00,65.9,53.72
12:40:00,67.4,55.63
12:40:00,68.55,53.08
12:40:00,69.31,59.22
12:40:00,70.9,39.31
12:40:00,71.37,34.38
12:40:00,72.17,31.58
12:40:00,72.21,34.43
12:40:00,73.17,29.46
12:45:00,0.0,44.48
12:45:00,58.8,62.83
12:45:00,61.05,63.64
12:45:00,61.25,66.24
12:45:00,62.47,68.72
12:45:00,64.29,58.60
12:45:00,64.34,58.76
12:45:00,65.9,53.74
12:45:00,67.4,55.59
12:45:00,68.55,52.82
12:45:00,69.31,59.10
12:45:00,70.9,37.30
12:45:00,71.37,34.15
12:45:00,72.17,31.88
12:45:00,72.21,35.57
12:45:00,73.17,28.73
12:50:00,0.0,44.41
12:50:00,58.8,62.64
12:50:00,61.05,63.79
12:50:00,61.25,66.97
12:50:00,62.47,68.74
12:50:00,64.29,58.46
12:50:00,64.34,58.86
12:50:00,65.9,54.64
12:50:00,67.4,56.65
12:50:00,68.55,53.66
12:50:00,69.31,59.16
12:50:00,70.9,38.03
12:50:00,71.37,34.17
12:50:00,72.17,29.99
12:50:00,72.21,34.31
12:50:00,73.17,29.18
12:55:00,0.0,44.57
12:55:00,58.8,62.64
12:55:00,61.05,63.48
12:55:00,61.25,66.15
12:55:00,62.47,68.97
12:55:00,64.29,58.28
12:55:00,64.34,58.63
12:55:00,65.9,54.94
12:55:00,67.4,57.30
12:55:00,68.55,53.82
12:55:00,69.31,59.31
12:55:00,70.9,38.36
12:55:00,71.37,34.01
12:55:00,72.17,30.22
12:55:00,72.21,36.16
12:55:00,73.17,28.52
13:00:00,0.0,45.39
13:00:00,58.8,63.11
13:00:00,61.05,62.96
13:00:00,61.25,65.59
13:00:00,62.47,69.27
13:00:00,64.29,58.96
13:00:00,64.34,58.91
13:00:00,65.9,55.20
13:00:00,67.4,57.27
13:00:00,68.55,54.50
13:00:00,69.31,59.37
13:00:00,70.9,37.82
13:00:00,71.37,33.33
13:00:00,72.17,30.00
13:00:00,72.21,37.24
13:00:00,73.17,28.12
13:05:00,0.0,45.47
13:05:00,58.8,62.80
13:05:00,61.05,63.73
13:05:00,61.25,66.88
13:05:00,62.47,70.19
13:05:00,64.29,58.62
13:05:00,64.34,58.70
13:05:00,65.9,55.02
13:05:00,67.4,57.21
13:05:00,68.55,54.16
13:05:00,69.31,59.57
13:05:00,70.9,40.06
13:05:00,71.37,33.23
13:05:00,72.17,29.99
13:05:00,72.21,35.57
13:05:00,73.17,28.13
13:10:00,0.0,45.30
13:10:00,58.8,62.83
13:10:00,61.05,63.64
13:10:00,61.25,66.74
13:10:00,62.47,69.40
13:10:00,64.29,58.64
13:10:00,64.34,59.32
13:10:00,65.9,53.43
13:10:00,67.4,56.78
13:10:00,68.55,53.59
13:10:00,69.31,59.22
13:10:00,70.9,40.83
13:10:00,71.37,34.21
13:10:00,72.17,30.37
13:10:00,72.21,33.22
13:10:00,73.17,29.13
13:15:00,0.0,45.38
13:15:00,58.8,62.89
13:15:00,61.05,62.90
13:15:00,61.25,66.69
13:15:00,62.47,69.18
13:15:00,64.29,58.61
13:15:00,64.34,59.00
13:15:00,65.9,54.75
13:15:00,67.4,56.48
13:15:00,68.55,54.68
13:15:00,69.31,59.14
13:15:00,70.9,41.03
13:15:00,71.37,32.92
13:15:00,72.17,30.59
13:15:00,72.21,32.38
13:15:00,73.17,29.04
13:20:00,0.0,45.42
13:20:00,58.8,62.48
13:20:00,61.05,63.26
13:20:00,61.25,66.61
13:20:00,62.47,69.47
13:20:00,64.29,59.19
13:20:00,64.34,59.01
13:20:00,65.9,54.91
13:20:00,67.4,56.70
13:20:00,68.55,54.49
13:20:00,69.31,59.38
13:20:00,70.9,40.25
13:20:00,71.37,33.41
13:20:00,72.17,30.50
13:20:00,72.21,33.15
13:20:00,73.17,29.11
13:25:00,0.0,45.68
13:25:00,58.8,62.62
13:25:00,61.05,62.49
13:25:00,61.25,65.70
13:25:00,62.47,69.45
13:25:00,64.29,58.67
13:25:00,64.34,59.19
13:25:00,65.9,55.45
13:25:00,67.4,56.53
13:25:00,68.55,54.92
13:25:00,69.31,59.26
13:25:00,70.9,39.19
13:25:00,71.37,34.16
13:25:00,72.17,30.09
13:25:00,72.21,32.63
13:25:00,73.17,28.92
13:30:00,0.0,45.48
13:30:00,58.8,63.32
13:30:00,61.05,63.15
13:30:00,61.25,65.86
13:30:00,62.47,68.51
13:30:00,64.29,58.60
13:30:00,64.34,59.12
13:30:00,65.9,54.91
13:30:00,67.4,55.90
13:30:00,68.55,55.19
13:30:00,69.31,59.69
13:30:00,70.9,39.93
13:30:00,71.37,34.56
13:30:00,72.17,30.16
13:30:00,72.21,33.82
13:30:00,73.17,28.30
13:35:00,0.0,45.53
13:35:00,58.8,63.34
13:35:00,61.05,63.08
13:35:00,61.25,66.81
13:35:00,62.47,70.05
13:35:00,64.29,58.79
13:35:00,64.34,59.30
13:35:00,65.9,54.73
13:35:00,67.4,55.83
13:35:00,68.55,55.20
13:35:00,69.31,59.32
13:35:00,70.9,39.42
13:35:00,71.37,34.04
13:35:00,72.17,30.21
13:35:00,72.21,35.06
13:35:00,73.17,28.15
13:40:00,0.0,45.48
13:40:00,58.8,63.15
13:40:00,61.05,63.00
13:40:00,61.25,67.60
13:40:00,62.47,69.85
13:40:00,64.29,59.33
13:40:00,64.34,59.32
13:40:00,65.9,55.34
13:40:00,67.4,56.24
13:40:00,68.55,54.71
13:40:00,69.31,59.40
13:40:00,70.9,40.03
13:40:00,71.37,33.56
13:40:00,72.17,30.11
13:40:00,72.21,33.55
13:40:00,73.17,28.83
13:45:00,0.0,45.60
13:45:00,58.8,63.04
13:45:00,61.05,62.98
13:45:00,61.25,67.65
13:45:00,62.47,69.66
13:45:00,64.29,58.94
13:45:00,64.34,58.97
13:45:00,65.9,55.25
13:45:00,67.4,57.05
13:45:00,68.55,55.02
13:45:00,69.31,59.72
13:45:00,70.9,39.17
13:45:00,71.37,33.18
13:45:00,72.17,29.37
13:45:00,72.21,32.39
13:45:00,73.17,28.41
13:50:00,0.0,45.68
13:50:00,58.8,62.77
13:50:00,61.05,62.88
13:50:00,61.25,67.31
13:50:00,62.47,69.95
13:50:00,64.29,58.87
13:50:00,64.34,59.43
13:50:00,65.9,55.18
13:50:00,67.4,57.24
13:50:00,68.55,54.97
13:50:00,69.31,59.48
13:50:00,70.9,40.33
13:50:00,71.37,33.31
13:50:00,72.17,30.74
13:50:00,72.21,33.52
13:50:00,73.17,29.48
13:55:00,0.0,45.50
13:55:00,58.8,62.29
13:55:00,61.05,62.98
13:55:00,61.25,67.49
13:55:00,62.47,69.48
13:55:00,64.29,59.00
13:55:00,64.34,59.49
13:55:00,65.9,56.03
13:55:00,67.4,57.81
13:55:00,68.55,55.46
13:55:00,69.31,59.76
13:55:00,70.9,40.58
13:55:00,71.37,34.85
13:55:00,72.17,31.74
13:55:00,72.21,33.48
13:55:00,73.17,29.07
14:00:00,0.0,45.75
14:00:00,58.8,62.97
14:00:00,61.05,63.30
14:00:00,61.25,67.70
14:00:00,62.47,68.53
14:00:00,64.29,58.83
14:00:00,64.34,59.35
14:00:00,65.9,57.13
14:00:00,67.4,58.72
14:00:00,68.55,55.97
14:00:00,69.31,59.95
14:00:00,70.9,44.67
14:00:00,71.37,35.59
14:00:00,72.17,31.13
14:00:00,72.21,33.67
14:00:00,73.17,30.54
14:05:00,0.0,45.77
14:05:00,58.8,63.22
14:05:00,61.05,63.04
14:05:00,61.25,67.20
14:05:00,62.47,69.46
14:05:00,64.29,58.90
14:05:00,64.34,59.04
14:05:00,65.9,56.36
14:05:00,67.4,58.29
14:05:00,68.55,56.14
14:05:00,69.31,59.85
14:05:00,70.9,46.53
14:05:00,71.37,36.88
14:05:00,72.17,31.90
14:05:00,72.21,31.65
14:05:00,73.17,29.82
14:10:00,0.0,45.80
14:10:00,58.8,62.90
14:10:00,61.05,63.26
14:10:00,61.25,66.31
14:10:00,62.47,69.85
14:10:00,64.29,58.92
14:10:00,64.34,59.30
14:10:00,65.9,56.26
14:10:00,67.4,58.50
14:10:00,68.55,55.85
14:10:00,69.31,59.04
14:10:00,70.9,46.27
14:10:00,71.37,37.78
14:10:00,72.17,32.96
14:10:00,72.21,35.15
14:10:00,73.17,30.03
14:15:00,0.0,45.65
14:15:00,58.8,63.25
14:15:00,61.05,63.53
14:15:00,61.25,66.42
14:15:00,62.47,70.08
14:15:00,64.29,59.15
14:15:00,64.34,59.47
14:15:00,65.9,54.99
14:15:00,67.4,58.35
14:15:00,68.55,55.21
14:15:00,69.31,58.89
14:15:00,70.9,46.58
14:15:00,71.37,37.62
14:15:00,72.17,33.70
14:15:00,72.21,34.23
14:15:00,73.17,29.31
14:20:00,0.0,45.83
14:20:00,58.8,63.16
14:20:00,61.05,63.30
14:20:00,61.25,67.11
14:20:00,62.47,69.80
14:20:00,64.29,58.75
14:20:00,64.34,59.35
14:20:00,65.9,55.32
14:20:00,67.4,58.53
14:20:00,68.55,55.54
14:20:00,69.31,59.70
14:20:00,70.9,46.50
14:20:00,71.37,39.46
14:20:00,72.17,32.70
14:20:00,72.21,34.19
14:20:00,73.17,28.97
14:25:00,0.0,46.08
14:25:00,58.8,62.92
14:25:00,61.05,63.21
14:25:00,61.25,67.39
14:25:00,62.47,69.87
14:25:00,64.29,58.80
14:25:00,64.34,59.49
14:25:00,65.9,55.88
14:25:00,67.4,58.36
14:25:00,68.55,55.17
14:25:00,69.31,59.73
14:25:00,70.9,47.22
14:25:00,71.37,39.83
14:25:00,72.17,32.18
14:25:00,72.21,32.79
14:25:00,73.17,28.93
14:30:00,0.0,45.92
14:30:00,58.8,63.03
14:30:00,61.05,63.04
14:30:00,61.25,67.14
14:30:00,62.47,69.66
14:30:00,64.29,59.45
14:30:00,64.34,59.59
14:30:00,65.9,56.40
14:30:00,67.4,58.80
14:30:00,68.55,55.74
14:30:00,69.31,59.76
14:30:00,70.9,44.95
14:30:00,71.37,38.04
14:30:00,72.17,31.92
14:30:00,72.21,31.32
14:30:00,73.17,29.58
14:35:00,0.0,45.83
14:35:00,58.8,62.67
14:35:00,61.05,63.04
14:35:00,61.25,67.48
14:35:00,62.47,69.26
14:35:00,64.29,59.11
14:35:00,64.34,59.51
14:35:00,65.9,56.60
14:35:00,67.4,58.28
14:35:00,68.55,55.36
14:35:00,69.31,59.83
14:35:00,70.9,45.96
14:35:00,71.37,36.69
14:35:00,72.17,31.35
14:35:00,72.21,30.80
14:35:00,73.17,29.22
14:40:00,0.0,45.90
14:40:00,58.8,63.22
14:40:00,61.05,63.18
14:40:00,61.25,66.67
14:40:00,62.47,70.20
14:40:00,64.29,59.45
14:40:00,64.34,59.19
14:40:00,65.9,56.43
14:40:00,67.4,58.12
14:40:00,68.55,55.77
14:40:00,69.31,60.01
14:40:00,70.9,44.11
14:40:00,71.37,37.24
14:40:00,72.17,31.91
14:40:00,72.21,31.06
14:40:00,73.17,29.16
14:45:00,0.0,45.66
14:45:00,58.8,63.41
14:45:00,61.05,62.29
14:45:00,61.25,67.06
14:45:00,62.47,68.77
14:45:00,64.29,59.42
14:45:00,64.34,59.31
14:45:00,65.9,56.17
14:45:00,67.4,58.15
14:45:00,68.55,55.12
14:45:00,69.31,60.05
14:45:00,70.9,46.26
14:45:00,71.37,38.74
14:45:00,72.17,32.28
14:45:00,72.21,32.08
14:45:00,73.17,29.33
14:50:00,0.0,45.74
14:50:00,58.8,63.36
14:50:00,61.05,62.75
14:50:00,61.25,66.41
14:50:00,62.47,69.79
14:50:00,64.29,58.65
14:50:00,64.34,59.31
14:50:00,65.9,55.96
14:50:00,67.4,58.69
14:50:00,68.55,55.93
14:50:00,69.31,60.21
14:50:00,70.9,48.87
14:50:00,71.37,40.82
14:50:00,72.17,33.32
14:50:00,72.21,31.11
14:50:00,73.17,29.01
14:55:00,0.0,45.60
14:55:00,58.8,63.13
14:55:00,61.05,62.49
14:55:00,61.25,67.57
14:55:00,62.47,69.49
14:55:00,64.29,59.61
14:55:00,64.34,59.76
14:55:00,65.9,56.48
14:55:00,67.4,58.76
14:55:00,68.55,55.75
14:55:00,69.31,60.11
14:55:00,70.9,51.71
14:55:00,71.37,43.04
14:55:00,72.17,34.09
14:55:00,72.21,33.14
14:55:00,73.17,30.18
15:00:00,0.0,45.85
15:00:00,58.8,62.98
15:00:00,61.05,62.35
15:00:00,61.25,66.48
15:00:00,62.47,69.92
15:00:00,64.29,59.17
15:00:00,64.34,59.75
15:00:00,65.9,57.03
15:00:00,67.4,59.16
15:00:00,68.55,56.21
15:00:00,69.31,60.27
15:00:00,70.9,55.01
15:00:00,71.37,44.93
15:00:00,72.17,35.63
15:00:00,72.21,35.15
15:00:00,73.17,29.89
15:05:00,0.0,45.86
15:05:00,58.8,63.00
15:05:00,61.05,63.10
15:05:00,61.25,65.54
15:05:00,62.47,68.79
15:05:00,64.29,58.54
15:05:00,64.34,59.36
15:05:00,65.9,57.16
15:05:00,67.4,59.93
15:05:00,68.55,56.21
15:05:00,69.31,59.94
15:05:00,70.9,54.64
15:05:00,71.37,47.78
15:05:00,72.17,36.21
15:05:00,72.21,37.91
15:05:00,73.17,29.91
15:10:00,0.0,45.64
15:10:00,58.8,62.83
15:10:00,61.05,63.00
15:10:00,61.25,66.17
15:10:00,62.47,69.41
15:10:00,64.29,59.16
15:10:00,64.34,59.17
15:10:00,65.9,56.21
15:10:00,67.4,59.54
15:10:00,68.55,55.77
15:10:00,69.31,59.77
15:10:00,70.9,53.78
15:10:00,71.37,47.67
15:10:00,72.17,37.63
15:10:00,72.21,39.71
15:10:00,73.17,29.82
15:15:00,0.0,45.52
15:15:00,58.8,63.36
15:15:00,61.05,63.11
15:15:00,61.25,65.93
15:15:00,62.47,69.21
15:15:00,64.29,58.97
15:15:00,64.34,59.19
15:15:00,65.9,56.36
15:15:00,67.4,59.35
15:15:00,68.55,55.74
15:15:00,69.31,59.75
15:15:00,70.9,52.97
15:15:00,71.37,47.56
15:15:00,72.17,36.12
15:15:00,72.21,39.64
15:15:00,73.17,30.21
15:20:00,0.0,45.43
15:20:00,58.8,62.97
15:20:00,61.05,62.66
15:20:00,61.25,65.89
15:20:00,62.47,69.94
15:20:00,64.29,59.32
15:20:00,64.34,59.57
15:20:00,65.9,56.63
15:20:00,67.4,59.72
15:20:00,68.55,55.97
15:20:00,69.31,59.65
15:20:00,70.9,52.33
15:20:00,71.37,45.60
15:20:00,72.17,36.87
15:20:00,72.21,40.88
15:20:00,73.17,31.04
15:25:00,0.0,45.84
15:25:00,58.8,62.90
15:25:00,61.05,62.32
15:25:00,61.25,66.05
15:25:00,62.47,69.60
15:25:00,64.29,59.26
15:25:00,64.34,59.45
15:25:00,65.9,57.26
15:25:00,67.4,59.90
15:25:00,68.55,55.83
15:25:00,69.31,59.59
15:25:00,70.9,49.16
15:25:00,71.37,44.63
15:25:00,72.17,36.74
15:25:00,72.21,38.48
15:25:00,73.17,30.63
15:30:00,0.0,45.39
15:30:00,58.8,62.83
15:30:00,61.05,61.62
15:30:00,61.25,65.52
15:30:00,62.47,68.88
15:30:00,64.29,59.36
15:30:00,64.34,59.42
15:30:00,65.9,57.02
15:30:00,67.4,59.46
15:30:00,68.55,55.35
15:30:00,69.31,59.55
15:30:00,70.9,51.12
15:30:00,71.37,45.34
15:30:00,72.17,37.21
15:30:00,72.21,40.75
15:30:00,73.17,30.87
15:35:00,0.0,45.58
15:35:00,58.8,62.76
15:35:00,61.05,62.13
15:35:00,61.25,65.36
15:35:00,62.47,69.18
15:35:00,64.29,59.23
15:35:00,64.34,59.25
15:35:00,65.9,57.12
15:35:00,67.4,59.17
15:35:00,68.55,56.03
15:35:00,69.31,59.62
15:35:00,70.9,51.93
15:35:00,71.37,43.95
15:35:00,72.17,36.81
15:35:00,72.21,38.74
15:35:00,73.17,32.34
15:40:00,0.0,45.75
15:40:00,58.8,62.55
15:40:00,61.05,62.30
15:40:00,61.25,65.20
15:40:00,62.47,69.60
15:40:00,64.29,58.56
15:40:00,64.34,58.89
15:40:00,65.9,56.68
15:40:00,67.4,58.87
15:40:00,68.55,56.12
15:40:00,69.31,59.50
15:40:00,70.9,51.05
15:40:00,71.37,43.80
15:40:00,72.17,36.94
15:40:00,72.21,37.25
15:40:00,73.17,31.67
15:45:00,0.0,45.32
15:45:00,58.8,63.13
15:45:00,61.05,61.97
15:45:00,61.25,66.12
15:45:00,62.47,69.33
15:45:00,64.29,59.36
15:45:00,64.34,59.05
15:45:00,65.9,56.81
15:45:00,67.4,58.56
15:45:00,68.55,55.56
15:45:00,69.31,59.64
15:45:00,70.9,51.43
15:45:00,71.37,43.38
15:45:00,72.17,37.12
15:45:00,72.21,36.88
15:45:00,73.17,31.55
15:50:00,0.0,45.59
15:50:00,58.8,62.85
15:50:00,61.05,61.53
15:50:00,61.25,66.17
15:50:00,62.47,70.18
15:50:00,64.29,59.70
15:50:00,64.34,59.23
15:50:00,65.9,56.86
15:50:00,67.4,58.94
15:50:00,68.55,55.74
15:50:00,69.31,59.52
15:50:00,70.9,49.81
15:50:00,71.37,42.94
15:50:00,72.17,37.29
15:50:00,72.21,36.82
15:50:00,73.17,30.69
15:55:00,0.0,45.69
15:55:00,58.8,63.17
15:55:00,61.05,62.45
15:55:00,61.25,66.09
15:55:00,62.47,69.38
15:55:00,64.29,59.44
15:55:00,64.34,59.27
15:55:00,65.9,56.89
15:55:00,67.4,59.37
15:55:00,68.55,56.35
15:55:00,69.31,60.05
15:55:00,70.9,50.21
15:55:00,71.37,44.92
15:55:00,72.17,37.79
15:55:00,72.21,37.81
15:55:00,73.17,31.17
16:00:00,0.0,45.91
16:00:00,58.8,63.09
16:00:00,61.05,61.46
16:00:00,61.25,65.14
16:00:00,62.47,69.08
16:00:00,64.29,59.20
16:00:00,64.34,59.32
16:00:00,65.9,56.24
16:00:00,67.4,59.37
16:00:00,68.55,56.53
16:00:00,69.31,59.99
16:00:00,70.9,51.86
16:00:00,71.37,45.73
16:00:00,72.17,40.09
16:00:00,72.21,39.38
16:00:00,73.17,31.91
16:05:00,0.0,45.84
16:05:00,58.8,62.63
16:05:00,61.05,61.96
16:05:00,61.25,65.08
16:05:00,62.47,70.15
16:05:00,64.29,59.71
16:05:00,64.34,58.98
16:05:00,65.9,56.33
16:05:00,67.4,59.03
16:05:00,68.55,56.25
16:05:00,69.31,59.77
16:05:00,70.9,51.95
16:05:00,71.37,46.76
16:05:00,72.17,39.92
16:05:00,72.21,40.33
16:05:00,73.17,32.34
16:10:00,0.0,45.88
16:10:00,58.8,62.71
16:10:00,61.05,62.22
16:10:00,61.25,64.82
16:10:00,62.47,69.74
16:10:00,64.29,59.41
16:10:00,64.34,59.30
16:10:00,65.9,56.67
16:10:00,67.4,59.25
16:10:00,68.55,56.26
16:10:00,69.31,59.65
16:10:00,70.9,51.42
16:10:00,71.37,47.53
16:10:00,72.17,39.32
16:10:00,72.21,42.45
16:10:00,73.17,32.64
16:15:00,0.0,45.80
16:15:00,58.8,62.44
16:15:00,61.05,61.03
16:15:00,61.25,64.25
16:15:00,62.47,69.97
16:15:00,64.29,59.53
16:15:00,64.34,59.17
16:15:00,65.9,56.38
16:15:00,67.4,58.78
16:15:00,68.55,55.28
16:15:00,69.31,59.55
16:15:00,70.9,52.40
16:15:00,71.37,47.27
16:15:00,72.17,39.44
16:15:00,72.21,43.45
16:15:00,73.17,32.80
16:20:00,0.0,45.65
16:20:00,58.8,62.40
16:20:00,61.05,60.62
16:20:00,61.25,63.77
16:20:00,62.47,67.85
16:20:00,64.29,58.59
16:20:00,64.34,58.99
16:20:00,65.9,56.57
16:20:00,67.4,58.92
16:20:00,68.55,55.52
16:20:00,69.31,59.10
16:20:00,70.9,51.82
16:20:00,71.37,47.65
16:20:00,72.17,39.35
16:20:00,72.21,42.38
16:20:00,73.17,32.68
16:25:00,0.0,45.72
16:25:00,58.8,61.98
16:25:00,61.05,61.05
16:25:00,61.25,63.39
16:25:00,62.47,67.05
16:25:00,64.29,58.83
16:25:00,64.34,59.23
16:25:00,65.9,56.25
16:25:00,67.4,59.07
16:25:00,68.55,55.31
16:25:00,69.31,59.28
16:25:00,70.9,52.75
16:25:00,71.37,48.46
16:25:00,72.17,38.64
16:25:00,72.21,43.35
16:25:00,73.17,32.33
16:30:00,0.0,45.63
16:30:00,58.8,61.77
16:30:00,61.05,61.18
16:30:00,61.25,61.99
16:30:00,62.47,66.79
16:30:00,64.29,58.92
16:30:00,64.34,59.20
16:30:00,65.9,56.21
16:30:00,67.4,59.44
16:30:00,68.55,55.49
16:30:00,69.31,59.62
16:30:00,70.9,54.20
16:30:00,71.37,47.79
16:30:00,72.17,38.11
16:30:00,72.21,40.17
16:30:00,73.17,31.40
16:35:00,0.0,45.81
16:35:00,58.8,61.50
16:35:00,61.05,60.85
16:35:00,61.25,64.17
16:35:00,62.47,66.73
16:35:00,64.29,58.68
16:35:00,64.34,59.26
16:35:00,65.9,56.40
16:35:00,67.4,59.31
16:35:00,68.55,55.84
16:35:00,69.31,59.61
16:35:00,70.9,52.78
16:35:00,71.37,47.46
16:35:00,72.17,39.24
16:35:00,72.21,41.80
16:35:00,73.17,31.13
16:40:00,0.0,45.98
16:40:00,58.8,61.59
16:40:00,61.05,59.79
16:40:00,61.25,62.16
16:40:00,62.47,66.63
16:40:00,64.29,58.66
16:40:00,64.34,58.95
16:40:00,65.9,56.29
16:40:00,67.4,59.12
16:40:00,68.55,55.97
16:40:00,69.31,59.67
16:40:00,70.9,51.88
16:40:00,71.37,46.94
16:40:00,72.17,39.42
16:40:00,72.21,43.57
16:40:00,73.17,32.03
16:45:00,0.0,46.03
16:45:00,58.8,61.51
16:45:00,61.05,59.87
16:45:00,61.25,62.55
16:45:00,62.47,67.45
16:45:00,64.29,59.04
16:45:00,64.34,58.95
16:45:00,65.9,55.91
16:45:00,67.4,58.44
16:45:00,68.55,55.75
16:45:00,69.31,59.60
16:45:00,70.9,52.23
16:45:00,71.37,46.26
16:45:00,72.17,39.62
16:45:00,72.21,42.88
16:45:00,73.17,32.72
16:50:00,0.0,45.79
16:50:00,58.8,61.38
16:50:00,61.05,59.74
16:50:00,61.25,62.68
16:50:00,62.47,68.08
16:50:00,64.29,59.43
16:50:00,64.34,58.90
16:50:00,65.9,57.22
16:50:00,67.4,58.68
16:50:00,68.55,55.12
16:50:00,69.31,59.22
16:50:00,70.9,52.25
16:50:00,71.37,46.33
16:50:00,72.17,40.23
16:50:00,72.21,41.65
16:50:00,73.17,33.10
16:55:00,0.0,45.86
16:55:00,58.8,61.50
16:55:00,61.05,58.45
16:55:00,61.25,62.44
16:55:00,62.47,68.55
16:55:00,64.29,59.01
16:55:00,64.34,58.86
16:55:00,65.9,57.79
16:55:00,67.4,59.02
16:55:00,68.55,56.10
16:55:00,69.31,59.49
16:55:00,70.9,54.49
16:55:00,71.37,47.40
16:55:00,72.17,40.82
16:55:00,72.21,39.49
16:55:00,73.17,33.45
17:00:00,0.0,45.80
17:00:00,58.8,60.60
17:00:00,61.05,59.55
17:00:00,61.25,61.60
17:00:00,62.47,68.47
17:00:00,64.29,59.72
17:00:00,64.34,59.08
17:00:00,65.9,57.19
17:00:00,67.4,58.67
17:00:00,68.55,56.25
17:00:00,69.31,59.47
17:00:00,70.9,54.43
17:00:00,71.37,49.31
17:00:00,72.17,43.19
17:00:00,72.21,40.58
17:00:00,73.17,34.03
17:05:00,0.0,45.68
17:05:00,58.8,60.26
17:05:00,61.05,59.28
17:05:00,61.25,62.71
17:05:00,62.47,68.36
17:05:00,64.29,58.45
17:05:00,64.34,58.56
17:05:00,65.9,56.92
17:05:00,67.4,58.66
17:05:00,68.55,55.75
17:05:00,69.31,59.54
17:05:00,70.9,54.27
17:05:00,71.37,49.66
17:05:00,72.17,43.17
17:05:00,72.21,41.35
17:05:00,73.17,34.85
17:10:00,0.0,45.38
17:10:00,58.8,60.19
17:10:00,61.05,58.98
17:10:00,61.25,62.73
17:10:00,62.47,68.47
17:10:00,64.29,59.24
17:10:00,64.34,58.53
17:10:00,65.9,56.95
17:10:00,67.4,58.35
17:10:00,68.55,55.42
17:10:00,69.31,59.11
17:10:00,70.9,53.74
17:10:00,71.37,50.12
17:10:00,72.17,44.07
17:10:00,72.21,39.70
17:10:00,73.17,34.86
17:15:00,0.0,45.39
17:15:00,58.8,60.02
17:15:00,61.05,59.38
17:15:00,61.25,62.72
17:15:00,62.47,69.19
17:15:00,64.29,58.72
17:15:00,64.34,58.42
17:15:00,65.9,57.28
17:15:00,67.4,58.42
17:15:00,68.55,55.66
17:15:00,69.31,59.12
17:15:00,70.9,53.73
17:15:00,71.37,49.27
17:15:00,72.17,43.60
17:15:00,72.21,39.23
17:15:00,73.17,33.81
17:20:00,0.0,45.74
17:20:00,58.8,60.04
17:20:00,61.05,59.40
17:20:00,61.25,61.63
17:20:00,62.47,68.81
17:20:00,64.29,59.29
17:20:00,64.34,58.81
17:20:00,65.9,56.78
17:20:00,67.4,58.39
17:20:00,68.55,55.75
17:20:00,69.31,59.31
17:20:00,70.9,53.53
17:20:00,71.37,48.91
17:20:00,72.17,43.94
17:20:00,72.21,38.38
17:20:00,73.17,33.70
17:25:00,0.0,45.32
17:25:00,58.8,60.58
17:25:00,61.05,58.75
17:25:00,61.25,61.87
17:25:00,62.47,68.66
17:25:00,64.29,59.23
17:25:00,64.34,58.54
17:25:00,65.9,57.23
17:25:00,67.4,58.98
17:25:00,68.55,55.99
17:25:00,69.31,59.30
17:25:00,70.9,54.18
17:25:00,71.37,48.36
17:25:00,72.17,44.70
17:25:00,72.21,41.09
17:25:00,73.17,34.41
17:30:00,0.0,45.49
17:30:00,58.8,61.02
17:30:00,61.05,59.16
17:30:00,61.25,62.70
17:30:00,62.47,68.40
17:30:00,64.29,58.82
17:30:00,64.34,58.54
17:30:00,65.9,57.05
17:30:00,67.4,59.07
17:30:00,68.55,56.10
17:30:00,69.31,59.08
17:30:00,70.9,53.69
17:30:00,71.37,48.97
17:30:00,72.17,45.01
17:30:00,72.21,40.28
17:30:00,73.17,36.20
17:35:00,0.0,45.32
17:35:00,58.8,61.50
17:35:00,61.05,58.30
17:35:00,61.25,64.10
17:35:00,62.47,68.23
17:35:00,64.29,58.67
17:35:00,64.34,58.45
17:35:00,65.9,57.06
17:35:00,67.4,59.42
17:35:00,68.55,55.96
17:35:00,69.31,59.00
17:35:00,70.9,54.15
17:35:00,71.37,49.23
17:35:00,72.17,45.85
17:35:00,72.21,40.79
17:35:00,73.17,37.20
17:40:00,0.0,45.34
17:40:00,58.8,61.94
17:40:00,61.05,58.86
17:40:00,61.25,63.71
17:40:00,62.47,68.39
17:40:00,64.29,59.29
17:40:00,64.34,58.24
17:40:00,65.9,57.21
17:40:00,67.4,59.22
17:40:00,68.55,55.49
17:40:00,69.31,58.87
17:40:00,70.9,54.35
17:40:00,71.37,49.91
17:40:00,72.17,45.72
17:40:00,72.21,39.85
17:40:00,73.17,37.43
17:45:00,0.0,45.38
17:45:00,58.8,61.98
17:45:00,61.05,60.16
17:45:00,61.25,63.67
17:45:00,62.47,68.42
17:45:00,64.29,58.92
17:45:00,64.34,58.63
17:45:00,65.9,57.17
17:45:00,67.4,59.27
17:45:00,68.55,56.14
17:45:00,69.31,58.86
17:45:00,70.9,53.73
17:45:00,71.37,50.48
17:45:00,72.17,45.67
17:45:00,72.21,39.64
17:45:00,73.17,38.77
17:50:00,0.0,45.67
17:50:00,58.8,62.77
17:50:00,61.05,60.50
17:50:00,61.25,63.34
17:50:00,62.47,68.12
17:50:00,64.29,58.87
17:50:00,64.34,58.77
17:50:00,65.9,57.66
17:50:00,67.4,59.40
17:50:00,68.55,56.44
17:50:00,69.31,59.13
17:50:00,70.9,55.79
17:50:00,71.37,51.41
17:50:00,72.17,45.53
17:50:00,72.21,39.98
17:50:00,73.17,38.16
17:55:00,0.0,45.83
17:55:00,58.8,62.71
17:55:00,61.05,60.78
17:55:00,61.25,64.00
17:55:00,62.47,68.00
17:55:00,64.29,59.50
17:55:00,64.34,58.64
17:55:00,65.9,57.41
17:55:00,67.4,59.65
17:55:00,68.55,56.47
17:55:00,69.31,59.12
17:55:00,70.9,55.84
17:55:00,71.37,51.73
17:55:00,72.17,46.79
17:55:00,72.21,41.44
17:55:00,73.17,38.61
18:00:00,0.0,45.30
18:00:00,58.8,63.06
18:00:00,61.05,59.82
18:00:00,61.25,65.58
18:00:00,62.47,68.79
18:00:00,64.29,59.48
18:00:00,64.34,58.66
18:00:00,65.9,57.97
18:00:00,67.4,59.70
18:00:00,68.55,56.56
18:00:00,69.31,59.38
18:00:00,70.9,55.86
18:00:00,71.37,52.18
18:00:00,72.17,46.76
18:00:00,72.21,40.77
18:00:00,73.17,40.28
18:05:00,0.0,45.51
18:05:00,58.8,62.66
18:05:00,61.05,59.38
18:05:00,61.25,65.36
18:05:00,62.47,67.99
18:05:00,64.29,59.34
18:05:00,64.34,58.95
18:05:00,65.9,57.91
18:05:00,67.4,59.52
18:05:00,68.55,56.50
18:05:00,69.31,59.10
18:05:00,70.9,55.56
18:05:00,71.37,51.95
18:05:00,72.17,47.21
18:05:00,72.21,40.35
18:05:00,73.17,41.55
18:10:00,0.0,45.39
18:10:00,58.8,62.72
18:10:00,61.05,59.83
18:10:00,61.25,63.61
18:10:00,62.47,67.80
18:10:00,64.29,59.25
18:10:00,64.34,58.23
18:10:00,65.9,57.65
18:10:00,67.4,59.61
18:10:00,68.55,56.26
18:10:00,69.31,58.88
18:10:00,70.9,54.76
18:10:00,71.37,51.36
18:10:00,72.17,49.18
18:10:00,72.21,42.04
18:10:00,73.17,42.85
18:15:00,0.0,45.59
18:15:00,58.8,62.67
18:15:00,61.05,60.66
18:15:00,61.25,64.63
18:15:00,62.47,67.44
18:15:00,64.29,59.15
18:15:00,64.34,58.44
18:15:00,65.9,57.58
18:15:00,67.4,59.73
18:15:00,68.55,56.08
18:15:00,69.31,58.35
18:15:00,70.9,54.18
18:15:00,71.37,51.72
18:15:00,72.17,49.14
18:15:00,72.21,45.05
18:15:00,73.17,43.22
18:20:00,0.0,45.25
18:20:00,58.8,62.97
18:20:00,61.05,60.40
18:20:00,61.25,65.13
18:20:00,62.47,67.61
18:20:00,64.29,58.94
18:20:00,64.34,58.62
18:20:00,65.9,57.73
18:20:00,67.4,59.66
18:20:00,68.55,56.13
18:20:00,69.31,57.88
18:20:00,70.9,54.59
18:20:00,71.37,51.52
18:20:00,72.17,48.56
18:20:00,72.21,44.64
18:20:00,73.17,43.48
18:25:00,0.0,45.62
18:25:00,58.8,62.36
18:25:00,61.05,60.71
18:25:00,61.25,65.03
18:25:00,62.47,68.22
18:25:00,64.29,58.98
18:25:00,64.34,58.47
18:25:00,65.9,57.90
18:25:00,67.4,59.69
18:25:00,68.55,56.49
18:25:00,69.31,57.98
18:25:00,70.9,54.72
18:25:00,71.37,52.11
18:25:00,72.17,48.73
18:25:00,72.21,44.78
18:25:00,73.17,43.03
18:30:00,0.0,45.59
18:30:00,58.8,62.12
18:30:00,61.05,61.39
18:30:00,61.25,65.56
18:30:00,62.47,67.87
18:30:00,64.29,59.13
18:30:00,64.34,58.84
18:30:00,65.9,57.81
18:30:00,67.4,59.62
18:30:00,68.55,55.90
18:30:00,69.31,58.26
18:30:00,70.9,55.63
18:30:00,71.37,52.51
18:30:00,72.17,48.30
18:30:00,72.21,44.57
18:30:00,73.17,44.49
18:35:00,0.0,45.75
18:35:00,58.8,62.38
18:35:00,61.05,61.39
18:35:00,61.25,65.41
18:35:00,62.47,69.25
18:35:00,64.29,59.27
18:35:00,64.34,58.88
18:35:00,65.9,57.99
18:35:00,67.4,59.82
18:35:00,68.55,56.94
18:35:00,69.31,58.92
18:35:00,70.9,55.38
18:35:00,71.37,52.80
18:35:00,72.17,49.00
18:35:00,72.21,46.75
18:35:00,73.17,44.06
18:40:00,0.0,45.81
18:40:00,58.8,63.08
18:40:00,61.05,61.07
18:40:00,61.25,65.85
18:40:00,62.47,67.75
18:40:00,64.29,59.82
18:40:00,64.34,58.85
18:40:00,65.9,58.09
18:40:00,67.4,59.75
18:40:00,68.55,56.72
18:40:00,69.31,59.14
18:40:00,70.9,55.21
18:40:00,71.37,52.74
18:40:00,72.17,49.64
18:40:00,72.21,47.56
18:40:00,73.17,44.61
18:45:00,0.0,45.68
18:45:00,58.8,62.19
18:45:00,61.05,61.47
18:45:00,61.25,66.36
18:45:00,62.47,68.25
18:45:00,64.29,59.62
18:45:00,64.34,59.23
18:45:00,65.9,58.60
18:45:00,67.4,60.01
18:45:00,68.55,57.06
18:45:00,69.31,59.12
18:45:00,70.9,54.95
18:45:00,71.37,53.10
18:45:00,72.17,50.77
18:45:00,72.21,48.28
18:45:00,73.17,46.15
18:50:00,0.0,45.81
18:50:00,58.8,62.27
18:50:00,61.05,61.53
18:50:00,61.25,65.83
18:50:00,62.47,67.88
18:50:00,64.29,59.22
18:50:00,64.34,58.77
18:50:00,65.9,59.30
18:50:00,67.4,60.19
18:50:00,68.55,56.91
18:50:00,69.31,59.66
18:50:00,70.9,55.49
18:50:00,71.37,53.48
18:50:00,72.17,51.00
18:50:00,72.21,49.61
18:50:00,73.17,47.42
18:55:00,0.0,46.19
18:55:00,58.8,62.79
18:55:00,61.05,61.09
18:55:00,61.25,65.63
18:55:00,62.47,67.12
18:55:00,64.29,59.44
18:55:00,64.34,59.00
18:55:00,65.9,58.86
18:55:00,67.4,60.29
18:55:00,68.55,57.29
18:55:00,69.31,59.84
18:55:00,70.9,56.11
18:55:00,71.37,53.52
18:55:00,72.17,52.65
18:55:00,72.21,48.96
18:55:00,73.17,48.21
19:00:00,0.0,45.66
19:00:00,58.8,63.30
19:00:00,61.05,61.90
19:00:00,61.25,66.08
19:00:00,62.47,67.91
19:00:00,64.29,59.86
19:00:00,64.34,58.84
19:00:00,65.9,58.55
19:00:00,67.4,60.06
19:00:00,68.55,57.35
19:00:00,69.31,59.42
19:00:00,70.9,56.24
19:00:00,71.37,53.85
19:00:00,72.17,53.27
19:00:00,72.21,45.70
19:00:00,73.17,49.32
19:05:00,0.0,45.63
19:05:00,58.8,62.83
19:05:00,61.05,61.24
19:05:00,61.25,65.61
19:05:00,62.47,67.54
19:05:00,64.29,59.94
19:05:00,64.34,58.92
19:05:00,65.9,58.37
19:05:00,67.4,60.27
19:05:00,68.55,57.56
19:05:00,69.31,59.74
19:05:00,70.9,56.30
19:05:00,71.37,53.75
19:05:00,72.17,52.76
19:05:00,72.21,44.80
19:05:00,73.17,51.76
19:10:00,0.0,45.91
19:10:00,58.8,62.44
19:10:00,61.05,61.78
19:10:00,61.25,66.41
19:10:00,62.47,68.73
19:10:00,64.29,59.55
19:10:00,64.34,58.57
19:10:00,65.9,58.32
19:10:00,67.4,59.60
19:10:00,68.55,57.14
19:10:00,69.31,59.54
19:10:00,70.9,55.98
19:10:00,71.37,53.93
19:10:00,72.17,53.17
19:10:00,72.21,44.92
19:10:00,73.17,52.68
19:15:00,0.0,45.70
19:15:00,58.8,62.43
19:15:00,61.05,61.33
19:15:00,61.25,67.21
19:15:00,62.47,68.10
19:15:00,64.29,59.42
19:15:00,64.34,58.52
19:15:00,65.9,58.08
19:15:00,67.4,59.17
19:15:00,68.55,57.32
19:15:00,69.31,59.64
19:15:00,70.9,55.70
19:15:00,71.37,52.90
19:15:00,72.17,52.55
19:15:00,72.21,45.34
19:15:00,73.17,52.78
19:20:00,0.0,45.93
19:20:00,58.8,62.68
19:20:00,61.05,62.82
19:20:00,61.25,66.97
19:20:00,62.47,67.62
19:20:00,64.29,59.62
19:20:00,64.34,58.67
19:20:00,65.9,57.90
19:20:00,67.4,59.76
19:20:00,68.55,57.32
19:20:00,69.31,59.47
19:20:00,70.9,54.82
19:20:00,71.37,52.54
19:20:00,72.17,52.54
19:20:00,72.21,45.21
19:20:00,73.17,51.67
19:25:00,0.0,45.73
19:25:00,58.8,63.24
19:25:00,61.05,63.05
19:25:00,61.25,67.15
19:25:00,62.47,68.51
19:25:00,64.29,59.73
19:25:00,64.34,59.23
19:25:00,65.9,58.47
19:25:00,67.4,59.67
19:25:00,68.55,57.43
19:25:00,69.31,59.67
19:25:00,70.9,54.40
19:25:00,71.37,52.38
19:25:00,72.17,53.13
19:25:00,72.21,45.65
19:25:00,73.17,51.64
19:30:00,0.0,45.82
19:30:00,58.8,62.45
19:30:00,61.05,63.14
19:30:00,61.25,66.96
19:30:00,62.47,67.74
19:30:00,64.29,59.64
19:30:00,64.34,58.96
19:30:00,65.9,58.12
19:30:00,67.4,60.19
19:30:00,68.55,57.57
19:30:00,69.31,59.78
19:30:00,70.9,54.80
19:30:00,71.37,52.35
19:30:00,72.17,53.73
19:30:00,72.21,44.73
19:30:00,73.17,51.98
19:35:00,0.0,45.90
19:35:00,58.8,62.31
19:35:00,61.05,63.13
19:35:00,61.25,66.82
19:35:00,62.47,69.34
19:35:00,64.29,59.84
19:35:00,64.34,58.56
19:35:00,65.9,58.02
19:35:00,67.4,60.18
19:35:00,68.55,57.80
19:35:00,69.31,59.89
19:35:00,70.9,54.50
19:35:00,71.37,52.29
19:35:00,72.17,53.04
19:35:00,72.21,45.02
19:35:00,73.17,52.14
19:40:00,0.0,46.03
19:40:00,58.8,61.01
19:40:00,61.05,63.04
19:40:00,61.25,66.70
19:40:00,62.47,68.49
19:40:00,64.29,59.83
19:40:00,64.34,58.74
19:40:00,65.9,58.51
19:40:00,67.4,60.25
19:40:00,68.55,57.81
19:40:00,69.31,59.55
19:40:00,70.9,54.48
19:40:00,71.37,52.34
19:40:00,72.17,53.20
19:40:00,72.21,44.05
19:40:00,73.17,52.52
19:45:00,0.0,45.86
19:45:00,58.8,61.84
19:45:00,61.05,63.20
19:45:00,61.25,67.76
19:45:00,62.47,67.39
19:45:00,64.29,59.27
19:45:00,64.34,58.59
19:45:00,65.9,58.22
19:45:00,67.4,59.99
19:45:00,68.55,57.55
19:45:00,69.31,59.50
19:45:00,70.9,54.34
19:45:00,71.37,52.64
19:45:00,72.17,52.83
19:45:00,72.21,44.07
19:45:00,73.17,53.13
19:50:00,0.0,45.53
19:50:00,58.8,61.00
19:50:00,61.05,63.28
19:50:00,61.25,67.86
19:50:00,62.47,69.21
19:50:00,64.29,59.63
19:50:00,64.34,58.62
19:50:00,65.9,58.37
19:50:00,67.4,59.90
19:50:00,68.55,57.14
19:50:00,69.31,59.42
19:50:00,70.9,54.81
19:50:00,71.37,53.22
19:50:00,72.17,53.26
19:50:00,72.21,44.94
19:50:00,73.17,54.12
19:55:00,0.0,46.05
19:55:00,58.8,61.33
19:55:00,61.05,63.17
19:55:00,61.25,67.49
19:55:00,62.47,68.96
19:55:00,64.29,59.69
19:55:00,64.34,58.31
19:55:00,65.9,58.30
19:55:00,67.4,59.80
19:55:00,68.55,57.56
19:55:00,69.31,59.57
19:55:00,70.9,54.46
19:55:00,71.37,53.58
19:55:00,72.17,53.81
19:55:00,72.21,44.15
19:55:00,73.17,54.67
20:00:00,0.0,45.71
20:00:00,58.8,60.73
20:00:00,61.05,63.13
20:00:00,61.25,67.83
20:00:00,62.47,68.73
20:00:00,64.29,59.31
20:00:00,64.34,58.50
20:00:00,65.9,58.23
20:00:00,67.4,59.80
20:00:00,68.55,57.59
20:00:00,69.31,59.61
20:00:00,70.9,54.56
20:00:00,71.37,53.52
20:00:00,72.17,53.75
20:00:00,72.21,44.41
20:00:00,73.17,54.84
20:05:00,0.0,45.94
20:05:00,58.8,61.69
20:05:00,61.05,62.89
20:05:00,61.25,68.06
20:05:00,62.47,68.41
20:05:00,64.29,59.15
20:05:00,64.34,58.41
20:05:00,65.9,58.23
20:05:00,67.4,59.86
20:05:00,68.55,57.46
20:05:00,69.31,59.61
20:05:00,70.9,55.29
20:05:00,71.37,52.82
20:05:00,72.17,53.32
20:05:00,72.21,43.90
20:05:00,73.17,54.57
20:10:00,0.0,45.26
20:10:00,58.8,62.32
20:10:00,61.05,63.10
20:10:00,61.25,67.51
20:10:00,62.47,67.63
20:10:00,64.29,58.98
20:10:00,64.34,58.44
20:10:00,65.9,58.06
20:10:00,67.4,60.17
20:10:00,68.55,56.87
20:10:00,69.31,59.19
20:10:00,70.9,55.28
20:10:00,71.37,53.13
20:10:00,72.17,53.59
20:10:00,72.21,44.27
20:10:00,73.17,54.06
20:15:00,0.0,45.72
20:15:00,58.8,62.10
20:15:00,61.05,62.37
20:15:00,61.25,67.17
20:15:00,62.47,67.96
20:15:00,64.29,58.84
20:15:00,64.34,58.13
20:15:00,65.9,58.18
20:15:00,67.4,59.73
20:15:00,68.55,56.95
20:15:00,69.31,59.27
20:15:00,70.9,55.01
20:15:00,71.37,53.97
20:15:00,72.17,54.45
20:15:00,72.21,47.60
20:15:00,73.17,54.62
20:20:00,0.0,45.37
20:20:00,58.8,63.03
20:20:00,61.05,62.28
20:20:00,61.25,67.64
20:20:00,62.47,67.77
20:20:00,64.29,59.41
20:20:00,64.34,58.30
20:20:00,65.9,58.35
20:20:00,67.4,59.67
20:20:00,68.55,57.24
20:20:00,69.31,59.27
20:20:00,70.9,54.68
20:20:00,71.37,54.09
20:20:00,72.17,54.83
20:20:00,72.21,48.41
20:20:00,73.17,54.70
20:25:00,0.0,45.31
20:25:00,58.8,63.21
20:25:00,61.05,62.54
20:25:00,61.25,68.41
20:25:00,62.47,68.43
20:25:00,64.29,59.13
20:25:00,64.34,58.33
20:25:00,65.9,58.10
20:25:00,67.4,60.12
20:25:00,68.55,57.39
20:25:00,69.31,59.45
20:25:00,70.9,54.91
20:25:00,71.37,54.26
20:25:00,72.17,54.37
20:25:00,72.21,50.10
20:25:00,73.17,55.50
20:30:00,0.0,45.53
20:30:00,58.8,62.77
20:30:00,61.05,62.43
20:30:00,61.25,67.62
20:30:00,62.47,68.20
20:30:00,64.29,59.29
20:30:00,64.34,58.04
20:30:00,65.9,58.51
20:30:00,67.4,59.92
20:30:00,68.55,57.27
20:30:00,69.31,59.23
20:30:00,70.9,55.32
20:30:00,71.37,54.51
20:30:00,72.17,54.59
20:30:00,72.21,50.67
20:30:00,73.17,56.02
20:35:00,0.0,45.52
20:35:00,58.8,62.11
20:35:00,61.05,62.42
20:35:00,61.25,67.67
20:35:00,62.47,67.67
20:35:00,64.29,59.41
20:35:00,64.34,58.14
20:35:00,65.9,58.43
20:35:00,67.4,60.21
20:35:00,68.55,57.46
20:35:00,69.31,59.51
20:35:00,70.9,54.98
20:35:00,71.37,54.56
20:35:00,72.17,54.78
20:35:00,72.21,48.71
20:35:00,73.17,56.18
20:40:00,0.0,45.38
20:40:00,58.8,62.29
20:40:00,61.05,62.85
20:40:00,61.25,67.04
20:40:00,62.47,67.76
20:40:00,64.29,59.54
20:40:00,64.34,58.34
20:40:00,65.9,58.39
20:40:00,67.4,59.79
20:40:00,68.55,57.24
20:40:00,69.31,59.42
20:40:00,70.9,55.29
20:40:00,71.37,54.67
20:40:00,72.17,54.82
20:40:00,72.21,47.11
20:40:00,73.17,56.90
20:45:00,0.0,45.15
20:45:00,58.8,61.71
20:45:00,61.05,62.47
20:45:00,61.25,67.41
20:45:00,62.47,66.96
20:45:00,64.29,59.67
20:45:00,64.34,58.43
20:45:00,65.9,57.50
20:45:00,67.4,60.16
20:45:00,68.55,57.34
20:45:00,69.31,59.39
20:45:00,70.9,55.26
20:45:00,71.37,54.53
20:45:00,72.17,54.52
20:45:00,72.21,46.25
20:45:00,73.17,56.85
20:50:00,0.0,45.02
20:50:00,58.8,61.36
20:50:00,61.05,62.53
20:50:00,61.25,67.26
20:50:00,62.47,68.23
20:50:00,64.29,59.71
20:50:00,64.34,58.59
20:50:00,65.9,58.17
20:50:00,67.4,59.87
20:50:00,68.55,57.56
20:50:00,69.31,59.48
20:50:00,70.9,55.69
20:50:00,71.37,54.84
20:50:00,72.17,54.29
20:50:00,72.21,47.33
20:50:00,73.17,57.30
20:55:00,0.0,45.24
20:55:00,58.8,61.15
20:55:00,61.05,62.45
20:55:00,61.25,67.76
20:55:00,62.47,68.21
20:55:00,64.29,59.28
20:55:00,64.34,58.49
20:55:00,65.9,58.26
20:55:00,67.4,59.70
20:55:00,68.55,57.76
20:55:00,69.31,59.57
20:55:00,70.9,55.61
20:55:00,71.37,54.97
20:55:00,72.17,54.63
20:55:00,72.21,49.36
20:55:00,73.17,57.48
21:00:00,0.0,45.37
21:00:00,58.8,61.60
21:00:00,61.05,62.81
21:00:00,61.25,67.99
21:00:00,62.47,68.72
21:00:00,64.29,59.54
21:00:00,64.34,57.85
21:00:00,65.9,58.19
21:00:00,67.4,59.80
21:00:00,68.55,57.72
21:00:00,69.31,59.45
21:00:00,70.9,55.55
21:00:00,71.37,55.05
21:00:00,72.17,55.15
21:00:00,72.21,50.21
21:00:00,73.17,57.93
21:05:00,0.0,45.34
21:05:00,58.8,61.03
21:05:00,61.05,62.26
21:05:00,61.25,67.54
21:05:00,62.47,67.14
21:05:00,64.29,58.57
21:05:00,64.34,58.07
21:05:00,65.9,57.81
21:05:00,67.4,60.07
21:05:00,68.55,57.86
21:05:00,69.31,59.55
21:05:00,70.9,55.48
21:05:00,71.37,54.89
21:05:00,72.17,55.53
21:05:00,72.21,51.16
21:05:00,73.17,57.97
21:10:00,0.0,45.11
21:10:00,58.8,62.42
21:10:00,61.05,62.43
21:10:00,61.25,66.70
21:10:00,62.47,68.78
21:10:00,64.29,59.53
21:10:00,64.34,58.04
21:10:00,65.9,58.37
21:10:00,67.4,59.85
21:10:00,68.55,57.41
21:10:00,69.31,59.54
21:10:00,70.9,55.51
21:10:00,71.37,55.18
21:10:00,72.17,55.43
21:10:00,72.21,51.38
21:10:00,73.17,57.72
21:15:00,0.0,45.41
21:15:00,58.8,61.34
21:15:00,61.05,62.22
21:15:00,61.25,66.96
21:15:00,62.47,67.52
21:15:00,64.29,58.90
21:15:00,64.34,58.10
21:15:00,65.9,57.93
21:15:00,67.4,60.00
21:15:00,68.55,57.69
21:15:00,69.31,59.57
21:15:00,70.9,55.52
21:15:00,71.37,55.16
21:15:00,72.17,55.82
21:15:00,72.21,51.42
21:15:00,73.17,57.95
21:20:00,0.0,45.32
21:20:00,58.8,61.37
21:20:00,61.05,62.78
21:20:00,61.25,67.73
21:20:00,62.47,68.32
21:20:00,64.29,58.67
21:20:00,64.34,57.61
21:20:00,65.9,57.89
21:20:00,67.4,59.96
21:20:00,68.55,57.34
21:20:00,69.31,59.34
21:20:00,70.9,55.37
21:20:00,71.37,54.76
21:20:00,72.17,56.15
21:20:00,72.21,51.61
21:20:00,73.17,57.85
21:25:00,0.0,45.46
21:25:00,58.8,61.44
21:25:00,61.05,62.46
21:25:00,61.25,67.54
21:25:00,62.47,66.58
21:25:00,64.29,58.83
21:25:00,64.34,57.80
21:25:00,65.9,57.54
21:25:00,67.4,59.65
21:25:00,68.55,57.43
21:25:00,69.31,59.54
21:25:00,70.9,55.28
21:25:00,71.37,55.14
21:25:00,72.17,56.26
21:25:00,72.21,51.68
21:25:00,73.17,57.86
21:30:00,0.0,45.38
21:30:00,58.8,60.61
21:30:00,61.05,61.87
21:30:00,61.25,66.55
21:30:00,62.47,67.74
21:30:00,64.29,59.02
21:30:00,64.34,58.01
21:30:00,65.9,58.23
21:30:00,67.4,60.12
21:30:00,68.55,57.71
21:30:00,69.31,59.29
21:30:00,70.9,54.98
21:30:00,71.37,54.94
21:30:00,72.17,56.35
21:30:00,72.21,51.52
21:30:00,73.17,57.61
21:35:00,0.0,45.08
21:35:00,58.8,60.07
21:35:00,61.05,61.45
21:35:00,61.25,67.20
21:35:00,62.47,66.04
21:35:00,64.29,58.43
21:35:00,64.34,58.03
21:35:00,65.9,57.48
21:35:00,67.4,59.93
21:35:00,68.55,57.52
21:35:00,69.31,59.24
21:35:00,70.9,55.32
21:35:00,71.37,55.55
21:35:00,72.17,56.43
21:35:00,72.21,52.02
21:35:00,73.17,57.97
21:40:00,0.0,45.21
21:40:00,58.8,61.37
21:40:00,61.05,61.88
21:40:00,61.25,66.88
21:40:00,62.47,66.77
21:40:00,64.29,58.68
21:40:00,64.34,58.13
21:40:00,65.9,57.67
21:40:00,67.4,59.90
21:40:00,68.55,57.85
21:40:00,69.31,59.44
21:40:00,70.9,55.14
21:40:00,71.37,55.36
21:40:00,72.17,56.65
21:40:00,72.21,51.76
21:40:00,73.17,58.39
21:45:00,0.0,45.05
21:45:00,58.8,60.00
21:45:00,61.05,62.56
21:45:00,61.25,67.55
21:45:00,62.47,68.18
21:45:00,64.29,59.15
21:45:00,64.34,57.81
21:45:00,65.9,58.07
21:45:00,67.4,60.04
21:45:00,68.55,57.94
21:45:00,69.31,59.75
21:45:00,70.9,55.19
21:45:00,71.37,55.21
21:45:00,72.17,56.42
21:45:00,72.21,52.11
21:45:00,73.17,58.21
21:50:00,0.0,45.37
21:50:00,58.8,61.26
21:50:00,61.05,62.09
21:50:00,61.25,67.17
21:50:00,62.47,67.93
21:50:00,64.29,59.26
21:50:00,64.34,57.70
21:50:00,65.9,57.63
21:50:00,67.4,60.12
21:50:00,68.55,57.71
21:50:00,69.31,59.49
21:50:00,70.9,55.39
21:50:00,71.37,55.40
21:50:00,72.17,57.04
21:50:00,72.21,51.97
21:50:00,73.17,58.41
21:55:00,0.0,45.36
21:55:00,58.8,60.17
21:55:00,61.05,62.25
21:55:00,61.25,67.59
21:55:00,62.47,67.28
21:55:00,64.29,59.20
21:55:00,64.34,58.01
21:55:00,65.9,57.41
21:55:00,67.4,60.16
21:55:00,68.55,57.66
21:55:00,69.31,59.19
21:55:00,70.9,55.58
21:55:00,71.37,55.50
21:55:00,72.17,56.98
21:55:00,72.21,52.30
21:55:00,73.17,58.54
22:00:00,0.0,45.12
22:00:00,58.8,60.07
22:00:00,61.05,62.65
22:00:00,61.25,67.13
22:00:00,62.47,67.54
22:00:00,64.29,59.18
22:00:00,64.34,58.17
22:00:00,65.9,58.15
22:00:00,67.4,60.18
22:00:00,68.55,57.96
22:00:00,69.31,59.63
22:00:00,70.9,54.62
22:00:00,71.37,55.24
22:00:00,72.17,57.01
22:00:00,72.21,51.33
22:00:00,73.17,58.36
22:05:00,0.0,45.62
22:05:00,58.8,61.15
22:05:00,61.05,61.97
22:05:00,61.25,67.06
22:05:00,62.47,68.00
22:05:00,64.29,59.63
22:05:00,64.34,58.00
22:05:00,65.9,57.20
22:05:00,67.4,60.10
22:05:00,68.55,57.82
22:05:00,69.31,59.46
22:05:00,70.9,54.93
22:05:00,71.37,55.25
22:05:00,72.17,56.91
22:05:00,72.21,52.16
22:05:00,73.17,58.67
22:10:00,0.0,45.15
22:10:00,58.8,61.16
22:10:00,61.05,62.79
22:10:00,61.25,67.34
22:10:00,62.47,67.44
22:10:00,64.29,59.60
22:10:00,64.34,58.40
22:10:00,65.9,57.43
22:10:00,67.4,60.00
22:10:00,68.55,57.72
22:10:00,69.31,59.70
22:10:00,70.9,55.09
22:10:00,71.37,55.72
22:10:00,72.17,57.20
22:10:00,72.21,52.31
22:10:00,73.17,58.68
22:15:00,0.0,45.35
22:15:00,58.8,59.96
22:15:00,61.05,62.09
22:15:00,61.25,67.27
22:15:00,62.47,67.42
22:15:00,64.29,59.57
22:15:00,64.34,57.71
22:15:00,65.9,57.65
22:15:00,67.4,59.91
22:15:00,68.55,57.96
22:15:00,69.31,59.88
22:15:00,70.9,54.90
22:15:00,71.37,55.81
22:15:00,72.17,57.27
22:15:00,72.21,52.79
22:15:00,73.17,58.77
22:20:00,0.0,45.48
22:20:00,58.8,61.18
22:20:00,61.05,62.52
22:20:00,61.25,67.54
22:20:00,62.47,66.97
22:20:00,64.29,58.99
22:20:00,64.34,58.04
22:20:00,65.9,57.66
22:20:00,67.4,60.31
22:20:00,68.55,58.19
22:20:00,69.31,59.90
22:20:00,70.9,55.27
22:20:00,71.37,55.75
22:20:00,72.17,57.38
22:20:00,72.21,52.65
22:20:00,73.17,58.82
22:25:00,0.0,46.05
22:25:00,58.8,61.48
22:25:00,61.05,62.67
22:25:00,61.25,67.70
22:25:00,62.47,69.86
22:25:00,64.29,59.36
22:25:00,64.34,57.88
22:25:00,65.9,57.25
22:25:00,67.4,59.96
22:25:00,68.55,58.08
22:25:00,69.31,59.72
22:25:00,70.9,55.25
22:25:00,71.37,55.63
22:25:00,72.17,57.35
22:25:00,72.21,53.21
22:25:00,73.17,58.93
22:30:00,0.0,46.27
22:30:00,58.8,60.26
22:30:00,61.05,62.05
22:30:00,61.25,67.37
22:30:00,62.47,67.44
22:30:00,64.29,59.02
22:30:00,64.34,57.72
22:30:00,65.9,56.93
22:30:00,67.4,60.44
22:30:00,68.55,58.59
22:30:00,69.31,59.73
22:30:00,70.9,55.46
22:30:00,71.37,56.18
22:30:00,72.17,57.46
22:30:00,72.21,53.27
22:30:00,73.17,59.24
22:35:00,0.0,46.25
22:35:00,58.8,60.27
22:35:00,61.05,61.71
22:35:00,61.25,65.74
22:35:00,62.47,66.76
22:35:00,64.29,59.42
22:35:00,64.34,57.78
22:35:00,65.9,56.47
22:35:00,67.4,59.90
22:35:00,68.55,58.37
22:35:00,69.31,59.94
22:35:00,70.9,55.37
22:35:00,71.37,56.02
22:35:00,72.17,57.73
22:35:00,72.21,52.75
22:35:00,73.17,59.46
22:40:00,0.0,45.28
22:40:00,58.8,61.78
22:40:00,61.05,62.81
22:40:00,61.25,67.52
22:40:00,62.47,67.40
22:40:00,64.29,59.43
22:40:00,64.34,57.91
22:40:00,65.9,56.47
22:40:00,67.4,59.92
22:40:00,68.55,58.24
22:40:00,69.31,59.64
22:40:00,70.9,55.39
22:40:00,71.37,56.11
22:40:00,72.17,57.75
22:40:00,72.21,52.86
22:40:00,73.17,59.43
22:45:00,0.0,45.59
22:45:00,58.8,60.72
22:45:00,61.05,61.81
22:45:00,61.25,67.35
22:45:00,62.47,68.15
22:45:00,64.29,58.59
22:45:00,64.34,57.84
22:45:00,65.9,56.32
22:45:00,67.4,60.19
22:45:00,68.55,58.22
22:45:00,69.31,59.40
22:45:00,70.9,55.49
22:45:00,71.37,56.50
22:45:00,72.17,57.68
22:45:00,72.21,52.51
22:45:00,73.17,59.33
22:50:00,0.0,45.14
22:50:00,58.8,61.28
22:50:00,61.05,62.21
22:50:00,61.25,67.09
22:50:00,62.47,67.61
22:50:00,64.29,60.07
22:50:00,64.34,57.79
22:50:00,65.9,56.00
22:50:00,67.4,60.11
22:50:00,68.55,58.12
22:50:00,69.31,59.97
22:50:00,70.9,55.32
22:50:00,71.37,56.23
22:50:00,72.17,57.97
22:50:00,72.21,52.79
22:50:00,73.17,59.55
22:55:00,0.0,45.40
22:55:00,58.8,61.44
22:55:00,61.05,62.00
22:55:00,61.25,67.04
22:55:00,62.47,67.04
22:55:00,64.29,58.37
22:55:00,64.34,57.57
22:55:00,65.9,57.52
22:55:00,67.4,59.97
22:55:00,68.55,57.78
22:55:00,69.31,59.25
22:55:00,70.9,55.51
22:55:00,71.37,56.38
22:55:00,72.17,57.83
22:55:00,72.21,52.08
22:55:00,73.17,59.42
23:00:00,0.0,45.61
23:00:00,58.8,60.87
23:00:00,61.05,61.32
23:00:00,61.25,66.68
23:00:00,62.47,67.42
23:00:00,64.29,59.67
23:00:00,64.34,58.41
23:00:00,65.9,56.22
23:00:00,67.4,60.20
23:00:00,68.55,57.67
23:00:00,69.31,59.76
23:00:00,70.9,55.38
23:00:00,71.37,56.40
23:00:00,72.17,58.06
23:00:00,72.21,53.32
23:00:00,73.17,59.61
23:05:00,0.0,45.56
23:05:00,58.8,61.13
23:05:00,61.05,60.89
23:05:00,61.25,66.91
23:05:00,62.47,68.18
23:05:00,64.29,58.57
23:05:00,64.34,58.56
23:05:00,65.9,55.99
23:05:00,67.4,59.93
23:05:00,68.55,57.75
23:05:00,69.31,59.89
23:05:00,70.9,55.41
23:05:00,71.37,56.13
23:05:00,72.17,58.14
23:05:00,72.21,53.70
23:05:00,73.17,59.79
23:10:00,0.0,45.02
23:10:00,58.8,59.79
23:10:00,61.05,61.98
23:10:00,61.25,66.54
23:10:00,62.47,66.54
23:10:00,64.29,59.02
23:10:00,64.34,57.71
23:10:00,65.9,56.86
23:10:00,67.4,59.48
23:10:00,68.55,58.32
23:10:00,69.31,59.49
23:10:00,70.9,55.36
23:10:00,71.37,55.60
23:10:00,72.17,57.56
23:10:00,72.21,51.69
23:10:00,73.17,59.44
23:15:00,0.0,45.58
23:15:00,58.8,60.47
23:15:00,61.05,62.06
23:15:00,61.25,65.61
23:15:00,62.47,66.22
23:15:00,64.29,59.15
23:15:00,64.34,58.01
23:15:00,65.9,56.00
23:15:00,67.4,59.80
23:15:00,68.55,58.01
23:15:00,69.31,59.63
23:15:00,70.9,55.38
23:15:00,71.37,56.29
23:15:00,72.17,57.95
23:15:00,72.21,52.72
23:15:00,73.17,59.63
23:20:00,0.0,45.27
23:20:00,58.8,60.23
23:20:00,61.05,62.03
23:20:00,61.25,65.86
23:20:00,62.47,64.25
23:20:00,64.29,59.59
23:20:00,64.34,58.07
23:20:00,65.9,55.55
23:20:00,67.4,59.74
23:20:00,68.55,57.67
23:20:00,69.31,59.06
23:20:00,70.9,55.57
23:20:00,71.37,55.83
23:20:00,72.17,57.91
23:20:00,72.21,53.58
23:20:00,73.17,59.96
23:25:00,0.0,45.90
23:25:00,58.8,61.08
23:25:00,61.05,62.59
23:25:00,61.25,67.98
23:25:00,62.47,68.34
23:25:00,64.29,58.68
23:25:00,64.34,57.59
23:25:00,65.9,54.71
23:25:00,67.4,59.57
23:25:00,68.55,58.51
23:25:00,69.31,59.10
23:25:00,70.9,55.08
23:25:00,71.37,55.78
23:25:00,72.17,57.61
23:25:00,72.21,52.80
23:25:00,73.17,59.27
23:30:00,0.0,45.79
23:30:00,58.8,61.02
23:30:00,61.05,61.98
23:30:00,61.25,67.63
23:30:00,62.47,63.44
23:30:00,64.29,58.97
23:30:00,64.34,57.53
23:30:00,65.9,54.88
23:30:00,67.4,60.06
23:30:00,68.55,58.56
23:30:00,69.31,59.48
23:30:00,70.9,55.52
23:30:00,71.37,56.11
23:30:00,72.17,57.77
23:30:00,72.21,53.60
23:30:00,73.17,60.03
23:35:00,0.0,45.13
23:35:00,58.8,61.09
23:35:00,61.05,61.74
23:35:00,61.25,65.50
23:35:00,62.47,65.68
23:35:00,64.29,58.71
23:35:00,64.34,57.98
23:35:00,65.9,55.05
23:35:00,67.4,59.69
23:35:00,68.55,57.98
23:35:00,69.31,59.27
23:35:00,70.9,55.17
23:35:00,71.37,55.90
23:35:00,72.17,58.06
23:35:00,72.21,53.43
23:35:00,73.17,59.92
23:40:00,0.0,45.40
23:40:00,58.8,60.48
23:40:00,61.05,62.22
23:40:00,61.25,67.30
23:40:00,62.47,66.77
23:40:00,64.29,58.73
23:40:00,64.34,56.27
23:40:00,65.9,55.52
23:40:00,67.4,59.64
23:40:00,68.55,57.67
23:40:00,69.31,59.13
23:40:00,70.9,54.99
23:40:00,71.37,56.05
23:40:00,72.17,57.79
23:40:00,72.21,52.71
23:40:00,73.17,59.74
23:45:00,0.0,45.44
23:45:00,58.8,58.52
23:45:00,61.05,61.26
23:45:00,61.25,65.87
23:45:00,62.47,67.39
23:45:00,64.29,59.13
23:45:00,64.34,57.02
23:45:00,65.9,55.12
23:45:00,67.4,60.12
23:45:00,68.55,57.98
23:45:00,69.31,59.40
23:45:00,70.9,55.20
23:45:00,71.37,56.34
23:45:00,72.17,58.37
23:45:00,72.21,52.29
23:45:00,73.17,59.88
23:50:00,0.0,45.32
23:50:00,58.8,58.73
23:50:00,61.05,61.38
23:50:00,61.25,65.59
23:50:00,62.47,66.69
23:50:00,64.29,57.81
23:50:00,64.34,57.18
23:50:00,65.9,55.06
23:50:00,67.4,59.72
23:50:00,68.55,57.98
23:50:00,69.31,59.04
23:50:00,70.9,55.31
23:50:00,71.37,56.70
23:50:00,72.17,58.23
23:50:00,72.21,53.91
23:50:00,73.17,59.79
23:55:00,0.0,45.74
23:55:00,58.8,59.66
23:55:00,61.05,61.15
23:55:00,61.25,65.86
23:55:00,62.47,65.22
23:55:00,64.29,59.53
23:55:00,64.34,58.21
23:55:00,65.9,54.02
23:55:00,67.4,59.24
23:55:00,68.55,56.79
23:55:00,69.31,58.77
23:55:00,70.9,55.61
23:55:00,71.37,55.92
23:55:00,72.17,58.07
23:55:00,72.21,49.87
23:55:00,73.17,59.90
